match_id,team1,team2,match_date,venue,toss_winner,toss_decision,team1_elo,team2_elo,elo_difference,team1_form_5,team2_form_5,form_5_difference,team1_form_10,team2_form_10,form_10_difference,team1_win_rate,team2_win_rate,win_rate_difference,team1_run_rate,team2_run_rate,run_rate_difference,boundary_rate_difference,team1_bowling_run_rate,team2_bowling_run_rate,bowling_run_rate_difference,wickets_difference,wickets_per_ball_difference,team1_h2h_win_rate,team2_h2h_win_rate,head_to_head_difference,team1_venue_win_rate,team2_venue_win_rate,venue_advantage,team1_matches,team2_matches,experience_difference,team1_win
335982,Royal Challengers Bangalore,Kolkata Knight Riders,2008-04-18,M Chinnaswamy Stadium,Royal Challengers Bangalore,field,1500.0,1500.0,0.0,0.5,0.5,0.0,0.5,0.5,0.0,0.5,0.5,0.0,0.0,0.0,0.0,0.0,0.0,0.0,0.0,0.0,0.0,0.0,0.0,0.0,0.5,0.5,0.0,0,0,0,0
335983,Kings XI Punjab,Chennai Super Kings,2008-04-19,"Punjab Cricket Association Stadium, Mohali",Chennai Super Kings,bat,1500.0,1500.0,0.0,0.5,0.5,0.0,0.5,0.5,0.0,0.5,0.5,0.0,0.0,0.0,0.0,0.0,0.0,0.0,0.0,0.0,0.0,0.0,0.0,0.0,0.5,0.5,0.0,0,0,0,0
335984,Delhi Daredevils,Rajasthan Royals,2008-04-19,Feroz Shah Kotla,Rajasthan Royals,bat,1500.0,1500.0,0.0,0.5,0.5,0.0,0.5,0.5,0.0,0.5,0.5,0.0,0.0,0.0,0.0,0.0,0.0,0.0,0.0,0.0,0.0,0.0,0.0,0.0,0.5,0.5,0.0,0,0,0,1
335985,Mumbai Indians,Royal Challengers Bangalore,2008-04-20,Wankhede Stadium,Mumbai Indians,bat,1500.0,1490.0,10.0,0.5,0.0,0.5,0.5,0.0,0.5,0.5,0.0,0.5,0.0,4.8713,-4.8713,-0.059406,0.0,10.7419,10.7419,-3.0,-0.024194,0.0,0.0,0.0,0.5,0.5,0.0,0,1,-1,0
335986,Kolkata Knight Riders,Deccan Chargers,2008-04-20,Eden Gardens,Deccan Chargers,bat,1510.0,1500.0,10.0,1.0,0.5,0.5,1.0,0.5,0.5,1.0,0.5,0.5,10.7419,0.0,10.7419,0.233871,4.8713,0.0,-4.8713,10.0,0.09901,0.0,0.0,0.0,0.5,0.5,0.0,1,0,1,1
335987,Rajasthan Royals,Kings XI Punjab,2008-04-21,Sawai Mansingh Stadium,Kings XI Punjab,bat,1490.0,1490.0,0.0,0.0,0.0,0.0,0.0,0.0,0.0,0.0,0.0,0.0,6.3443,10.0161,-3.6719,-0.078398,8.1649,11.6129,3.448,-4.0,-0.030013,0.0,0.0,0.0,0.5,0.5,0.0,1,1,0,1
335988,Deccan Chargers,Delhi Daredevils,2008-04-22,"Rajiv Gandhi International Stadium, Uppal",Deccan Chargers,bat,1490.2877,1510.0,-19.7123,0.0,1.0,-1.0,0.0,1.0,-1.0,0.0,1.0,-1.0,5.5932,8.1649,-2.5717,-0.094181,5.5082,6.3443,0.8361,-3.0,-0.02459,0.0,0.0,0.0,0.5,0.5,0.0,1,1,0,0
335989,Chennai Super Kings,Mumbai Indians,2008-04-23,"MA Chidambaram Stadium, Chepauk",Mumbai Indians,field,1510.0,1489.7123,20.2877,1.0,0.0,1.0,1.0,0.0,1.0,1.0,0.0,1.0,11.6129,8.0488,3.5641,0.103331,10.0161,8.0976,-1.9186,-1.0,-0.008392,0.0,0.0,0.0,0.5,0.5,0.0,1,1,0,1
335990,Deccan Chargers,Rajasthan Royals,2008-04-24,"Rajiv Gandhi International Stadium, Uppal",Rajasthan Royals,field,1480.8545,1500.0,-19.1455,0.0,0.5,-0.5,0.0,0.5,-0.5,0.0,0.5,-0.5,6.3,7.3942,-1.0942,-0.045124,7.4634,8.1644,0.701,-1.5,-0.011828,0.0,0.0,0.0,0.0,0.5,-0.5,2,2,0,0
335991,Kings XI Punjab,Mumbai Indians,2008-04-25,"Punjab Cricket Association Stadium, Mohali",Mumbai Indians,field,1480.0,1480.2955,-0.2955,0.0,0.0,0.0,0.0,0.0,0.0,0.0,0.0,0.0,9.0976,8.7729,0.3247,0.012179,10.0741,8.976,-1.0981,-0.5,-0.002963,0.0,0.0,0.0,0.0,0.5,-0.5,2,2,0,1
335992,Royal Challengers Bangalore,Rajasthan Royals,2008-04-26,M Chinnaswamy Stadium,Rajasthan Royals,field,1500.2877,1509.4495,-9.1618,0.5,0.6667,-0.1667,0.5,0.6667,-0.1667,0.5,0.6667,-0.1667,6.6429,8.4959,-1.853,-0.080566,9.4008,8.9043,-0.4965,0.3333,-9.4e-05,0.0,0.0,0.0,0.0,0.5,-0.5,2,3,-1,0
335993,Chennai Super Kings,Kolkata Knight Riders,2008-04-26,"MA Chidambaram Stadium, Chepauk",Kolkata Knight Riders,bat,1519.4167,1519.7123,-0.2955,1.0,1.0,0.0,1.0,1.0,0.0,1.0,1.0,0.0,10.7092,8.1463,2.5628,0.108477,9.7381,5.2603,-4.4778,-4.5,-0.047673,0.0,0.0,0.0,1.0,0.5,0.5,2,2,0,1
335994,Mumbai Indians,Deccan Chargers,2008-04-27,Dr DY Patil Sports Academy,Deccan Chargers,field,1470.287,1471.405,-1.118,0.0,0.0,0.0,0.0,0.0,0.0,0.0,0.0,0.0,7.687,7.6393,0.0477,0.002935,8.9198,8.6606,-0.2592,2.3333,0.013721,0.0,0.0,0.0,0.5,0.5,0.0,3,3,0,0
335995,Kings XI Punjab,Delhi Daredevils,2008-04-27,"Punjab Cricket Association Stadium, Mohali",Delhi Daredevils,bat,1490.0085,1519.4332,-29.4247,0.3333,1.0,-0.6667,0.3333,1.0,-0.6667,0.3333,1.0,-0.6667,9.0,9.1667,-0.1667,-0.01952,8.5203,6.6639,-1.8564,-2.0,-0.016793,0.0,0.0,0.0,0.5,0.5,0.0,3,2,1,1
335996,Royal Challengers Bangalore,Chennai Super Kings,2008-04-28,M Chinnaswamy Stadium,Chennai Super Kings,bat,1490.5514,1529.4252,-38.8739,0.3333,1.0,-0.6667,0.3333,1.0,-0.6667,0.3333,1.0,-0.6667,6.6034,10.0559,-3.4524,-0.09966,8.9489,8.8254,-0.1235,-2.3333,-0.015978,0.0,0.0,0.0,0.0,0.5,-0.5,3,3,0,0
335997,Kolkata Knight Riders,Mumbai Indians,2008-04-29,Eden Gardens,Kolkata Knight Riders,bat,1509.7038,1460.3192,49.3846,0.6667,0.0,0.6667,0.6667,0.0,0.6667,0.6667,0.0,0.6667,7.7581,7.6135,0.1445,-0.018785,6.3313,9.459,3.1277,2.0,0.020071,0.0,0.0,0.0,1.0,0.5,0.5,3,4,-1,0
335998,Delhi Daredevils,Royal Challengers Bangalore,2008-04-30,Feroz Shah Kotla,Royal Challengers Bangalore,field,1508.5884,1481.6656,26.9227,0.6667,0.25,0.4167,0.6667,0.25,0.4167,0.6667,0.25,0.4167,8.518,6.9661,1.5519,0.059009,7.079,8.88,1.801,2.8333,0.022051,0.0,0.0,0.0,1.0,0.5,0.5,3,4,-1,1
335999,Deccan Chargers,Kings XI Punjab,2008-05-01,"Rajiv Gandhi International Stadium, Uppal",Kings XI Punjab,field,1481.3728,1500.8534,-19.4806,0.25,0.5,-0.25,0.25,0.5,-0.25,0.25,0.5,-0.25,8.4108,8.7262,-0.3153,-0.000366,8.3097,8.2834,-0.0263,-1.5,-0.008384,0.0,0.0,0.0,0.0,0.5,-0.5,4,4,0,0
336000,Rajasthan Royals,Kolkata Knight Riders,2008-05-01,Sawai Mansingh Stadium,Rajasthan Royals,bat,1519.1859,1498.2918,20.894,0.75,0.5,0.25,0.75,0.5,0.25,0.75,0.5,0.25,8.359,7.4608,0.8982,0.058372,8.2772,6.5135,-1.7637,-0.5,-0.007146,0.0,0.0,0.0,1.0,0.5,0.5,4,4,0,1
336001,Chennai Super Kings,Delhi Daredevils,2008-05-02,"MA Chidambaram Stadium, Chepauk",Chennai Super Kings,bat,1538.311,1517.815,20.496,1.0,0.75,0.25,1.0,0.75,0.25,1.0,0.75,0.25,9.7048,8.7681,0.9366,0.023127,8.6175,7.5492,-1.0683,0.75,0.004433,0.0,0.0,0.0,1.0,0.5,0.5,4,4,0,0
336003,Kings XI Punjab,Kolkata Knight Riders,2008-05-03,"Punjab Cricket Association Stadium, Mohali",Kings XI Punjab,bat,1510.2933,1488.8925,21.4008,0.6,0.4,0.2,0.6,0.4,0.2,0.6,0.4,0.2,8.6951,7.454,1.2411,0.054557,8.2403,7.1243,-1.1159,0.6,0.000904,0.0,0.0,0.0,0.6667,0.5,0.1667,5,5,0,1
336034,Royal Challengers Bangalore,Deccan Chargers,2008-05-03,M Chinnaswamy Stadium,Deccan Chargers,field,1472.439,1471.9329,0.506,0.2,0.2,0.0,0.2,0.2,0.0,0.2,0.2,0.0,7.3761,8.3363,-0.9602,-0.044522,8.9849,8.362,-0.6229,0.0,-0.001896,0.0,0.0,0.0,0.0,0.5,-0.5,5,5,0,1
336004,Mumbai Indians,Delhi Daredevils,2008-05-04,Dr DY Patil Sports Academy,Delhi Daredevils,field,1471.7311,1528.4042,-56.6731,0.2,0.8,-0.6,0.2,0.8,-0.6,0.2,0.8,-0.6,7.5,8.7633,-1.2633,-0.028588,8.8333,7.6515,-1.1819,-1.0,-0.005135,0.0,0.0,0.0,0.0,0.5,-0.5,5,5,0,1
336005,Rajasthan Royals,Chennai Super Kings,2008-05-04,Sawai Mansingh Stadium,Chennai Super Kings,bat,1528.5852,1527.7218,0.8634,0.8,0.8,0.0,0.8,0.8,0.0,0.8,0.8,0.0,8.5513,9.3608,-0.8095,-0.005765,8.1015,8.6419,0.5404,0.0,0.002533,0.0,0.0,0.0,1.0,0.5,0.5,5,5,0,1
336006,Royal Challengers Bangalore,Kings XI Punjab,2008-05-05,M Chinnaswamy Stadium,Kings XI Punjab,field,1482.4244,1519.6781,-37.2537,0.4,0.8,-0.4,0.3333,0.6667,-0.3333,0.3333,0.6667,-0.3333,7.4266,8.6694,-1.2428,-0.048989,8.7371,8.252,-0.4851,-1.8333,-0.013867,0.0,0.0,0.0,0.25,0.5,-0.25,6,6,0,0
336007,Chennai Super Kings,Deccan Chargers,2008-05-06,"MA Chidambaram Stadium, Chepauk",Deccan Chargers,field,1517.7466,1461.9475,55.7991,0.6,0.2,0.4,0.6667,0.1667,0.5,0.6667,0.1667,0.5,8.7635,8.1921,0.5713,0.010014,8.4404,8.2402,-0.2002,0.5,0.002823,0.0,0.0,0.0,0.6667,0.5,0.1667,6,6,0,0
336008,Mumbai Indians,Rajasthan Royals,2008-05-07,Dr DY Patil Sports Academy,Mumbai Indians,field,1483.348,1538.5604,-55.2124,0.4,1.0,-0.6,0.3333,0.8333,-0.5,0.3333,0.8333,-0.5,7.5565,8.3547,-0.7982,-0.02832,8.5304,7.6973,-0.8331,-0.6667,-0.004333,0.0,0.0,0.0,0.5,0.5,0.0,6,6,0,1
336009,Delhi Daredevils,Chennai Super Kings,2008-05-08,Feroz Shah Kotla,Chennai Super Kings,field,1516.7874,1506.1543,10.6331,0.6,0.4,0.2,0.6667,0.5714,0.0952,0.6667,0.5714,0.0952,8.4583,8.5006,-0.0423,-0.00529,7.6829,8.3709,0.688,1.5476,0.010707,1.0,0.0,1.0,1.0,0.5,0.5,6,7,-1,0
336010,Kolkata Knight Riders,Royal Challengers Bangalore,2008-05-08,Eden Gardens,Kolkata Knight Riders,bat,1479.5077,1473.4926,6.0151,0.2,0.2,0.0,0.3333,0.2857,0.0476,0.3333,0.2857,0.0476,7.5951,7.256,0.3392,-0.005275,7.3793,8.4258,1.0465,1.4524,0.013687,1.0,0.0,1.0,0.5,0.5,0.0,6,7,-1,1
336011,Rajasthan Royals,Deccan Chargers,2008-05-09,Sawai Mansingh Stadium,Rajasthan Royals,field,1526.9845,1473.5399,53.4446,0.8,0.4,0.4,0.7143,0.2857,0.4286,0.7143,0.2857,0.4286,8.048,8.1552,-0.1072,-0.003146,7.5261,8.0466,0.5206,1.0,0.009205,1.0,0.0,1.0,1.0,0.5,0.5,7,7,0,1
336013,Chennai Super Kings,Kings XI Punjab,2008-05-10,"MA Chidambaram Stadium, Chepauk",Kings XI Punjab,field,1516.4602,1528.6099,-12.1497,0.4,1.0,-0.6,0.625,0.7143,-0.0893,0.625,0.7143,-0.0893,8.5679,8.3732,0.1947,0.001362,8.4416,7.9697,-0.4719,-1.8929,-0.014043,1.0,0.0,1.0,0.5,0.5,0.0,8,7,1,1
336014,Deccan Chargers,Kolkata Knight Riders,2008-05-11,"Rajiv Gandhi International Stadium, Uppal",Kolkata Knight Riders,bat,1465.0661,1489.3346,-24.2685,0.4,0.2,0.2,0.25,0.4286,-0.1786,0.25,0.4286,-0.1786,7.987,7.6305,0.3565,0.036893,8.083,7.3962,-0.6867,-0.8571,-0.007904,0.0,1.0,-1.0,0.0,0.5,-0.5,8,7,1,0
336015,Rajasthan Royals,Delhi Daredevils,2008-05-11,Sawai Mansingh Stadium,Rajasthan Royals,field,1535.4582,1506.4814,28.9768,0.8,0.4,0.4,0.75,0.5714,0.1786,0.75,0.5714,0.1786,8.0852,8.5299,-0.4447,-0.00101,7.4418,7.8772,0.4354,-0.0893,0.002651,0.0,1.0,-1.0,1.0,0.5,0.5,8,7,1,1
336016,Kings XI Punjab,Royal Challengers Bangalore,2008-05-12,"Punjab Cricket Association Stadium, Mohali",Royal Challengers Bangalore,bat,1518.2604,1463.6657,54.5947,0.8,0.2,0.6,0.625,0.25,0.375,0.625,0.25,0.375,8.3285,7.2834,1.0451,0.032976,8.0121,8.3704,0.3583,1.75,0.011719,1.0,0.0,1.0,0.75,0.5,0.25,8,8,0,1
336017,Kolkata Knight Riders,Delhi Daredevils,2008-05-13,Eden Gardens,Kolkata Knight Riders,bat,1498.6372,1497.3135,1.3237,0.4,0.4,0.0,0.5,0.5,0.0,0.5,0.5,0.0,7.919,8.4053,-0.4863,-0.017396,7.5471,7.8701,0.3229,-0.75,-0.002818,0.0,0.0,0.0,0.6667,0.5,0.1667,8,8,0,1
336018,Mumbai Indians,Chennai Super Kings,2008-05-14,Wankhede Stadium,Mumbai Indians,field,1494.9239,1526.8098,-31.8859,0.6,0.4,0.2,0.4286,0.6667,-0.2381,0.4286,0.6667,-0.2381,7.4093,8.5349,-1.1257,-0.025435,8.2018,8.3933,0.1915,1.1905,0.012999,0.0,1.0,-1.0,0.0,0.5,-0.5,7,9,-2,1
336020,Delhi Daredevils,Deccan Chargers,2008-05-15,Feroz Shah Kotla,Deccan Chargers,field,1487.3516,1455.7635,31.5881,0.2,0.2,0.0,0.4444,0.2222,0.2222,0.4444,0.2222,0.2222,8.1454,8.0477,0.0977,-0.013061,7.6819,8.2962,0.6142,1.7778,0.011601,1.0,0.0,1.0,0.6667,0.5,0.1667,9,9,0,1
336021,Mumbai Indians,Kolkata Knight Riders,2008-05-16,Wankhede Stadium,Mumbai Indians,field,1505.839,1508.5991,-2.7601,0.8,0.6,0.2,0.5,0.5556,-0.0556,0.5,0.5556,-0.0556,7.6777,7.7214,-0.0437,0.017687,8.087,7.3824,-0.7046,0.3056,0.002549,1.0,0.0,1.0,0.5,0.5,0.0,8,9,-1,1
336022,Delhi Daredevils,Kings XI Punjab,2008-05-17,Feroz Shah Kotla,Delhi Daredevils,bat,1496.4449,1526.7018,-30.2569,0.2,0.8,-0.6,0.5,0.6667,-0.1667,0.5,0.6667,-0.1667,8.273,8.381,-0.108,-0.011646,7.8073,7.8905,0.0832,0.0111,0.000215,0.0,1.0,-1.0,0.75,0.5,0.25,10,9,1,0
336023,Rajasthan Royals,Royal Challengers Bangalore,2008-05-17,Sawai Mansingh Stadium,Royal Challengers Bangalore,field,1544.6261,1455.2242,89.4019,0.8,0.2,0.6,0.7778,0.2222,0.5556,0.7778,0.2222,0.5556,8.0533,7.2408,0.8125,0.034151,7.4615,8.421,0.9595,2.1111,0.017321,1.0,0.0,1.0,1.0,0.5,0.5,9,9,0,1
336024,Deccan Chargers,Mumbai Indians,2008-05-18,"Rajiv Gandhi International Stadium, Uppal",Deccan Chargers,field,1446.6701,1515.9185,-69.2483,0.2,1.0,-0.8,0.2,0.5556,-0.3556,0.2,0.5556,-0.3556,8.1418,7.7969,0.3448,0.009927,8.4052,7.7033,-0.7018,-2.3111,-0.021667,1.0,0.0,1.0,0.0,0.5,-0.5,10,9,1,0
336025,Kolkata Knight Riders,Chennai Super Kings,2008-05-18,Eden Gardens,Kolkata Knight Riders,bat,1498.5197,1515.8946,-17.3749,0.6,0.4,0.2,0.5,0.6,-0.1,0.5,0.6,-0.1,7.423,8.4146,-0.9916,-0.039809,7.5014,8.5296,1.0282,0.8,0.011464,0.0,1.0,-1.0,0.75,0.5,0.25,10,10,0,0
336026,Royal Challengers Bangalore,Delhi Daredevils,2008-05-19,M Chinnaswamy Stadium,Delhi Daredevils,field,1447.7421,1487.3136,-39.5715,0.2,0.2,0.0,0.2,0.4,-0.2,0.2,0.4545,-0.2545,7.1453,8.3753,-1.2301,-0.028992,8.5181,8.1101,-0.4081,-2.2,-0.018761,0.0,1.0,-1.0,0.2,0.5,-0.3,10,11,-1,0
336027,Kolkata Knight Riders,Rajasthan Royals,2008-05-20,Eden Gardens,Rajasthan Royals,field,1489.0193,1552.1083,-63.0889,0.6,0.8,-0.2,0.4,0.8,-0.4,0.4545,0.8,-0.3455,7.0547,8.1928,-1.1381,-0.044365,7.7101,7.3418,-0.3683,-1.9,-0.009702,0.0,1.0,-1.0,0.6,0.5,0.1,11,10,1,0
336028,Mumbai Indians,Kings XI Punjab,2008-05-21,Wankhede Stadium,Mumbai Indians,field,1523.9513,1535.8332,-11.8818,1.0,0.8,0.2,0.6,0.7,-0.1,0.6,0.7,-0.1,7.8604,8.5103,-0.6499,-0.011449,7.6708,8.0017,0.3309,0.5,0.006569,0.0,1.0,-1.0,0.6667,0.5,0.1667,10,10,0,0
336029,Chennai Super Kings,Royal Challengers Bangalore,2008-05-21,"MA Chidambaram Stadium, Chepauk",Royal Challengers Bangalore,bat,1525.3949,1438.8762,86.5188,0.6,0.0,0.6,0.6,0.2,0.4,0.6364,0.1818,0.4545,7.9862,7.3609,0.6252,0.020616,8.2314,8.2795,0.0481,0.9,0.006988,1.0,0.0,1.0,0.6,0.5,0.1,11,11,0,0
336031,Kings XI Punjab,Deccan Chargers,2008-05-23,"Punjab Cricket Association Stadium, Mohali",Kings XI Punjab,field,1545.4913,1438.6373,106.854,0.8,0.2,0.6,0.8,0.2,0.6,0.7273,0.1818,0.5455,8.4139,8.3195,0.0945,-0.003874,7.7323,8.7003,0.9679,2.1,0.017066,1.0,0.0,1.0,0.8,0.5,0.3,11,11,0,1
336032,Delhi Daredevils,Mumbai Indians,2008-05-24,Feroz Shah Kotla,Delhi Daredevils,field,1496.1795,1514.2932,-18.1137,0.4,0.8,-0.4,0.4,0.6,-0.2,0.5,0.5455,-0.0455,8.2493,7.971,0.2783,-0.004685,8.1509,7.7848,-0.3662,-0.7,-0.007211,0.0,1.0,-1.0,0.6,0.5,0.1,12,11,1,1
336033,Chennai Super Kings,Rajasthan Royals,2008-05-24,"MA Chidambaram Stadium, Chepauk",Rajasthan Royals,bat,1512.9549,1560.3121,-47.3572,0.6,0.8,-0.2,0.5,0.9,-0.4,0.5833,0.8182,-0.2348,7.4948,8.4514,-0.9566,-0.030839,7.8879,7.2639,-0.624,-2.2,-0.016729,0.0,1.0,-1.0,0.5,0.5,0.0,12,11,1,0
336002,Deccan Chargers,Royal Challengers Bangalore,2008-05-25,"Rajiv Gandhi International Stadium, Uppal",Deccan Chargers,bat,1431.6194,1451.3161,-19.6968,0.0,0.2,-0.2,0.2,0.2,0.0,0.1667,0.25,-0.0833,8.4949,7.1741,1.3208,0.045474,8.5934,7.9808,-0.6126,0.8,0.004603,0.0,1.0,-1.0,0.0,0.5,-0.5,12,12,0,0
336035,Kolkata Knight Riders,Kings XI Punjab,2008-05-25,Eden Gardens,Kings XI Punjab,bat,1480.8155,1552.5092,-71.6938,0.4,0.8,-0.4,0.3,0.9,-0.6,0.4167,0.75,-0.3333,7.2313,8.4781,-1.2469,-0.036531,8.0716,7.7546,-0.317,-2.7,-0.015883,0.0,1.0,-1.0,0.5,0.5,0.0,12,12,0,1
336036,Rajasthan Royals,Mumbai Indians,2008-05-26,Sawai Mansingh Stadium,Rajasthan Royals,field,1568.9575,1503.7723,65.1851,1.0,0.6,0.4,0.9,0.6,0.3,0.8333,0.5,0.3333,8.6584,7.837,0.8214,0.020037,7.4141,7.6796,0.2655,0.5,0.000621,0.0,1.0,-1.0,1.0,0.5,0.5,12,12,0,1
336037,Deccan Chargers,Chennai Super Kings,2008-05-27,"Rajiv Gandhi International Stadium, Uppal",Deccan Chargers,bat,1422.1857,1504.3096,-82.1239,0.0,0.4,-0.4,0.2,0.4,-0.2,0.1538,0.5385,-0.3846,8.2449,7.6238,0.6211,0.019417,8.421,8.2474,-0.1736,0.1,-0.000823,1.0,0.0,1.0,0.0,0.5,-0.5,13,13,0,0
336012,Royal Challengers Bangalore,Mumbai Indians,2008-05-28,M Chinnaswamy Stadium,Mumbai Indians,field,1460.7498,1495.6268,-34.877,0.4,0.4,0.0,0.3,0.6,-0.3,0.3077,0.4615,-0.1538,7.4147,7.9873,-0.5726,-0.016496,7.976,7.4763,-0.4998,-1.3,-0.012635,1.0,0.0,1.0,0.1667,0.5,-0.3333,13,13,0,0
336019,Kings XI Punjab,Rajasthan Royals,2008-05-28,"Punjab Cricket Association Stadium, Mohali",Rajasthan Royals,field,1540.4745,1577.103,-36.6285,0.8,1.0,-0.2,0.8,0.9,-0.1,0.6923,0.8462,-0.1538,8.4203,8.25,0.1703,0.005238,8.0793,7.0647,-1.0146,-0.8,-0.005669,0.0,1.0,-1.0,0.8333,0.5,0.3333,13,13,0,1
336038,Delhi Daredevils,Rajasthan Royals,2008-05-30,Wankhede Stadium,Delhi Daredevils,field,1506.7004,1566.0526,-59.3522,0.6,0.8,-0.2,0.5,0.8,-0.3,0.5385,0.7857,-0.2473,8.3958,8.3549,0.0409,0.001183,8.1949,7.4925,-0.7023,-0.7,-0.004146,0.5,0.5,0.0,0.5,0.5,0.0,13,14,-1,0
336039,Chennai Super Kings,Kings XI Punjab,2008-05-31,Wankhede Stadium,Kings XI Punjab,bat,1511.9889,1551.5249,-39.536,0.4,0.8,-0.4,0.4,0.8,-0.4,0.5714,0.7143,-0.1429,7.4643,8.7278,-1.2635,-0.031457,8.1399,8.2183,0.0784,-2.0,-0.016079,1.0,0.0,1.0,0.0,1.0,-1.0,14,14,0,1
336040,Chennai Super Kings,Rajasthan Royals,2008-06-01,Dr DY Patil Sports Academy,Rajasthan Royals,field,1523.122,1574.3607,-51.2388,0.6,0.8,-0.2,0.5,0.8,-0.3,0.6,0.8,-0.2,7.4016,8.3632,-0.9616,-0.01709,7.8021,7.3074,-0.4946,-1.8,-0.014339,0.0,1.0,-1.0,0.5,0.0,0.5,15,15,0,0
392181,Chennai Super Kings,Mumbai Indians,2009-04-18,Newlands,Chennai Super Kings,field,1514.5862,1504.6263,9.9599,0.4,0.4,0.0,0.5,0.7,-0.2,0.5625,0.5,0.0625,7.6316,8.0018,-0.3702,-0.011285,7.8577,7.0663,-0.7914,-1.5,-0.013553,0.5,0.5,0.0,0.5,0.5,0.0,16,14,2,0
392182,Royal Challengers Bangalore,Rajasthan Royals,2009-04-18,Newlands,Royal Challengers Bangalore,bat,1451.7503,1582.8966,-131.1463,0.4,0.8,-0.4,0.3,0.8,-0.5,0.2857,0.8125,-0.5268,7.2536,8.4041,-1.1505,-0.024838,7.8502,7.5302,-0.32,-1.9,-0.014396,0.0,1.0,-1.0,0.5,0.5,0.0,14,16,-2,1
392183,Delhi Daredevils,Kings XI Punjab,2009-04-19,Newlands,Delhi Daredevils,field,1498.3923,1540.3918,-41.9996,0.6,0.6,0.0,0.4,0.7,-0.3,0.5,0.6667,-0.1667,8.0036,8.3968,-0.3932,-0.016391,8.2372,8.1752,-0.062,0.8,0.005968,0.0,1.0,-1.0,0.5,0.5,0.0,14,15,-1,1
392184,Deccan Chargers,Kolkata Knight Riders,2009-04-19,Newlands,Kolkata Knight Riders,bat,1414.5063,1492.8502,-78.3439,0.0,0.4,-0.4,0.1,0.4,-0.3,0.1429,0.4615,-0.3187,7.8759,7.3975,0.4785,0.017842,8.398,8.0508,-0.3472,-0.2,-0.008718,0.0,1.0,-1.0,0.5,0.5,0.0,14,13,1,1
392185,Royal Challengers Bangalore,Chennai Super Kings,2009-04-20,St George's Park,Chennai Super Kings,bat,1465.3554,1504.2996,-38.9442,0.6,0.4,0.2,0.4,0.5,-0.1,0.3333,0.5294,-0.1961,7.0051,7.6487,-0.6436,-0.014433,7.3013,7.8837,0.5824,-1.0,-0.005214,0.5,0.5,0.0,0.5,0.5,0.0,15,17,-2,0
392186,Kings XI Punjab,Kolkata Knight Riders,2009-04-21,Kingsmead,Kolkata Knight Riders,field,1529.1889,1480.6327,48.5561,0.4,0.2,0.2,0.6,0.4,0.2,0.625,0.4286,0.1964,8.3667,7.2519,1.1148,0.029347,8.2408,8.1542,-0.0867,0.7,0.003059,0.5,0.5,0.0,0.5,0.5,0.0,16,14,2,0
392188,Royal Challengers Bangalore,Deccan Chargers,2009-04-22,Newlands,Deccan Chargers,bat,1456.4716,1426.7238,29.7478,0.6,0.2,0.4,0.3,0.2,0.1,0.3125,0.2,0.1125,6.8055,7.8512,-1.0457,-0.02874,7.4268,8.0549,0.6281,-0.2,0.001252,1.0,0.0,1.0,1.0,1.0,0.0,16,15,1,0
392189,Chennai Super Kings,Delhi Daredevils,2009-04-23,Kingsmead,Delhi Daredevils,bat,1513.1833,1509.5953,3.5881,0.6,0.6,0.0,0.5,0.4,0.1,0.5556,0.5333,0.0222,7.6084,8.0077,-0.3994,-0.00988,7.5741,8.2567,0.6826,-0.2,-0.004467,0.5,0.5,0.0,0.5,0.5,0.0,18,15,3,0
392191,Royal Challengers Bangalore,Kings XI Punjab,2009-04-24,Kingsmead,Royal Challengers Bangalore,bat,1445.6175,1517.8003,-72.1828,0.4,0.2,0.2,0.3,0.5,-0.2,0.2941,0.5882,-0.2941,6.9512,8.4606,-1.5094,-0.034144,7.7029,8.4611,0.7582,0.8,0.001837,0.0,1.0,-1.0,0.5,0.0,0.5,17,17,0,0
392192,Deccan Chargers,Mumbai Indians,2009-04-25,Kingsmead,Deccan Chargers,bat,1437.5779,1514.9129,-77.335,0.4,0.4,0.0,0.3,0.7,-0.4,0.25,0.5333,-0.2833,8.0152,8.129,-0.1138,-0.003448,8.0481,7.1244,-0.9237,-1.9,-0.017442,0.5,0.5,0.0,0.5,0.5,0.0,16,15,1,1
392194,Royal Challengers Bangalore,Delhi Daredevils,2009-04-26,St George's Park,Royal Challengers Bangalore,bat,1437.6657,1519.6985,-82.0329,0.2,0.8,-0.6,0.3,0.5,-0.2,0.2778,0.5625,-0.2847,7.0327,8.2767,-1.2439,-0.030657,7.7917,8.3455,0.5538,-2.1,-0.019821,0.0,1.0,-1.0,0.0,0.5,-0.5,18,16,2,0
392195,Kings XI Punjab,Rajasthan Royals,2009-04-26,Newlands,Kings XI Punjab,bat,1525.7521,1569.2915,-43.5394,0.4,0.6,-0.2,0.6,0.8,-0.2,0.6111,0.7647,-0.1536,8.5391,8.2019,0.3372,0.008306,8.4507,7.5309,-0.9198,-2.1,-0.007951,0.5,0.5,0.0,0.0,0.0,0.0,18,17,1,1
392196,Chennai Super Kings,Deccan Chargers,2009-04-27,Kingsmead,Deccan Chargers,field,1503.0801,1449.7678,53.3123,0.4,0.6,-0.2,0.4,0.3,0.1,0.5263,0.2941,0.2322,7.643,8.0285,-0.3854,-0.010721,7.7136,8.0876,0.374,1.0,0.009933,0.5,0.5,0.0,0.0,1.0,-1.0,19,17,2,0
392197,Kolkata Knight Riders,Mumbai Indians,2009-04-27,St George's Park,Mumbai Indians,bat,1492.0213,1502.7231,-10.7018,0.4,0.4,0.0,0.5,0.6,-0.1,0.4667,0.5,-0.0333,7.2677,8.0735,-0.8058,-0.018763,7.9229,7.2354,-0.6875,-2.5,-0.013092,0.0,1.0,-1.0,0.5,0.5,0.0,15,16,-1,0
392198,Delhi Daredevils,Rajasthan Royals,2009-04-28,SuperSport Park,Delhi Daredevils,bat,1527.3804,1558.0449,-30.6645,0.8,0.4,0.4,0.6,0.7,-0.1,0.5882,0.7222,-0.134,8.1101,7.891,0.2191,0.007049,8.1299,7.4889,-0.6409,0.2,0.006727,0.3333,0.6667,-0.3333,0.5,0.5,0.0,17,18,-1,0
392199,Royal Challengers Bangalore,Kolkata Knight Riders,2009-04-29,Kingsmead,Kolkata Knight Riders,bat,1429.9839,1482.3292,-52.3453,0.2,0.4,-0.2,0.3,0.5,-0.2,0.2632,0.4375,-0.1743,7.0511,7.0404,0.0108,-0.00445,7.6698,7.9858,0.316,0.6,-0.002609,0.0,1.0,-1.0,0.0,1.0,-1.0,19,16,3,1
392200,Kings XI Punjab,Mumbai Indians,2009-04-29,Kingsmead,Kings XI Punjab,bat,1536.9988,1512.4151,24.5836,0.4,0.6,-0.2,0.6,0.6,0.0,0.6316,0.5294,0.1022,8.2755,8.3396,-0.0641,-0.006158,8.2553,7.2438,-1.0114,-2.1,-0.010072,1.0,0.0,1.0,0.5,0.0,0.5,19,17,2,1
392201,Deccan Chargers,Delhi Daredevils,2009-04-30,SuperSport Park,Delhi Daredevils,field,1461.2903,1518.2607,-56.9704,0.8,0.6,0.2,0.4,0.6,-0.2,0.3333,0.5556,-0.2222,8.1809,8.0426,0.1384,0.000771,8.034,8.0946,0.0607,-1.2,-0.015574,0.0,1.0,-1.0,0.5,0.0,0.5,18,18,0,0
392202,Chennai Super Kings,Rajasthan Royals,2009-04-30,SuperSport Park,Rajasthan Royals,field,1491.5575,1567.1645,-75.607,0.2,0.6,-0.4,0.4,0.7,-0.3,0.5,0.7368,-0.2368,7.6903,7.857,-0.1667,-0.004068,7.595,7.4311,-0.1639,-0.3,-0.001544,0.0,1.0,-1.0,0.5,1.0,-0.5,20,19,1,1
392203,Kolkata Knight Riders,Mumbai Indians,2009-05-01,Buffalo Park,Mumbai Indians,bat,1470.8339,1503.1215,-32.2877,0.4,0.6,-0.2,0.4,0.5,-0.1,0.4118,0.5,-0.0882,6.9363,7.8727,-0.9364,-0.015202,7.8932,7.0612,-0.832,-2.5,-0.014597,0.0,1.0,-1.0,0.5,0.5,0.0,17,18,-1,0
392204,Royal Challengers Bangalore,Kings XI Punjab,2009-05-01,Kingsmead,Royal Challengers Bangalore,bat,1441.4792,1546.2924,-104.8132,0.2,0.6,-0.4,0.4,0.6,-0.2,0.3,0.65,-0.35,7.1065,7.8744,-0.7679,-0.011605,7.3988,7.8114,0.4126,0.5,-0.000946,0.0,1.0,-1.0,0.5,0.6667,-0.1667,20,20,0,1
392205,Deccan Chargers,Rajasthan Royals,2009-05-02,St George's Park,Deccan Chargers,bat,1452.9155,1555.0221,-102.1066,0.8,0.4,0.4,0.4,0.6,-0.2,0.3158,0.7,-0.3842,8.0488,7.5431,0.5056,0.012565,7.7971,7.601,-0.1961,-0.8,-0.007109,0.0,1.0,-1.0,0.5,0.5,0.0,19,20,-1,0
392206,Chennai Super Kings,Delhi Daredevils,2009-05-02,New Wanderers Stadium,Delhi Daredevils,field,1503.7,1526.6355,-22.9355,0.4,0.8,-0.4,0.4,0.7,-0.3,0.5238,0.5789,-0.0551,7.7728,8.1954,-0.4226,-0.01617,7.505,8.2117,0.7066,-0.2,-0.006106,0.3333,0.6667,-0.3333,0.5,0.5,0.0,21,19,2,1
392207,Kings XI Punjab,Kolkata Knight Riders,2009-05-03,St George's Park,Kolkata Knight Riders,bat,1533.3639,1461.7605,71.6034,0.6,0.2,0.4,0.5,0.3,0.2,0.619,0.3889,0.2302,7.6194,6.5689,1.0506,0.019733,7.5729,7.7126,0.1397,0.5,0.00299,0.3333,0.6667,-0.3333,0.5,0.0,0.5,21,18,3,1
392208,Royal Challengers Bangalore,Mumbai Indians,2009-05-03,New Wanderers Stadium,Mumbai Indians,bat,1454.4077,1512.1949,-57.7872,0.4,0.6,-0.2,0.5,0.5,0.0,0.3333,0.5263,-0.193,7.0671,7.7004,-0.6333,-0.007209,7.2172,7.2498,0.0325,-0.9,-0.006543,0.5,0.5,0.0,0.5,0.5,0.0,21,19,2,1
392209,Chennai Super Kings,Deccan Chargers,2009-05-04,Buffalo Park,Chennai Super Kings,bat,1514.3592,1445.7726,68.5866,0.6,0.6,0.0,0.5,0.4,0.1,0.5455,0.3,0.2455,8.0313,7.8287,0.2026,0.00691,7.6003,7.5622,-0.0381,1.0,0.009731,0.3333,0.6667,-0.3333,0.5,0.5,0.0,22,20,2,1
392210,Kings XI Punjab,Rajasthan Royals,2009-05-05,Kingsmead,Kings XI Punjab,field,1541.3317,1562.165,-20.8333,0.8,0.4,0.4,0.5,0.6,-0.1,0.6364,0.7143,-0.0779,7.4737,7.3777,0.096,-0.002737,7.4329,7.559,0.1261,-1.2,-0.003114,0.6667,0.3333,0.3333,0.5,0.5,0.0,22,21,1,0
392211,Delhi Daredevils,Kolkata Knight Riders,2009-05-05,Kingsmead,Kolkata Knight Riders,bat,1515.9763,1453.7927,62.1836,0.6,0.2,0.4,0.6,0.2,0.4,0.55,0.3684,0.1816,7.9442,6.7062,1.238,0.037155,8.0877,7.8498,-0.2379,3.3,0.02619,0.0,1.0,-1.0,1.0,0.5,0.5,20,19,1,1
392212,Deccan Chargers,Mumbai Indians,2009-05-06,SuperSport Park,Deccan Chargers,bat,1437.7214,1500.5468,-62.8254,0.4,0.4,0.0,0.4,0.4,0.0,0.2857,0.5,-0.2143,7.7772,7.5964,0.1808,0.011421,7.5869,7.2832,-0.3037,-0.6,-0.006101,0.6667,0.3333,0.3333,0.0,0.5,-0.5,21,20,1,1
392213,Royal Challengers Bangalore,Rajasthan Royals,2009-05-07,SuperSport Park,Rajasthan Royals,field,1466.0557,1571.5661,-105.5104,0.6,0.6,0.0,0.5,0.6,-0.1,0.3636,0.7273,-0.3636,7.2182,7.3654,-0.1473,-0.002937,7.43,7.2128,-0.2173,-0.8,-0.004875,0.3333,0.6667,-0.3333,0.5,0.5,0.0,22,22,0,0
392214,Chennai Super Kings,Kings XI Punjab,2009-05-07,SuperSport Park,Chennai Super Kings,bat,1522.4103,1531.9306,-9.5203,0.6,0.6,0.0,0.6,0.5,0.1,0.5652,0.6087,-0.0435,7.9307,7.256,0.6746,0.022469,7.2309,7.6239,0.393,2.8,0.019652,1.0,0.0,1.0,1.0,0.5,0.5,23,23,0,1
392215,Delhi Daredevils,Mumbai Indians,2009-05-08,Buffalo Park,Mumbai Indians,bat,1524.2054,1488.758,35.4474,0.6,0.4,0.2,0.7,0.4,0.3,0.5714,0.4762,0.0952,7.8449,7.3176,0.5273,0.028139,7.8876,7.0627,-0.8249,0.9,0.007778,0.5,0.5,0.0,0.5,1.0,-0.5,21,21,0,1
392216,Deccan Chargers,Kings XI Punjab,2009-05-09,De Beers Diamond Oval,Kings XI Punjab,field,1449.5102,1521.6567,-72.1465,0.4,0.4,0.0,0.5,0.4,0.1,0.3182,0.5833,-0.2652,7.6021,7.0978,0.5043,0.021654,7.3382,7.7406,0.4024,1.7,0.00757,0.0,1.0,-1.0,0.5,0.5,0.0,22,24,-2,0
392217,Chennai Super Kings,Rajasthan Royals,2009-05-09,De Beers Diamond Oval,Rajasthan Royals,bat,1532.6843,1578.6193,-45.935,0.8,0.8,0.0,0.6,0.6,0.0,0.5833,0.7391,-0.1558,8.2155,7.3732,0.8424,0.015913,7.4661,7.0279,-0.4382,0.4,0.006821,0.25,0.75,-0.5,0.5,0.5,0.0,24,23,1,1
392218,Royal Challengers Bangalore,Mumbai Indians,2009-05-10,St George's Park,Mumbai Indians,bat,1459.0025,1479.7747,-20.7722,0.6,0.2,0.4,0.4,0.4,0.0,0.3478,0.4545,-0.1067,6.8214,7.0065,-0.1851,0.004789,7.3403,6.7739,-0.5664,-1.4,-0.010006,0.6667,0.3333,0.3333,0.0,1.0,-1.0,23,22,1,0
392219,Delhi Daredevils,Kolkata Knight Riders,2009-05-10,New Wanderers Stadium,Delhi Daredevils,field,1533.1886,1445.5637,87.625,0.6,0.0,0.6,0.7,0.2,0.5,0.5909,0.35,0.2409,7.5813,7.0114,0.5699,0.018266,7.6642,7.7788,0.1146,3.7,0.028063,0.5,0.5,0.0,0.0,0.5,-0.5,22,20,2,1
392220,Deccan Chargers,Rajasthan Royals,2009-05-11,De Beers Diamond Oval,Deccan Chargers,bat,1441.5574,1567.3049,-125.7475,0.2,0.6,-0.4,0.5,0.6,-0.1,0.3043,0.7083,-0.404,7.6241,7.1621,0.462,0.000621,7.2808,6.6782,-0.6026,-0.4,-0.004144,0.0,1.0,-1.0,0.0,0.0,0.0,23,24,-1,1
392221,Royal Challengers Bangalore,Kolkata Knight Riders,2009-05-12,SuperSport Park,Royal Challengers Bangalore,field,1449.5997,1438.0336,11.5661,0.6,0.0,0.6,0.4,0.2,0.2,0.3333,0.3333,0.0,6.8423,6.8624,-0.0201,-0.004296,7.3424,7.7586,0.4162,0.7,0.00563,0.3333,0.6667,-0.3333,0.0,0.5,-0.5,24,21,3,1
392222,Kings XI Punjab,Mumbai Indians,2009-05-12,SuperSport Park,Kings XI Punjab,bat,1529.6095,1489.1776,40.4319,0.4,0.4,0.0,0.5,0.5,0.0,0.6,0.4783,0.1217,7.3862,7.0651,0.321,0.005227,7.8006,6.7375,-1.0631,-1.7,-0.009613,1.0,0.0,1.0,0.0,0.0,0.0,25,23,2,0
392223,Deccan Chargers,Delhi Daredevils,2009-05-13,Kingsmead,Deccan Chargers,field,1455.0265,1540.7187,-85.6922,0.4,0.8,-0.4,0.6,0.7,-0.1,0.3333,0.6087,-0.2754,7.7558,7.3649,0.3909,-0.002115,7.1336,7.4047,0.2711,-0.7,-0.007378,0.0,1.0,-1.0,1.0,1.0,0.0,24,23,1,0
392224,Royal Challengers Bangalore,Chennai Super Kings,2009-05-14,Kingsmead,Chennai Super Kings,bat,1459.2669,1543.9987,-84.7318,0.6,1.0,-0.4,0.4,0.6,-0.2,0.36,0.6,-0.24,7.0437,8.1836,-1.1399,-0.034494,7.7659,7.6122,-0.1537,-2.6,-0.02408,0.3333,0.6667,-0.3333,0.6667,0.0,0.6667,25,25,0,1
392225,Mumbai Indians,Rajasthan Royals,2009-05-14,Kingsmead,Rajasthan Royals,bat,1500.3361,1553.8357,-53.4997,0.4,0.6,-0.2,0.5,0.5,0.0,0.5,0.68,-0.18,7.0341,6.775,0.2591,-0.004738,6.6391,6.9489,0.3098,0.1,0.001769,0.5,0.5,0.0,0.0,1.0,-1.0,24,25,-1,0
392226,Delhi Daredevils,Kings XI Punjab,2009-05-15,OUTsurance Oval,Kings XI Punjab,field,1548.3011,1518.451,29.8502,0.8,0.4,0.4,0.8,0.5,0.3,0.625,0.5769,0.0481,7.6591,7.1371,0.522,0.029932,7.2492,7.6454,0.3963,2.8,0.021549,0.3333,0.6667,-0.3333,0.5,0.5,0.0,24,26,-2,0
392227,Chennai Super Kings,Mumbai Indians,2009-05-16,St George's Park,Mumbai Indians,bat,1531.6072,1491.8639,39.7433,0.8,0.4,0.4,0.6,0.4,0.2,0.5769,0.48,0.0969,8.0494,6.8932,1.1562,0.050545,7.4777,6.6287,-0.849,0.6,0.008378,0.3333,0.6667,-0.3333,1.0,1.0,0.0,26,25,1,1
392228,Deccan Chargers,Kolkata Knight Riders,2009-05-16,New Wanderers Stadium,Deccan Chargers,field,1447.4441,1428.3663,19.0778,0.4,0.0,0.4,0.5,0.2,0.3,0.32,0.3182,0.0018,7.7629,6.9869,0.7761,0.009714,7.4429,7.7462,0.3033,2.4,0.017872,0.3333,0.6667,-0.3333,0.5,0.0,0.5,25,22,3,1
392229,Deccan Chargers,Kings XI Punjab,2009-05-17,New Wanderers Stadium,Deccan Chargers,field,1456.8956,1529.308,-72.4124,0.6,0.4,0.2,0.5,0.6,-0.1,0.3462,0.5926,-0.2464,7.6536,6.996,0.6577,0.020114,7.455,7.4257,-0.0292,0.6,0.004051,0.0,1.0,-1.0,1.0,0.5,0.5,26,27,-1,0
392230,Delhi Daredevils,Rajasthan Royals,2009-05-17,OUTsurance Oval,Delhi Daredevils,bat,1537.4441,1562.3079,-24.8638,0.8,0.6,0.2,0.7,0.5,0.2,0.6,0.6923,-0.0923,7.3623,6.6889,0.6733,0.009985,7.0725,6.835,-0.2375,0.6,0.004561,0.25,0.75,-0.5,0.0,0.5,-0.5,25,26,-1,1
392231,Chennai Super Kings,Kolkata Knight Riders,2009-05-18,SuperSport Park,Chennai Super Kings,bat,1540.4682,1418.9149,121.5534,0.8,0.0,0.8,0.7,0.1,0.6,0.5926,0.3043,0.2882,8.0941,6.8961,1.198,0.038427,7.377,7.7186,0.3417,2.8,0.025464,1.0,0.0,1.0,1.0,0.0,1.0,27,23,4,0
392232,Royal Challengers Bangalore,Delhi Daredevils,2009-05-19,New Wanderers Stadium,Delhi Daredevils,bat,1471.6585,1548.1585,-76.5001,0.6,0.8,-0.2,0.5,0.7,-0.2,0.3846,0.6154,-0.2308,7.1195,7.149,-0.0295,0.001747,7.5466,6.8489,-0.6977,-2.6,-0.019147,0.0,1.0,-1.0,1.0,0.5,0.5,26,26,0,1
392233,Kolkata Knight Riders,Rajasthan Royals,2009-05-20,Kingsmead,Kolkata Knight Riders,field,1432.2774,1551.5935,-119.3161,0.2,0.4,-0.2,0.2,0.5,-0.3,0.3333,0.6667,-0.3333,7.3444,6.9238,0.4205,0.001349,7.821,6.9063,-0.9147,-2.2,-0.017522,0.0,1.0,-1.0,0.3333,1.0,-0.6667,24,27,-3,1
392234,Chennai Super Kings,Kings XI Punjab,2009-05-20,Kingsmead,Chennai Super Kings,bat,1527.1057,1537.2535,-10.1477,0.6,0.6,0.0,0.6,0.6,0.0,0.5714,0.6071,-0.0357,8.1052,6.7681,1.3371,0.045981,7.7421,7.2465,-0.4956,0.5,0.005955,1.0,0.0,1.0,0.0,0.4,-0.4,28,28,0,1
392235,Delhi Daredevils,Mumbai Indians,2009-05-21,SuperSport Park,Delhi Daredevils,field,1535.9916,1483.0028,52.9888,0.6,0.4,0.2,0.6,0.4,0.2,0.5926,0.4615,0.1311,7.0515,6.8773,0.1742,0.012517,6.8363,6.5717,-0.2646,1.2,0.008655,0.6667,0.3333,0.3333,0.5,0.5,0.0,27,26,1,1
392236,Royal Challengers Bangalore,Deccan Chargers,2009-05-21,SuperSport Park,Royal Challengers Bangalore,bat,1483.8254,1448.9501,34.8753,0.6,0.4,0.2,0.6,0.4,0.2,0.4074,0.3333,0.0741,7.0554,7.485,-0.4296,-0.012964,7.2825,7.3539,0.0714,-1.4,-0.010037,0.6667,0.3333,0.3333,0.5,0.5,0.0,27,27,0,1
392237,Delhi Daredevils,Deccan Chargers,2009-05-22,SuperSport Park,Deccan Chargers,field,1544.4782,1439.9505,104.5276,0.6,0.4,0.2,0.7,0.3,0.4,0.6071,0.3214,0.2857,7.2383,7.3992,-0.1609,-0.002719,6.8516,7.4144,0.5627,1.2,0.008771,1.0,0.0,1.0,0.6667,0.3333,0.3333,28,28,0,0
392238,Royal Challengers Bangalore,Chennai Super Kings,2009-05-23,New Wanderers Stadium,Royal Challengers Bangalore,field,1492.825,1537.3977,-44.5728,0.8,0.6,0.2,0.7,0.7,0.0,0.4286,0.5862,-0.1576,7.0767,7.8089,-0.7322,-0.033375,7.165,7.2327,0.0677,-1.2,-0.011247,0.5,0.5,0.0,1.0,1.0,0.0,28,29,-1,1
392239,Royal Challengers Bangalore,Deccan Chargers,2009-05-24,New Wanderers Stadium,Royal Challengers Bangalore,field,1504.1009,1452.8715,51.2294,1.0,0.4,0.6,0.8,0.4,0.4,0.4483,0.3448,0.1034,7.1407,7.4975,-0.3567,-0.00737,7.1272,7.3989,0.2717,-1.2,-0.008727,0.75,0.25,0.5,1.0,0.5,0.5,29,29,0,0
419106,Deccan Chargers,Kolkata Knight Riders,2010-03-12,Dr DY Patil Sports Academy,Deccan Chargers,field,1464.3354,1445.5827,18.7527,0.6,0.4,0.2,0.5,0.2,0.3,0.3667,0.36,0.0067,7.495,7.0995,0.3955,0.00529,7.3805,7.5673,0.1869,2.3,0.01855,0.5,0.5,0.0,1.0,0.5,0.5,30,25,5,0
419107,Mumbai Indians,Rajasthan Royals,2010-03-13,Brabourne Stadium,Mumbai Indians,bat,1474.5162,1538.2883,-63.772,0.4,0.2,0.2,0.3,0.5,-0.2,0.4444,0.6429,-0.1984,6.7318,6.8801,-0.1483,-0.025191,6.8396,6.7762,-0.0634,-0.8,-0.006248,0.3333,0.6667,-0.3333,0.5,0.5,0.0,27,28,-1,1
419108,Kings XI Punjab,Delhi Daredevils,2010-03-13,"Punjab Cricket Association Stadium, Mohali",Delhi Daredevils,field,1526.9615,1531.5572,-4.5957,0.6,0.4,0.2,0.5,0.6,-0.1,0.5862,0.5862,0.0,6.5675,7.2231,-0.6556,-0.018766,7.2843,6.9417,-0.3425,-1.0,-0.007065,0.75,0.25,0.5,0.8571,0.0,0.8571,29,29,0,0
419109,Kolkata Knight Riders,Royal Challengers Bangalore,2010-03-14,Eden Gardens,Kolkata Knight Riders,field,1456.1219,1492.637,-36.5151,0.6,0.8,-0.2,0.3,0.7,-0.4,0.3846,0.4333,-0.0487,7.2359,7.1346,0.1013,0.002737,7.3681,7.1294,-0.2387,-0.8,-0.007317,0.5,0.5,0.0,0.5714,0.0,0.5714,26,30,-4,1
419110,Chennai Super Kings,Deccan Chargers,2010-03-14,"MA Chidambaram Stadium, Chepauk",Deccan Chargers,bat,1526.1218,1453.7962,72.3257,0.4,0.4,0.0,0.7,0.5,0.2,0.5667,0.3548,0.2118,7.7405,7.5195,0.221,0.018182,7.1671,7.2798,0.1127,-0.4,-0.000263,0.5,0.5,0.0,0.4286,1.0,-0.5714,30,31,-1,0
419111,Rajasthan Royals,Delhi Daredevils,2010-03-15,"Sardar Patel Stadium, Motera",Delhi Daredevils,field,1526.4731,1541.4249,-14.9519,0.2,0.6,-0.4,0.4,0.7,-0.3,0.6207,0.6,0.0207,7.145,7.2281,-0.0831,0.017178,7.0728,6.8398,-0.233,-0.4,-0.003236,0.6,0.4,0.2,0.5,0.5,0.0,29,30,-1,0
419112,Royal Challengers Bangalore,Kings XI Punjab,2010-03-16,M Chinnaswamy Stadium,Kings XI Punjab,bat,1481.5898,1517.0937,-35.5039,0.6,0.4,0.2,0.6,0.4,0.2,0.4194,0.5667,-0.1473,7.0968,6.6845,0.4123,0.011773,7.1362,7.4763,0.3401,-0.7,-0.005853,0.25,0.75,-0.5,0.1429,1.0,-0.8571,31,30,1,1
419113,Kolkata Knight Riders,Chennai Super Kings,2010-03-16,Eden Gardens,Chennai Super Kings,bat,1467.169,1514.0697,-46.9007,0.8,0.4,0.4,0.4,0.6,-0.2,0.4074,0.5484,-0.141,7.233,7.7157,-0.4827,-0.012081,7.3469,7.4261,0.0792,-1.2,-0.01175,0.3333,0.6667,-0.3333,0.625,1.0,-0.375,27,31,-4,0
419114,Delhi Daredevils,Mumbai Indians,2010-03-17,Feroz Shah Kotla,Delhi Daredevils,field,1550.9949,1486.3314,64.6635,0.6,0.4,0.2,0.7,0.4,0.3,0.6129,0.4643,0.1486,7.2071,7.1913,0.0158,-0.00119,6.7712,7.2826,0.5113,1.6,0.012352,0.75,0.25,0.5,0.6667,0.0,0.6667,31,28,3,0
419115,Royal Challengers Bangalore,Rajasthan Royals,2010-03-18,M Chinnaswamy Stadium,Royal Challengers Bangalore,field,1492.6082,1516.9032,-24.295,0.6,0.2,0.4,0.6,0.4,0.2,0.4375,0.6,-0.1625,7.3526,7.19,0.1626,-0.009824,7.3564,7.0574,-0.2991,-1.4,-0.01121,0.25,0.75,-0.5,0.25,1.0,-0.75,32,30,2,1
419116,Delhi Daredevils,Chennai Super Kings,2010-03-19,Feroz Shah Kotla,Delhi Daredevils,bat,1539.1549,1522.7279,16.427,0.6,0.4,0.2,0.6,0.6,0.0,0.5938,0.5625,0.0312,7.3032,7.7463,-0.443,-0.019714,7.2836,7.2551,-0.0285,0.6,0.002384,0.5,0.5,0.0,0.5714,1.0,-0.4286,32,32,0,0
419117,Deccan Chargers,Kings XI Punjab,2010-03-19,Barabati Stadium,Kings XI Punjab,field,1465.8483,1506.0754,-40.2271,0.6,0.4,0.2,0.5,0.4,0.1,0.375,0.5484,-0.1734,7.6949,6.9654,0.7295,0.016558,7.4283,7.8095,0.3812,2.0,0.014909,0.0,1.0,-1.0,0.5,0.5,0.0,32,31,1,1
419118,Rajasthan Royals,Kolkata Knight Riders,2010-03-20,"Sardar Patel Stadium, Motera",Rajasthan Royals,bat,1506.205,1458.5108,47.6943,0.0,0.8,-0.8,0.3,0.4,-0.1,0.5806,0.3929,0.1878,6.9296,7.1336,-0.204,-3.4e-05,7.1311,7.4557,0.3246,1.3,0.012815,0.6667,0.3333,0.3333,0.0,0.5,-0.5,31,28,3,1
419119,Mumbai Indians,Royal Challengers Bangalore,2010-03-20,Brabourne Stadium,Mumbai Indians,bat,1498.1714,1503.3063,-5.135,0.4,0.6,-0.2,0.4,0.7,-0.3,0.4828,0.4545,0.0282,7.5242,7.6335,-0.1093,-0.010931,7.3333,7.1006,-0.2328,0.2,0.003402,0.5,0.5,0.0,1.0,0.5,0.5,29,33,-4,0
419120,Deccan Chargers,Delhi Daredevils,2010-03-21,Barabati Stadium,Deccan Chargers,bat,1477.001,1528.6824,-51.6814,0.8,0.4,0.4,0.6,0.5,0.1,0.3939,0.5758,-0.1818,7.7296,7.5013,0.2283,0.00715,7.404,7.6279,0.2239,0.6,0.004687,0.2,0.8,-0.6,1.0,0.5,0.5,33,33,0,1
419122,Mumbai Indians,Kolkata Knight Riders,2010-03-22,Brabourne Stadium,Kolkata Knight Riders,bat,1488.3191,1449.875,38.4442,0.4,0.6,-0.2,0.4,0.4,0.0,0.4667,0.3793,0.0874,7.5217,7.0522,0.4695,0.004676,7.3645,7.5431,0.1786,1.2,0.010726,1.0,0.0,1.0,0.5,0.5,0.0,30,29,1,1
419123,Royal Challengers Bangalore,Chennai Super Kings,2010-03-23,M Chinnaswamy Stadium,Chennai Super Kings,field,1513.1585,1533.2004,-20.0418,0.6,0.6,0.0,0.8,0.6,0.2,0.4706,0.5758,-0.1052,7.7937,7.8124,-0.0187,0.002289,7.0887,7.4727,0.384,0.5,0.002873,0.6,0.4,0.2,0.3333,1.0,-0.6667,34,33,1,1
419124,Kings XI Punjab,Rajasthan Royals,2010-03-24,"Punjab Cricket Association Stadium, Mohali",Kings XI Punjab,field,1494.9227,1514.8408,-19.9181,0.2,0.2,0.0,0.3,0.3,0.0,0.5312,0.5938,-0.0625,7.0363,6.7214,0.3149,0.002138,7.9079,7.1793,-0.7286,0.0,-0.001389,0.5,0.5,0.0,0.75,0.0,0.75,32,32,0,0
419125,Chennai Super Kings,Mumbai Indians,2010-03-25,"Brabourne Stadium, Mumbai",Mumbai Indians,field,1522.6242,1497.2171,25.407,0.4,0.6,-0.2,0.5,0.5,0.0,0.5588,0.4839,0.075,7.4583,7.7039,-0.2456,-0.002386,7.3786,7.4023,0.0238,0.3,0.00148,0.5,0.5,0.0,0.5,0.5,0.0,34,31,3,0
419128,Royal Challengers Bangalore,Delhi Daredevils,2010-03-25,M Chinnaswamy Stadium,Royal Challengers Bangalore,field,1523.7347,1517.2058,6.5289,0.8,0.4,0.4,0.8,0.4,0.4,0.4857,0.5588,-0.0731,7.7675,7.4722,0.2953,0.021685,6.8937,7.6892,0.7955,0.5,0.003506,0.25,0.75,-0.5,0.4,1.0,-0.6,35,34,1,0
419126,Rajasthan Royals,Deccan Chargers,2010-03-26,"Sardar Patel Stadium, Motera",Deccan Chargers,bat,1524.2682,1488.4776,35.7906,0.4,0.8,-0.4,0.3,0.6,-0.3,0.6061,0.4118,0.1943,6.9048,7.7538,-0.849,-0.016749,7.461,7.6311,0.1701,-1.5,-0.008974,0.75,0.25,0.5,0.5,0.5,0.0,33,34,-1,1
419127,Kings XI Punjab,Kolkata Knight Riders,2010-03-27,"Punjab Cricket Association Stadium, Mohali",Kolkata Knight Riders,bat,1485.4954,1440.977,44.5184,0.0,0.4,-0.4,0.3,0.4,-0.1,0.5152,0.3667,0.1485,7.1805,7.0456,0.1349,0.000592,7.7479,7.5444,-0.2035,0.6,0.005626,0.5,0.5,0.0,0.6667,0.0,0.6667,33,30,3,0
419129,Rajasthan Royals,Chennai Super Kings,2010-03-28,"Sardar Patel Stadium, Motera",Rajasthan Royals,bat,1533.2417,1511.8942,21.3475,0.6,0.4,0.2,0.4,0.4,0.0,0.6176,0.5429,0.0748,7.1012,7.5631,-0.4619,-0.004039,7.4266,7.5921,0.1655,0.3,0.004858,0.6,0.4,0.2,0.6667,0.5,0.1667,34,35,-1,1
419130,Deccan Chargers,Mumbai Indians,2010-03-28,Dr DY Patil Sports Academy,Deccan Chargers,field,1479.5041,1507.9471,-28.443,0.6,0.8,-0.2,0.6,0.6,0.0,0.4,0.5,-0.1,7.6659,8.0848,-0.419,-0.011363,7.7051,7.6301,-0.075,0.9,0.00761,0.75,0.25,0.5,0.5,0.6667,-0.1667,35,32,3,0
419131,Delhi Daredevils,Kolkata Knight Riders,2010-03-29,Feroz Shah Kotla,Delhi Daredevils,bat,1527.3937,1452.2514,75.1423,0.4,0.4,0.0,0.5,0.5,0.0,0.5714,0.3871,0.1843,7.7909,7.3149,0.476,0.003949,7.8799,7.5328,-0.347,1.3,0.010587,0.6667,0.3333,0.3333,0.5,0.5,0.0,35,31,4,1
419132,Mumbai Indians,Kings XI Punjab,2010-03-30,Brabourne Stadium,Mumbai Indians,field,1517.1303,1474.221,42.9093,0.8,0.0,0.8,0.6,0.3,0.3,0.5152,0.5,0.0152,8.145,6.955,1.19,0.038363,7.6949,7.6046,-0.0903,0.1,0.001875,0.25,0.75,-0.5,0.6667,0.5,0.1667,33,34,-1,1
419133,Chennai Super Kings,Royal Challengers Bangalore,2010-03-31,"MA Chidambaram Stadium, Chepauk",Royal Challengers Bangalore,bat,1502.5078,1513.5468,-11.039,0.4,0.8,-0.4,0.4,0.7,-0.3,0.5278,0.4722,0.0556,7.6887,7.9181,-0.2294,-0.013634,7.8069,7.1088,-0.6981,-0.2,-0.000537,0.3333,0.6667,-0.3333,0.375,1.0,-0.625,36,36,0,1
419134,Delhi Daredevils,Rajasthan Royals,2010-03-31,Feroz Shah Kotla,Delhi Daredevils,bat,1535.264,1542.628,-7.364,0.4,0.8,-0.4,0.5,0.5,0.0,0.5833,0.6286,-0.0452,7.9275,7.4051,0.5224,0.004817,7.8911,7.383,-0.5081,0.6,0.002201,0.5,0.5,0.0,0.5556,0.0,0.5556,36,35,1,1
419135,Kolkata Knight Riders,Deccan Chargers,2010-04-01,Eden Gardens,Kolkata Knight Riders,bat,1444.381,1470.321,-25.9399,0.2,0.6,-0.4,0.5,0.5,0.0,0.375,0.3889,-0.0139,7.128,7.582,-0.454,-0.007549,7.5377,7.7327,0.195,-1.4,-0.012296,0.6,0.4,0.2,0.5556,0.0,0.5556,32,36,-4,1
419136,Kings XI Punjab,Royal Challengers Bangalore,2010-04-02,"Punjab Cricket Association Stadium, Mohali",Kings XI Punjab,bat,1465.4498,1503.2292,-37.7794,0.0,0.6,-0.6,0.2,0.6,-0.4,0.4857,0.4595,0.0263,6.8983,7.9983,-1.1,-0.038116,7.5911,7.2781,-0.313,0.1,0.001816,0.6,0.4,0.2,0.6,0.0,0.6,35,37,-2,0
419137,Chennai Super Kings,Rajasthan Royals,2010-04-03,"MA Chidambaram Stadium, Chepauk",Chennai Super Kings,bat,1512.8255,1532.4161,-19.5906,0.4,0.8,-0.4,0.4,0.4,0.0,0.5405,0.6111,-0.0706,7.7607,7.3777,0.383,0.00059,7.8627,7.634,-0.2287,0.1,-0.001541,0.3333,0.6667,-0.3333,0.4444,1.0,-0.5556,37,36,1,1
419138,Mumbai Indians,Deccan Chargers,2010-04-03,Brabourne Stadium,Mumbai Indians,bat,1525.9015,1459.5757,66.3257,0.8,0.4,0.4,0.6,0.5,0.1,0.5294,0.3784,0.151,8.2163,7.6933,0.523,0.019805,7.9361,7.9653,0.0292,-0.6,-0.004035,0.4,0.6,-0.2,0.75,0.5,0.25,34,37,-3,1
419139,Kolkata Knight Riders,Kings XI Punjab,2010-04-04,Eden Gardens,Kolkata Knight Riders,bat,1455.1263,1456.5329,-1.4066,0.4,0.0,0.4,0.6,0.2,0.4,0.3939,0.4722,-0.0783,7.2184,7.2309,-0.0124,0.005638,7.4878,7.8068,0.319,-0.7,-0.005753,0.6,0.4,0.2,0.6,0.0,0.6,33,36,-3,0
419140,Delhi Daredevils,Royal Challengers Bangalore,2010-04-04,Feroz Shah Kotla,Delhi Daredevils,bat,1545.4759,1512.1461,33.3298,0.6,0.6,0.0,0.6,0.6,0.0,0.5946,0.4737,0.1209,8.1938,8.0919,0.1018,-0.000632,7.8676,7.401,-0.4667,1.6,0.013747,0.8,0.2,0.6,0.6,0.0,0.6,37,38,-1,1
419141,Deccan Chargers,Rajasthan Royals,2010-04-05,"Vidarbha Cricket Association Stadium, Jamtha",Rajasthan Royals,bat,1451.4619,1521.8528,-70.3909,0.2,0.6,-0.4,0.5,0.4,0.1,0.3684,0.5946,-0.2262,7.5568,7.825,-0.2682,-0.020868,7.9852,8.1429,0.1577,0.9,0.00523,0.2,0.8,-0.6,0.5,0.5,0.0,38,37,1,0
419142,Chennai Super Kings,Mumbai Indians,2010-04-06,"MA Chidambaram Stadium, Chepauk",Chennai Super Kings,bat,1523.3887,1534.0153,-10.6266,0.4,1.0,-0.6,0.5,0.7,-0.2,0.5526,0.5429,0.0098,8.0878,8.4048,-0.317,-0.013292,8.0033,7.8508,-0.1524,-0.4,-0.005344,0.4,0.6,-0.2,0.5,0.0,0.5,38,35,3,1
419143,Rajasthan Royals,Kings XI Punjab,2010-04-07,Sawai Mansingh Stadium,Kings XI Punjab,bat,1529.8541,1466.4924,63.3617,0.6,0.2,0.4,0.5,0.2,0.3,0.6053,0.4865,0.1188,8.115,7.6837,0.4313,0.023293,8.3764,8.1964,-0.18,0.7,0.008394,0.6,0.4,0.2,1.0,0.0,1.0,38,37,1,1
419144,Kolkata Knight Riders,Delhi Daredevils,2010-04-07,Eden Gardens,Kolkata Knight Riders,bat,1445.1668,1554.5196,-109.3528,0.4,0.8,-0.4,0.5,0.6,-0.1,0.3824,0.6053,-0.2229,7.2367,8.195,-0.9583,-0.024211,7.6713,7.8435,0.1722,-2.1,-0.017406,0.25,0.75,-0.5,0.5455,0.0,0.5455,34,38,-4,1
419145,Royal Challengers Bangalore,Deccan Chargers,2010-04-08,M Chinnaswamy Stadium,Deccan Chargers,field,1503.1025,1443.4606,59.6419,0.4,0.0,0.4,0.5,0.4,0.1,0.4615,0.359,0.1026,8.0397,7.4853,0.5543,0.020612,7.5845,8.028,0.4435,-1.2,-0.01099,0.6,0.4,0.2,0.3636,0.0,0.3636,39,39,0,0
419146,Kings XI Punjab,Mumbai Indians,2010-04-09,"Punjab Cricket Association Stadium, Mohali",Mumbai Indians,bat,1458.2962,1523.7096,-65.4134,0.2,0.8,-0.6,0.1,0.7,-0.6,0.4737,0.5278,-0.0541,7.7762,8.3291,-0.5529,-0.021635,8.4996,7.8687,-0.6309,-1.6,-0.014038,0.6,0.4,0.2,0.5455,0.0,0.5455,38,36,2,1
419147,Deccan Chargers,Chennai Super Kings,2010-04-10,"Vidarbha Cricket Association Stadium, Jamtha",Chennai Super Kings,bat,1455.1606,1533.6945,-78.5339,0.2,0.6,-0.4,0.4,0.5,-0.1,0.375,0.5641,-0.1891,7.7269,8.2864,-0.5595,-0.011328,8.1997,8.2026,0.0029,0.6,0.005387,0.6,0.4,0.2,0.0,0.5,-0.5,40,39,1,1
419148,Royal Challengers Bangalore,Kolkata Knight Riders,2010-04-10,M Chinnaswamy Stadium,Royal Challengers Bangalore,field,1491.4025,1458.2142,33.1883,0.2,0.6,-0.4,0.5,0.5,0.0,0.45,0.4,0.05,8.2192,7.5757,0.6435,0.016598,7.8238,7.9901,0.1664,0.2,0.000961,0.4,0.6,-0.2,0.3333,1.0,-0.6667,40,35,5,1
419149,Delhi Daredevils,Kings XI Punjab,2010-04-11,Feroz Shah Kotla,Delhi Daredevils,bat,1541.4721,1470.157,71.3151,0.8,0.4,0.4,0.6,0.2,0.4,0.5897,0.4872,0.1026,8.2719,8.1237,0.1482,0.00336,7.886,8.696,0.81,2.5,0.019579,0.4,0.6,-0.2,0.6364,1.0,-0.3636,39,39,0,0
419150,Rajasthan Royals,Mumbai Indians,2010-04-11,Sawai Mansingh Stadium,Rajasthan Royals,field,1538.0503,1511.8487,26.2016,0.6,0.6,0.0,0.6,0.7,-0.1,0.6154,0.5135,0.1019,8.0478,8.343,-0.2952,0.000148,8.0943,7.7694,-0.3249,-0.1,0.000519,0.5,0.5,0.0,1.0,0.0,1.0,39,37,2,0
419151,Deccan Chargers,Royal Challengers Bangalore,2010-04-12,"Vidarbha Cricket Association Stadium, Jamtha",Royal Challengers Bangalore,field,1467.3833,1500.4502,-33.0669,0.4,0.4,0.0,0.5,0.6,-0.1,0.3902,0.4634,-0.0732,7.7108,8.474,-0.7632,-0.022559,8.1133,7.9082,-0.2051,1.0,0.009162,0.5,0.5,0.0,0.5,0.5,0.0,41,41,0,1
419152,Mumbai Indians,Delhi Daredevils,2010-04-13,Brabourne Stadium,Mumbai Indians,bat,1522.6015,1529.4478,-6.8464,0.6,0.6,0.0,0.7,0.5,0.2,0.5263,0.575,-0.0487,8.166,8.0631,0.1029,0.006428,7.4259,7.8158,0.3898,-0.4,-0.002379,0.4,0.6,-0.2,0.8,0.5,0.3,38,40,-2,1
419153,Chennai Super Kings,Kolkata Knight Riders,2010-04-13,"MA Chidambaram Stadium, Chepauk",Kolkata Knight Riders,bat,1521.4718,1449.1665,72.3053,0.6,0.4,0.2,0.5,0.4,0.1,0.55,0.3889,0.1611,8.2476,7.5769,0.6706,0.007974,8.1145,8.1905,0.076,1.2,0.008287,0.75,0.25,0.5,0.5455,0.0,0.5455,40,36,4,1
419154,Rajasthan Royals,Royal Challengers Bangalore,2010-04-14,Sawai Mansingh Stadium,Rajasthan Royals,bat,1527.2976,1489.5013,37.7963,0.4,0.4,0.0,0.6,0.5,0.1,0.6,0.4524,0.1476,8.041,8.0811,-0.0401,0.007885,8.1129,7.6942,-0.4187,-0.1,0.001262,0.6,0.4,0.2,0.8889,0.0,0.8889,40,42,-2,0
419155,Chennai Super Kings,Delhi Daredevils,2010-04-15,"MA Chidambaram Stadium, Chepauk",Chennai Super Kings,bat,1529.4202,1519.2508,10.1694,0.8,0.4,0.4,0.6,0.4,0.2,0.561,0.561,0.0,8.422,7.9737,0.4483,0.012636,7.8996,8.023,0.1234,-0.1,-0.001632,0.6,0.4,0.2,0.5833,1.0,-0.4167,41,41,0,0
419156,Kings XI Punjab,Deccan Chargers,2010-04-16,Himachal Pradesh Cricket Association Stadium,Deccan Chargers,field,1482.1812,1478.3321,3.8491,0.6,0.6,0.0,0.3,0.5,-0.2,0.5,0.4048,0.0952,8.0559,7.562,0.4939,0.020523,8.4864,7.9967,-0.4896,-1.8,-0.014359,0.8,0.2,0.6,0.5,0.5,0.0,40,42,-2,0
419157,Royal Challengers Bangalore,Mumbai Indians,2010-04-17,M Chinnaswamy Stadium,Royal Challengers Bangalore,field,1500.5849,1532.7985,-32.2136,0.4,0.6,-0.2,0.5,0.7,-0.2,0.4651,0.5385,-0.0733,8.1218,8.0097,0.1121,0.000287,7.885,7.4283,-0.4567,-0.2,-0.002474,0.6,0.4,0.2,0.3846,1.0,-0.6154,43,39,4,0
419158,Kolkata Knight Riders,Rajasthan Royals,2010-04-17,Eden Gardens,Rajasthan Royals,bat,1441.2181,1516.214,-74.9959,0.4,0.4,0.0,0.3,0.6,-0.3,0.3784,0.5854,-0.207,7.5611,8.2429,-0.6819,-0.024583,8.4858,8.1521,-0.3337,-2.5,-0.019196,0.25,0.75,-0.5,0.5833,1.0,-0.4167,37,41,-4,1
419159,Kings XI Punjab,Chennai Super Kings,2010-04-18,Himachal Pradesh Cricket Association Stadium,Chennai Super Kings,field,1472.0705,1519.1276,-47.0572,0.6,0.6,0.0,0.3,0.5,-0.2,0.4878,0.5476,-0.0598,7.9455,8.1279,-0.1824,0.005532,8.3298,7.9383,-0.3914,-0.2,-0.000911,0.0,1.0,-1.0,0.0,0.5,-0.5,41,42,-1,0
419160,Delhi Daredevils,Deccan Chargers,2010-04-18,Feroz Shah Kotla,Deccan Chargers,bat,1529.5434,1488.4429,41.1005,0.4,0.8,-0.4,0.5,0.5,0.0,0.5714,0.4186,0.1528,7.8555,7.5954,0.2601,-0.000113,7.5062,8.0262,0.52,0.1,0.001178,0.6667,0.3333,0.3333,0.5833,0.0,0.5833,42,43,-1,0
419161,Kolkata Knight Riders,Mumbai Indians,2010-04-19,Eden Gardens,Mumbai Indians,bat,1453.3438,1541.874,-88.5302,0.4,0.6,-0.2,0.4,0.8,-0.4,0.3947,0.55,-0.1553,7.769,8.1902,-0.4212,-0.010093,8.3204,7.2826,-1.0379,-1.9,-0.013529,0.0,1.0,-1.0,0.6154,1.0,-0.3846,38,40,-2,1
419162,Royal Challengers Bangalore,Mumbai Indians,2010-04-21,Dr DY Patil Sports Academy,Mumbai Indians,bat,1491.5094,1529.3796,-37.8702,0.4,0.6,-0.2,0.4,0.7,-0.3,0.4545,0.5366,-0.082,7.968,8.0337,-0.0656,-0.003783,8.0663,7.2736,-0.7927,-1.1,-0.010243,0.5,0.5,0.0,0.5,0.75,-0.25,44,41,3,0
419163,Chennai Super Kings,Deccan Chargers,2010-04-22,Dr DY Patil Sports Academy,Chennai Super Kings,bat,1527.7814,1499.6204,28.161,0.6,1.0,-0.4,0.5,0.5,0.0,0.5581,0.4318,0.1263,8.1528,7.4666,0.6863,0.018282,7.9854,7.8808,-0.1045,-0.9,-0.007529,0.3333,0.6667,-0.3333,0.0,0.3333,-0.3333,43,44,-1,1
419164,Royal Challengers Bangalore,Deccan Chargers,2010-04-24,Dr DY Patil Sports Academy,Deccan Chargers,bat,1482.5951,1490.4292,-7.834,0.4,0.8,-0.4,0.3,0.5,-0.2,0.4444,0.4222,0.0222,7.8307,7.3028,0.5279,0.007785,8.2973,7.6739,-0.6234,-1.7,-0.013153,0.4286,0.5714,-0.1429,0.0,0.25,-0.25,45,45,0,1
419165,Chennai Super Kings,Mumbai Indians,2010-04-25,Dr DY Patil Sports Academy,Chennai Super Kings,bat,1536.9727,1538.2939,-1.3212,0.6,0.8,-0.2,0.6,0.7,-0.1,0.5682,0.5476,0.0206,8.2082,8.0032,0.205,0.00217,7.6961,7.1312,-0.5648,-1.2,-0.010781,0.5,0.5,0.0,0.5,0.8,-0.3,44,42,2,1
501198,Chennai Super Kings,Kolkata Knight Riders,2011-04-08,"MA Chidambaram Stadium, Chepauk",Chennai Super Kings,bat,1547.0107,1465.8381,81.1726,0.8,0.6,0.2,0.7,0.5,0.2,0.5778,0.4103,0.1675,8.1891,7.8371,0.352,-0.000568,7.4939,8.1466,0.6527,1.5,0.009833,0.8,0.2,0.6,0.5385,0.0,0.5385,45,39,6,1
501199,Deccan Chargers,Rajasthan Royals,2011-04-09,"Rajiv Gandhi International Stadium, Uppal",Rajasthan Royals,field,1480.2037,1504.0884,-23.8847,0.6,0.4,0.2,0.5,0.5,0.0,0.413,0.5714,-0.1584,7.0348,8.072,-1.0372,-0.032905,7.5323,8.2632,0.7309,-0.1,-0.001407,0.1667,0.8333,-0.6667,0.0,1.0,-1.0,46,42,4,0
501200,Kochi Tuskers Kerala,Royal Challengers Bangalore,2011-04-09,Nehru Stadium,Kochi Tuskers Kerala,bat,1500.0,1492.8206,7.1794,0.5,0.4,0.1,0.5,0.4,0.1,0.5,0.4565,0.0435,0.0,7.6927,-7.6927,-0.150174,0.0,7.8906,7.8906,-5.8,-0.047347,0.0,0.0,0.0,0.5,0.5,0.0,0,46,-46,0
501201,Delhi Daredevils,Mumbai Indians,2011-04-10,Feroz Shah Kotla,Delhi Daredevils,bat,1518.366,1528.2559,-9.8899,0.2,0.6,-0.4,0.5,0.6,-0.1,0.5581,0.5349,0.0233,7.6195,7.9041,-0.2846,-0.012041,7.296,7.2315,-0.0644,0.2,0.001876,0.5,0.5,0.0,0.5385,0.5,0.0385,43,43,0,0
501202,Pune Warriors,Kings XI Punjab,2011-04-10,Dr DY Patil Sports Academy,Kings XI Punjab,bat,1500.0,1463.4167,36.5833,0.5,0.4,0.1,0.5,0.3,0.2,0.5,0.4762,0.0238,0.0,8.0775,-8.0775,-0.170651,0.0,8.4395,8.4395,-5.2,-0.042798,0.0,0.0,0.0,0.5,0.5,0.0,0,42,-42,1
501203,Kolkata Knight Riders,Deccan Chargers,2011-04-11,Eden Gardens,Kolkata Knight Riders,bat,1458.1329,1470.8901,-12.7572,0.4,0.4,0.0,0.5,0.5,0.0,0.4,0.4043,-0.0043,7.8367,6.9584,0.8783,0.026857,8.0892,7.3946,-0.6945,-0.9,-0.006449,0.6667,0.3333,0.3333,0.6429,0.0,0.6429,40,47,-7,1
501204,Rajasthan Royals,Delhi Daredevils,2011-04-12,Sawai Mansingh Stadium,Delhi Daredevils,bat,1513.402,1508.6505,4.7515,0.4,0.2,0.2,0.5,0.5,0.0,0.5814,0.5455,0.0359,7.9308,7.3634,0.5674,0.033284,8.1741,7.015,-1.1591,-0.3,-0.002284,0.4286,0.5714,-0.1429,0.8,0.0,0.8,43,44,-1,1
501205,Royal Challengers Bangalore,Mumbai Indians,2011-04-12,M Chinnaswamy Stadium,Mumbai Indians,field,1503.0272,1537.9713,-34.9441,0.6,0.6,0.0,0.5,0.6,-0.1,0.4681,0.5455,-0.0774,7.718,7.6907,0.0273,0.002266,7.8409,6.9942,-0.8467,-0.9,-0.008709,0.4286,0.5714,-0.1429,0.3571,1.0,-0.6429,47,44,3,0
501206,Kings XI Punjab,Chennai Super Kings,2011-04-13,"Punjab Cricket Association Stadium, Mohali",Kings XI Punjab,field,1454.4657,1554.716,-100.2502,0.4,0.8,-0.4,0.3,0.8,-0.5,0.4651,0.587,-0.1218,7.8409,8.1676,-0.3268,0.004753,8.4051,7.361,-1.0442,-1.3,-0.008484,0.0,1.0,-1.0,0.5833,1.0,-0.4167,43,46,-3,1
501207,Pune Warriors,Kochi Tuskers Kerala,2011-04-13,Dr DY Patil Sports Academy,Kochi Tuskers Kerala,bat,1508.9509,1489.7934,19.1575,1.0,0.0,1.0,1.0,0.0,1.0,1.0,0.0,1.0,8.2683,7.7903,0.478,0.074351,5.376,8.0331,2.6571,4.0,0.030942,0.0,0.0,0.0,1.0,0.5,0.5,1,1,0,1
501208,Deccan Chargers,Royal Challengers Bangalore,2011-04-14,"Rajiv Gandhi International Stadium, Uppal",Royal Challengers Bangalore,field,1460.5231,1494.0296,-33.5065,0.2,0.4,-0.2,0.5,0.4,0.1,0.3958,0.4583,-0.0625,7.0941,7.4494,-0.3553,-0.001768,7.3255,7.7248,0.3993,0.4,0.00431,0.5,0.5,0.0,0.0,1.0,-1.0,48,48,0,1
501209,Rajasthan Royals,Kolkata Knight Riders,2011-04-15,Sawai Mansingh Stadium,Kolkata Knight Riders,field,1523.2653,1468.4999,54.7654,0.4,0.6,-0.2,0.5,0.5,0.0,0.5909,0.4146,0.1763,7.821,7.7833,0.0377,0.001974,8.2097,8.1476,-0.0621,0.7,0.004861,0.6,0.4,0.2,0.8182,0.0,0.8182,44,41,3,0
501210,Mumbai Indians,Kochi Tuskers Kerala,2011-04-15,Wankhede Stadium,Kochi Tuskers Kerala,field,1546.9689,1480.3442,66.6247,0.6,0.0,0.6,0.6,0.0,0.6,0.5556,0.0,0.5556,7.5882,7.5061,0.0822,0.005358,7.0603,7.6967,0.6364,1.1,0.009388,0.0,0.0,0.0,0.5,0.5,0.0,45,2,43,0
501211,Chennai Super Kings,Royal Challengers Bangalore,2011-04-16,"MA Chidambaram Stadium, Chepauk",Chennai Super Kings,bat,1541.908,1483.0682,58.8399,0.8,0.4,0.4,0.7,0.4,0.3,0.5745,0.449,0.1255,8.2638,7.3978,0.866,0.024581,7.5663,7.668,0.1017,0.9,0.007401,0.4286,0.5714,-0.1429,0.5714,0.5,0.0714,47,49,-2,1
501212,Deccan Chargers,Kings XI Punjab,2011-04-16,"Rajiv Gandhi International Stadium, Uppal",Kings XI Punjab,field,1471.4845,1467.2737,4.2108,0.2,0.4,-0.2,0.6,0.4,0.2,0.4082,0.4773,-0.0691,7.1891,8.1421,-0.953,-0.034829,7.2281,8.4888,1.2607,0.8,0.00545,0.3333,0.6667,-0.3333,0.1111,1.0,-0.8889,49,44,5,0
501213,Pune Warriors,Delhi Daredevils,2011-04-17,Dr DY Patil Sports Academy,Delhi Daredevils,field,1518.4001,1498.7873,19.6128,1.0,0.2,0.8,1.0,0.4,0.6,1.0,0.5333,0.4667,7.7268,7.2237,0.5031,0.035863,6.2903,7.0093,0.7189,2.0,0.014054,0.0,0.0,0.0,1.0,0.0,1.0,2,45,-43,0
501214,Kolkata Knight Riders,Rajasthan Royals,2011-04-17,Eden Gardens,Kolkata Knight Riders,field,1480.0632,1511.7019,-31.6387,0.8,0.4,0.4,0.6,0.4,0.2,0.4286,0.5778,-0.1492,7.9751,7.6896,0.2856,0.012223,8.0274,8.2722,0.2448,-0.2,-0.001164,0.5,0.5,0.0,0.6667,0.5,0.1667,42,45,-3,1
501215,Kochi Tuskers Kerala,Chennai Super Kings,2011-04-18,Nehru Stadium,Kochi Tuskers Kerala,field,1492.2387,1550.2305,-57.9918,0.3333,0.8,-0.4667,0.3333,0.7,-0.3667,0.3333,0.5833,-0.25,8.038,7.9549,0.0832,0.010584,8.027,7.2668,-0.7603,-2.5,-0.020759,0.0,0.0,0.0,0.0,0.5,-0.5,3,48,-45,1
501216,Delhi Daredevils,Deccan Chargers,2011-04-19,Feroz Shah Kotla,Deccan Chargers,bat,1509.3512,1461.3633,47.9879,0.4,0.2,0.2,0.4,0.5,-0.1,0.5435,0.4,0.1435,7.3059,7.0792,0.2266,-0.001764,7.2616,7.2407,-0.0209,0.3,0.002183,0.5714,0.4286,0.1429,0.5,0.5,0.0,46,50,-4,0
501218,Mumbai Indians,Pune Warriors,2011-04-20,Wankhede Stadium,Pune Warriors,bat,1535.0745,1507.8362,27.2383,0.6,0.6667,-0.0667,0.6,0.6667,-0.0667,0.5435,0.6667,-0.1232,7.8084,8.1752,-0.3669,-0.023457,7.196,7.3171,0.1211,-1.7667,-0.013327,0.0,0.0,0.0,0.4,0.5,-0.1,46,3,43,1
501219,Kolkata Knight Riders,Kochi Tuskers Kerala,2011-04-20,Eden Gardens,Kolkata Knight Riders,field,1490.9713,1503.8925,-12.9211,0.8,0.5,0.3,0.6,0.5,0.1,0.4419,0.5,-0.0581,7.7348,8.1913,-0.4565,-0.01441,7.8316,7.9241,0.0925,1.7,0.016245,0.0,0.0,0.0,0.6875,0.5,0.1875,43,4,39,0
501220,Kings XI Punjab,Rajasthan Royals,2011-04-21,"Punjab Cricket Association Stadium, Mohali",Rajasthan Royals,field,1477.3949,1500.7938,-23.3989,0.4,0.4,0.0,0.5,0.4,0.1,0.4889,0.5652,-0.0763,8.2525,7.5695,0.683,0.034632,8.5086,7.9861,-0.5226,0.1,0.000412,0.3333,0.6667,-0.3333,0.6154,0.5,0.1154,45,46,-1,1
501221,Mumbai Indians,Chennai Super Kings,2011-04-22,Wankhede Stadium,Chennai Super Kings,field,1544.2921,1538.5767,5.7154,0.6,0.6,0.0,0.7,0.6,0.1,0.5532,0.5714,-0.0182,7.6609,7.9437,-0.2828,-0.012953,7.0553,7.4633,0.408,0.6,0.00465,0.4286,0.5714,-0.1429,0.5,0.5,0.0,47,49,-2,1
501222,Kolkata Knight Riders,Royal Challengers Bangalore,2011-04-22,Eden Gardens,Royal Challengers Bangalore,field,1481.3431,1474.7457,6.5974,0.6,0.4,0.2,0.6,0.4,0.2,0.4318,0.44,-0.0082,7.3866,7.3154,0.0712,0.009977,7.3814,7.6533,0.2719,0.6,0.008077,0.5,0.5,0.0,0.6471,0.0,0.6471,44,50,-6,0
501223,Delhi Daredevils,Kings XI Punjab,2011-04-23,Feroz Shah Kotla,Kings XI Punjab,field,1497.9787,1488.0673,9.9114,0.2,0.6,-0.4,0.3,0.6,-0.3,0.5319,0.5,0.0319,7.1396,8.295,-1.1554,-0.056219,7.4176,8.2958,0.8781,-0.4,-0.004834,0.3333,0.6667,-0.3333,0.4667,1.0,-0.5333,47,46,1,1
501224,Deccan Chargers,Mumbai Indians,2011-04-24,"Rajiv Gandhi International Stadium, Uppal",Deccan Chargers,field,1472.7358,1554.1276,-81.3918,0.4,0.8,-0.4,0.5,0.7,-0.2,0.4118,0.5625,-0.1507,7.2168,7.6118,-0.395,-0.001496,7.3181,7.115,-0.2031,-1.4,-0.010895,0.5,0.5,0.0,0.1,1.0,-0.9,51,48,3,0
501225,Rajasthan Royals,Kochi Tuskers Kerala,2011-04-24,Sawai Mansingh Stadium,Rajasthan Royals,field,1490.1213,1513.5208,-23.3994,0.4,0.6,-0.2,0.4,0.6,-0.2,0.5532,0.6,-0.0468,7.2031,7.8216,-0.6185,-0.026105,7.6794,7.5705,-0.1089,0.2,0.003114,0.0,0.0,0.0,0.75,0.5,0.25,47,5,42,1
501226,Chennai Super Kings,Pune Warriors,2011-04-25,"MA Chidambaram Stadium, Chepauk",Pune Warriors,field,1528.7412,1498.6186,30.1226,0.4,0.5,-0.1,0.6,0.5,0.1,0.56,0.5,0.06,7.9949,7.7591,0.2358,-0.000243,7.5453,7.0286,-0.5167,-0.6,-0.003565,0.0,0.0,0.0,0.6,0.5,0.1,50,4,46,1
501227,Delhi Daredevils,Royal Challengers Bangalore,2011-04-26,Feroz Shah Kotla,Royal Challengers Bangalore,field,1507.6935,1484.9356,22.7579,0.4,0.4,0.0,0.3,0.4,-0.1,0.5417,0.451,0.0907,7.3542,7.3385,0.0157,-0.005456,7.6794,7.6884,0.009,-0.5,-0.003378,0.8333,0.1667,0.6667,0.5,0.0,0.5,48,51,-3,0
501228,Pune Warriors,Chennai Super Kings,2011-04-27,Dr DY Patil Sports Academy,Pune Warriors,bat,1489.4834,1537.8763,-48.3929,0.4,0.4,0.0,0.4,0.6,-0.2,0.4,0.5686,-0.1686,7.3108,7.7467,-0.4359,-0.012246,7.0082,7.4533,0.4452,0.4,0.00174,0.0,1.0,-1.0,0.6667,0.6667,0.0,5,51,-46,0
501229,Kochi Tuskers Kerala,Deccan Chargers,2011-04-27,Nehru Stadium,Kochi Tuskers Kerala,field,1502.8483,1465.0365,37.8118,0.6,0.4,0.2,0.5,0.4,0.1,0.5,0.4038,0.0962,7.3853,7.1436,0.2417,0.002686,7.5924,7.5102,-0.0822,-0.1,0.000474,0.0,0.0,0.0,0.5,0.5,0.0,6,52,-46,0
501230,Delhi Daredevils,Kolkata Knight Riders,2011-04-28,Feroz Shah Kotla,Delhi Daredevils,field,1497.0394,1471.1532,25.8862,0.4,0.6,-0.2,0.3,0.5,-0.2,0.5306,0.4222,0.1084,7.2896,7.3162,-0.0266,-0.008639,7.605,7.4947,-0.1103,-0.4,-0.005746,0.6,0.4,0.2,0.4706,0.0,0.4706,49,45,4,0
501231,Rajasthan Royals,Mumbai Indians,2011-04-29,Sawai Mansingh Stadium,Rajasthan Royals,field,1500.7938,1561.8269,-61.0331,0.4,0.8,-0.4,0.4,0.7,-0.3,0.5625,0.5714,-0.0089,7.184,7.5764,-0.3924,-0.008024,7.4492,7.0641,-0.3851,-1.5,-0.010609,0.4,0.6,-0.2,0.7692,0.5,0.2692,48,49,-1,1
501232,Royal Challengers Bangalore,Pune Warriors,2011-04-29,M Chinnaswamy Stadium,Pune Warriors,field,1495.5897,1480.8673,14.7223,0.4,0.2,0.2,0.5,0.3333,0.1667,0.4615,0.3333,0.1282,7.4767,7.2227,0.254,0.008745,7.7011,7.019,-0.682,-0.4667,-0.003954,0.0,0.0,0.0,0.3333,0.5,-0.1667,52,6,46,1
501233,Kochi Tuskers Kerala,Delhi Daredevils,2011-04-30,Nehru Stadium,Delhi Daredevils,bat,1491.7642,1486.2957,5.4685,0.6,0.4,0.2,0.4286,0.3,0.1286,0.4286,0.52,-0.0914,6.9938,7.4002,-0.4063,-0.000416,7.3755,7.7016,0.3261,-0.6429,-0.003211,0.0,0.0,0.0,0.3333,0.5,-0.1667,7,50,-43,0
501234,Kolkata Knight Riders,Kings XI Punjab,2011-04-30,Eden Gardens,Kolkata Knight Riders,field,1481.8969,1478.3525,3.5444,0.6,0.6,0.0,0.6,0.5,0.1,0.4348,0.4894,-0.0546,7.2545,8.2097,-0.9552,-0.049394,7.2176,8.463,1.2454,0.6,0.005345,0.5,0.5,0.0,0.6111,0.5,0.1111,46,47,-1,1
501235,Rajasthan Royals,Pune Warriors,2011-05-01,Sawai Mansingh Stadium,Rajasthan Royals,field,1512.5326,1471.2908,41.2418,0.4,0.0,0.4,0.4,0.2857,0.1143,0.5714,0.2857,0.2857,6.775,7.2562,-0.4811,-0.016319,7.154,7.2952,0.1412,-0.1714,0.00149,0.0,0.0,0.0,0.7857,0.5,0.2857,49,7,42,1
501236,Chennai Super Kings,Deccan Chargers,2011-05-01,"MA Chidambaram Stadium, Chepauk",Chennai Super Kings,bat,1546.4924,1476.1205,70.3719,0.6,0.6,0.0,0.7,0.4,0.3,0.5769,0.4151,0.1618,7.9291,6.884,1.0452,0.02331,7.5439,7.1334,-0.4104,0.9,0.005869,0.4286,0.5714,-0.1429,0.625,1.0,-0.375,52,53,-1,1
501237,Mumbai Indians,Kings XI Punjab,2011-05-02,Wankhede Stadium,Kings XI Punjab,field,1550.0881,1468.4545,81.6335,0.6,0.6,0.0,0.6,0.5,0.1,0.56,0.4792,0.0808,7.1102,8.0546,-0.9444,-0.050413,6.9386,8.1874,1.2488,0.5,0.003603,0.3333,0.6667,-0.3333,0.5714,0.5,0.0714,50,48,2,1
501238,Delhi Daredevils,Kochi Tuskers Kerala,2011-05-02,Feroz Shah Kotla,Kochi Tuskers Kerala,field,1496.4531,1481.6069,14.8462,0.4,0.4,0.0,0.4,0.375,0.025,0.5294,0.375,0.1544,7.4459,6.9036,0.5423,0.00939,7.4526,7.397,-0.0556,0.975,0.006757,1.0,0.0,1.0,0.4444,0.5,-0.0556,51,8,43,0
501239,Deccan Chargers,Kolkata Knight Riders,2011-05-03,"Rajiv Gandhi International Stadium, Uppal",Deccan Chargers,field,1468.1187,1491.7949,-23.6761,0.4,0.6,-0.2,0.3,0.7,-0.4,0.4074,0.4468,-0.0394,6.8776,7.2626,-0.385,-0.007851,7.2883,6.8679,-0.4204,-1.5,-0.011028,0.2857,0.7143,-0.4286,0.0909,1.0,-0.9091,54,47,7,0
501240,Chennai Super Kings,Rajasthan Royals,2011-05-04,"MA Chidambaram Stadium, Chepauk",Rajasthan Royals,bat,1554.4942,1521.3511,33.1431,0.6,0.6,0.0,0.7,0.5,0.2,0.5849,0.58,0.0049,7.7743,6.836,0.9383,0.022759,7.3133,7.0289,-0.2844,1.1,0.006979,0.4286,0.5714,-0.1429,0.6471,0.5,0.1471,53,50,3,1
501241,Pune Warriors,Mumbai Indians,2011-05-04,Dr DY Patil Sports Academy,Pune Warriors,field,1462.4723,1557.7808,-95.3085,0.0,0.8,-0.8,0.25,0.7,-0.45,0.25,0.5686,-0.3186,7.227,7.2444,-0.0175,0.000835,7.291,6.8857,-0.4052,-1.425,-0.012657,0.0,1.0,-1.0,0.5,0.6667,-0.1667,8,51,-43,0
501242,Kochi Tuskers Kerala,Kolkata Knight Riders,2011-05-05,Nehru Stadium,Kolkata Knight Riders,field,1492.0339,1501.1145,-9.0806,0.4,0.6,-0.2,0.4444,0.7,-0.2556,0.4444,0.4583,-0.0139,7.0488,7.3106,-0.2618,0.0035,7.3169,6.9416,-0.3754,-1.0778,-0.008122,1.0,0.0,1.0,0.25,0.5,-0.25,9,48,-39,1
501243,Deccan Chargers,Delhi Daredevils,2011-05-05,"Rajiv Gandhi International Stadium, Uppal",Delhi Daredevils,field,1458.7991,1486.0261,-27.2269,0.4,0.4,0.0,0.3,0.3,0.0,0.4,0.5192,-0.1192,7.0704,7.5232,-0.4528,-0.016309,7.4093,7.7587,0.3494,-0.7,-0.005278,0.5,0.5,0.0,0.0833,1.0,-0.9167,55,52,3,0
501244,Royal Challengers Bangalore,Kings XI Punjab,2011-05-06,M Chinnaswamy Stadium,Kings XI Punjab,field,1505.1662,1460.7618,44.4043,0.6,0.4,0.2,0.5,0.4,0.1,0.4717,0.4694,0.0023,7.5544,7.9323,-0.3779,-0.028154,7.8102,8.2129,0.4027,-0.1,-0.00293,0.5,0.5,0.0,0.375,0.5,-0.125,53,49,4,1
501245,Kolkata Knight Riders,Chennai Super Kings,2011-05-07,Eden Gardens,Chennai Super Kings,bat,1490.8532,1563.5431,-72.69,0.6,0.8,-0.2,0.6,0.7,-0.1,0.449,0.5926,-0.1436,7.2629,7.8542,-0.5913,-0.013813,7.0391,7.5037,0.4646,-0.3,-0.002498,0.1667,0.8333,-0.6667,0.6316,1.0,-0.3684,49,54,-5,1
501246,Mumbai Indians,Delhi Daredevils,2011-05-07,Wankhede Stadium,Delhi Daredevils,field,1565.1044,1495.244,69.8604,0.8,0.4,0.4,0.7,0.4,0.3,0.5769,0.5283,0.0486,7.1436,7.7492,-0.6056,-0.020974,6.8586,7.8848,1.0263,1.3,0.010353,0.5714,0.4286,0.1429,0.625,0.0,0.625,52,53,-1,1
501247,Royal Challengers Bangalore,Kochi Tuskers Kerala,2011-05-08,M Chinnaswamy Stadium,Kochi Tuskers Kerala,bat,1513.895,1502.2952,11.5998,0.8,0.4,0.4,0.6,0.5,0.1,0.4815,0.5,-0.0185,7.9206,7.0966,0.824,0.026212,7.4708,7.2672,-0.2036,0.2,-0.000347,1.0,0.0,1.0,0.4118,0.5,-0.0882,54,10,44,1
501248,Kings XI Punjab,Pune Warriors,2011-05-08,"Punjab Cricket Association Stadium, Mohali",Kings XI Punjab,bat,1452.033,1455.1487,-3.1157,0.2,0.0,0.2,0.3,0.2222,0.0778,0.46,0.2222,0.2378,7.8937,7.1682,0.7255,0.035911,8.7305,7.3418,-1.3887,-0.7556,-0.004394,0.0,1.0,-1.0,0.6429,0.5,0.1429,50,9,41,0
501249,Rajasthan Royals,Chennai Super Kings,2011-05-09,Sawai Mansingh Stadium,Rajasthan Royals,field,1512.3022,1551.481,-39.1788,0.6,0.8,-0.2,0.5,0.6,-0.1,0.5686,0.5818,-0.0132,6.932,7.592,-0.66,-0.011058,6.9837,7.4644,0.4808,-0.3,-0.003672,0.5,0.5,0.0,0.8,0.0,0.8,51,55,-4,0
501250,Deccan Chargers,Pune Warriors,2011-05-10,"Rajiv Gandhi International Stadium, Uppal",Deccan Chargers,bat,1449.5812,1465.059,-15.4778,0.2,0.2,0.0,0.3,0.3,0.0,0.3929,0.3,0.0929,7.4599,7.1157,0.3442,0.004643,7.6405,7.2049,-0.4356,-0.5,-0.003227,0.0,0.0,0.0,0.0769,0.5,-0.4231,56,10,46,0
501251,Kings XI Punjab,Mumbai Indians,2011-05-10,"Punjab Cricket Association Stadium, Mohali",Mumbai Indians,field,1442.1226,1573.1203,-130.9976,0.0,0.8,-0.8,0.3,0.8,-0.5,0.451,0.5849,-0.1339,7.6552,7.308,0.3472,0.017213,8.5277,6.7368,-1.7908,-2.3,-0.017792,0.5714,0.4286,0.1429,0.6,0.0,0.6,51,53,-2,1
501252,Rajasthan Royals,Royal Challengers Bangalore,2011-05-11,Sawai Mansingh Stadium,Royal Challengers Bangalore,field,1503.4251,1523.5613,-20.1362,0.6,1.0,-0.4,0.5,0.7,-0.2,0.5577,0.4909,0.0668,6.9373,8.1301,-1.1927,-0.0504,7.1788,7.1718,-0.007,-0.6,-0.003091,0.5,0.5,0.0,0.75,0.5,0.25,52,55,-3,0
501253,Chennai Super Kings,Delhi Daredevils,2011-05-12,"MA Chidambaram Stadium, Chepauk",Chennai Super Kings,bat,1560.3581,1487.2281,73.13,0.8,0.4,0.4,0.6,0.4,0.2,0.5893,0.5185,0.0708,7.7802,7.8955,-0.1153,-0.018442,7.3826,8.1754,0.7929,0.4,0.005943,0.5,0.5,0.0,0.6667,1.0,-0.3333,56,54,2,1
501254,Kochi Tuskers Kerala,Kings XI Punjab,2011-05-13,Holkar Cricket Stadium,Kings XI Punjab,field,1492.629,1455.724,36.905,0.4,0.2,0.2,0.5,0.4,0.1,0.4545,0.4615,-0.007,6.8787,7.5123,-0.6336,-0.021587,7.3368,8.2675,0.9307,-0.3,-0.003737,0.0,0.0,0.0,0.5,0.5,0.0,11,52,-41,0
501255,Royal Challengers Bangalore,Kolkata Knight Riders,2011-05-14,M Chinnaswamy Stadium,Royal Challengers Bangalore,field,1532.9824,1502.9154,30.067,1.0,0.8,0.2,0.7,0.7,0.0,0.5,0.46,0.04,8.3264,7.1701,1.1563,0.049396,7.4169,6.8329,-0.5839,-0.4,-0.004895,0.5714,0.4286,0.1429,0.4444,0.5,-0.0556,56,50,6,1
501256,Mumbai Indians,Deccan Chargers,2011-05-14,Wankhede Stadium,Deccan Chargers,bat,1559.5189,1440.0264,119.4925,0.6,0.2,0.4,0.7,0.3,0.4,0.5741,0.386,0.1881,7.4139,7.455,-0.0411,0.010164,7.0017,7.6396,0.6379,1.4,0.010923,0.5714,0.4286,0.1429,0.6667,0.5,0.1667,54,57,-3,0
501257,Kings XI Punjab,Delhi Daredevils,2011-05-15,Himachal Pradesh Cricket Association Stadium,Delhi Daredevils,field,1466.7822,1479.3024,-12.5202,0.4,0.4,0.0,0.5,0.4,0.1,0.4717,0.5091,-0.0374,7.8976,7.9293,-0.0317,0.005316,8.2687,8.2407,-0.0281,0.3,0.004314,0.5714,0.4286,0.1429,0.0,0.5,-0.5,53,55,-2,1
501258,Kochi Tuskers Kerala,Rajasthan Royals,2011-05-15,Holkar Cricket Stadium,Kochi Tuskers Kerala,field,1481.5707,1494.004,-12.4333,0.4,0.4,0.0,0.5,0.4,0.1,0.4167,0.5472,-0.1305,6.9983,6.9089,0.0893,0.01185,7.5278,7.355,-0.1727,0.2,0.002967,0.0,1.0,-1.0,0.0,0.5,-0.5,12,53,-41,1
501259,Pune Warriors,Deccan Chargers,2011-05-16,Dr DY Patil Sports Academy,Deccan Chargers,field,1474.6138,1453.3362,21.2776,0.4,0.2,0.2,0.3,0.4,-0.1,0.3636,0.3966,-0.0329,7.0518,7.3805,-0.3287,0.000396,7.347,7.4174,0.0703,-0.1,-0.001551,1.0,0.0,1.0,0.4,0.2,0.2,11,58,-47,0
501260,Kings XI Punjab,Royal Challengers Bangalore,2011-05-17,Himachal Pradesh Cricket Association Stadium,Kings XI Punjab,bat,1477.1424,1542.1191,-64.9767,0.6,1.0,-0.4,0.5,0.7,-0.2,0.4815,0.5088,-0.0273,7.7136,8.3333,-0.6197,-0.023843,8.012,7.3289,-0.6831,0.7,0.007515,0.4286,0.5714,-0.1429,0.3333,0.5,-0.1667,54,57,-3,1
501261,Chennai Super Kings,Kochi Tuskers Kerala,2011-05-18,"MA Chidambaram Stadium, Chepauk",Chennai Super Kings,bat,1568.2838,1491.9284,76.3553,0.8,0.6,0.2,0.7,0.5,0.2,0.5965,0.4615,0.135,7.7207,6.9936,0.7271,0.011779,7.1476,7.1604,0.0128,0.4,0.002473,0.0,1.0,-1.0,0.6842,0.5,0.1842,57,13,44,1
501262,Pune Warriors,Kolkata Knight Riders,2011-05-19,Dr DY Patil Sports Academy,Kolkata Knight Riders,field,1464.0022,1493.7786,-29.7764,0.4,0.6,-0.2,0.2,0.6,-0.4,0.3333,0.451,-0.1176,6.9825,7.0444,-0.062,0.009795,7.3097,6.8446,-0.4652,-0.4,-0.005605,0.0,0.0,0.0,0.3333,1.0,-0.6667,12,51,-39,0
501263,Mumbai Indians,Rajasthan Royals,2011-05-20,Wankhede Stadium,Mumbai Indians,bat,1546.2091,1483.6463,62.5628,0.6,0.2,0.4,0.6,0.3,0.3,0.5636,0.537,0.0266,7.231,6.6258,0.6053,0.025051,6.9942,7.5755,0.5813,2.8,0.019482,0.5,0.5,0.0,0.6,1.0,-0.4,55,54,1,0
501264,Kings XI Punjab,Deccan Chargers,2011-05-21,Himachal Pradesh Cricket Association Stadium,Kings XI Punjab,field,1488.9911,1463.9478,25.0433,0.8,0.4,0.4,0.5,0.4,0.1,0.4909,0.4068,0.0841,7.953,7.2235,0.7295,0.038707,7.8936,7.4059,-0.4878,0.5,0.006425,0.7143,0.2857,0.4286,0.5,1.0,-0.5,55,59,-4,0
501266,Royal Challengers Bangalore,Chennai Super Kings,2011-05-22,M Chinnaswamy Stadium,Royal Challengers Bangalore,field,1530.2704,1576.1208,-45.8503,0.8,0.8,0.0,0.7,0.7,0.0,0.5,0.6034,-0.1034,8.3661,7.5607,0.8054,0.053609,7.6903,7.0253,-0.665,-0.3,-0.00531,0.5,0.5,0.0,0.4737,0.5,-0.0263,58,58,0,1
501267,Kolkata Knight Riders,Mumbai Indians,2011-05-22,Eden Gardens,Mumbai Indians,field,1502.9237,1534.4277,-31.504,0.6,0.4,0.2,0.6,0.6,0.0,0.4615,0.5536,-0.092,6.8868,7.0092,-0.1224,-0.012725,6.6551,6.9769,0.3218,-0.8,-0.006266,0.1667,0.8333,-0.6667,0.65,0.5,0.15,52,56,-4,0
501268,Royal Challengers Bangalore,Chennai Super Kings,2011-05-24,Wankhede Stadium,Chennai Super Kings,field,1541.5825,1564.8087,-23.2262,0.8,0.6,0.2,0.8,0.7,0.1,0.5085,0.5932,-0.0847,8.3636,7.4112,0.9524,0.06188,7.4519,6.8506,-0.6013,0.1,-0.000971,0.5556,0.4444,0.1111,1.0,0.3333,0.6667,59,59,0,0
501269,Mumbai Indians,Kolkata Knight Riders,2011-05-25,Wankhede Stadium,Mumbai Indians,field,1543.5234,1493.828,49.6954,0.4,0.4,0.0,0.6,0.5,0.1,0.5614,0.4528,0.1086,7.25,7.1706,0.0794,0.012291,7.1898,6.978,-0.2118,1.0,0.008635,0.8571,0.1429,0.7143,0.5455,0.0,0.5455,57,53,4,1
501270,Royal Challengers Bangalore,Mumbai Indians,2011-05-27,"MA Chidambaram Stadium, Chepauk",Mumbai Indians,field,1532.25,1552.1027,-19.8527,0.6,0.4,0.2,0.8,0.6,0.2,0.5,0.569,-0.069,8.4353,7.2363,1.1989,0.049483,7.4039,7.1745,-0.2295,-0.6,-0.006849,0.375,0.625,-0.25,0.3333,0.0,0.3333,60,58,2,1
501271,Chennai Super Kings,Royal Challengers Bangalore,2011-05-28,"MA Chidambaram Stadium, Chepauk",Chennai Super Kings,bat,1574.1412,1542.8208,31.3204,0.8,0.6,0.2,0.8,0.8,0.0,0.6,0.5082,0.0918,7.544,8.3674,-0.8234,-0.050794,6.9247,7.3031,0.3784,-0.3,-0.000714,0.5,0.5,0.0,0.7,0.5,0.2,60,61,-1,1
548306,Chennai Super Kings,Mumbai Indians,2012-04-04,"MA Chidambaram Stadium, Chepauk",Mumbai Indians,field,1583.2422,1541.5319,41.7102,0.8,0.4,0.4,0.8,0.5,0.3,0.6066,0.5593,0.0472,7.8582,7.0849,0.7732,0.000436,7.0848,7.392,0.3072,-0.3,-0.001961,0.5,0.5,0.0,0.7143,0.0,0.7143,61,59,2,0
548307,Kolkata Knight Riders,Delhi Daredevils,2012-04-05,Eden Gardens,Delhi Daredevils,field,1485.2486,1468.9422,16.3064,0.4,0.2,0.2,0.5,0.3,0.2,0.4444,0.5,-0.0556,7.2717,7.6744,-0.4027,-0.017373,7.0951,8.1493,1.0542,-0.1,0.000255,0.5,0.5,0.0,0.619,0.0,0.619,54,56,-2,0
548308,Mumbai Indians,Pune Warriors,2012-04-06,Wankhede Stadium,Mumbai Indians,field,1552.7267,1454.8571,97.8696,0.6,0.4,0.2,0.6,0.2,0.4,0.5667,0.3077,0.259,7.3139,6.6477,0.6662,0.023415,7.3784,7.0635,-0.3149,1.7,0.014167,1.0,0.0,1.0,0.5833,0.0,0.5833,60,13,47,0
548309,Rajasthan Royals,Kings XI Punjab,2012-04-06,Sawai Mansingh Stadium,Kings XI Punjab,field,1495.4278,1478.2716,17.1562,0.2,0.8,-0.6,0.4,0.4,0.0,0.5455,0.4821,0.0633,6.7733,7.6435,-0.8702,-0.034455,7.3733,8.1462,0.7729,-1.2,-0.008661,0.5714,0.4286,0.1429,0.7059,0.0,0.7059,55,56,-1,1
548310,Royal Challengers Bangalore,Delhi Daredevils,2012-04-07,M Chinnaswamy Stadium,Delhi Daredevils,field,1533.7198,1479.4112,54.3087,0.4,0.4,0.0,0.7,0.4,0.3,0.5,0.5088,-0.0088,8.2914,7.7603,0.5311,0.021095,7.5698,8.1192,0.5494,-0.1,-0.002843,0.2857,0.7143,-0.4286,0.5,1.0,-0.5,62,57,5,1
548311,Deccan Chargers,Chennai Super Kings,2012-04-07,Dr. Y.S. Rajasekhara Reddy ACA-VDCA Cricket Stadium,Deccan Chargers,field,1474.6674,1572.0474,-97.38,0.6,0.6,0.0,0.5,0.7,-0.2,0.4167,0.5968,-0.1801,7.379,7.678,-0.2991,-0.002922,7.1369,7.0724,-0.0645,1.3,0.008847,0.5,0.5,0.0,0.5,0.5,0.0,60,62,-2,0
548312,Rajasthan Royals,Kolkata Knight Riders,2012-04-08,Sawai Mansingh Stadium,Kolkata Knight Riders,field,1504.9344,1474.7796,30.1548,0.4,0.2,0.2,0.5,0.5,0.0,0.5536,0.4364,0.1172,7.1733,7.2297,-0.0564,0.00196,7.5556,6.9797,-0.5759,-0.2,-0.001807,0.4286,0.5714,-0.1429,0.7222,0.5,0.2222,56,55,1,1
548313,Pune Warriors,Kings XI Punjab,2012-04-08,Subrata Roy Sahara Stadium,Pune Warriors,bat,1467.6018,1468.765,-1.1631,0.6,0.6,0.0,0.3,0.4,-0.1,0.3571,0.4737,-0.1165,6.6253,7.4435,-0.8182,-0.028122,6.9308,7.9304,0.9997,-0.3,-0.004599,1.0,0.0,1.0,0.5,0.5,0.0,14,57,-43,1
548314,Deccan Chargers,Mumbai Indians,2012-04-09,Dr. Y.S. Rajasekhara Reddy ACA-VDCA Cricket Stadium,Deccan Chargers,bat,1467.3991,1539.982,-72.5829,0.6,0.6,0.0,0.4,0.5,-0.1,0.4098,0.5574,-0.1475,7.2337,6.9983,0.2354,-0.012874,7.3117,7.3311,0.0194,-0.2,-0.001851,0.5,0.5,0.0,0.0,0.5,-0.5,61,61,0,0
548315,Royal Challengers Bangalore,Kolkata Knight Riders,2012-04-10,M Chinnaswamy Stadium,Royal Challengers Bangalore,field,1542.1693,1465.6454,76.5239,0.6,0.2,0.4,0.7,0.4,0.3,0.5079,0.4286,0.0794,8.1537,7.2023,0.9514,0.038706,7.4988,7.1608,-0.338,1.0,0.005687,0.625,0.375,0.25,0.5238,0.3333,0.1905,63,56,7,0
548316,Delhi Daredevils,Chennai Super Kings,2012-04-10,Feroz Shah Kotla,Delhi Daredevils,field,1470.9617,1579.3157,-108.354,0.2,0.6,-0.4,0.3,0.7,-0.4,0.5,0.6032,-0.1032,7.312,7.7956,-0.4836,0.008556,7.8928,7.0354,-0.8574,0.7,0.004894,0.4286,0.5714,-0.1429,0.4211,1.0,-0.5789,58,63,-5,1
548317,Mumbai Indians,Rajasthan Royals,2012-04-11,Wankhede Stadium,Rajasthan Royals,field,1547.9228,1514.0686,33.8541,0.6,0.6,0.0,0.5,0.6,-0.1,0.5645,0.5614,0.0031,6.9298,7.2511,-0.3213,-0.003365,7.3322,7.2944,-0.0378,1.3,0.008033,0.4286,0.5714,-0.1429,0.5385,1.0,-0.4615,62,57,5,1
548318,Chennai Super Kings,Royal Challengers Bangalore,2012-04-12,"MA Chidambaram Stadium, Chepauk",Royal Challengers Bangalore,bat,1566.2944,1530.0017,36.2926,0.6,0.4,0.2,0.6,0.6,0.0,0.5938,0.5,0.0938,7.5568,7.6673,-0.1105,-0.022093,7.1085,7.7429,0.6344,-0.9,-0.003124,0.5455,0.4545,0.0909,0.6818,0.4,0.2818,64,64,0,1
548319,Kings XI Punjab,Pune Warriors,2012-04-12,"Punjab Cricket Association Stadium, Mohali",Kings XI Punjab,field,1458.7315,1477.6353,-18.9038,0.4,0.6,-0.2,0.4,0.4,0.0,0.4655,0.4,0.0655,7.5663,6.8628,0.7035,0.022417,8.0652,6.935,-1.1302,0.5,0.005744,0.0,1.0,-1.0,0.625,1.0,-0.375,58,15,43,1
548320,Kolkata Knight Riders,Rajasthan Royals,2012-04-13,Eden Gardens,Rajasthan Royals,bat,1477.813,1505.04,-27.227,0.2,0.6,-0.4,0.4,0.5,-0.1,0.4386,0.5517,-0.1131,7.3685,7.3373,0.0312,-0.000211,7.163,7.7819,0.6189,0.2,0.001472,0.5,0.5,0.0,0.5909,0.3333,0.2576,57,58,-1,1
548322,Pune Warriors,Chennai Super Kings,2012-04-14,Subrata Roy Sahara Stadium,Chennai Super Kings,bat,1467.0917,1575.2536,-108.1618,0.4,0.6,-0.2,0.4,0.7,-0.3,0.375,0.6,-0.225,6.7618,8.0048,-1.243,-0.020273,6.8876,7.4442,0.5566,0.1,-0.000343,0.0,1.0,-1.0,1.0,0.5,0.5,16,65,-49,1
548323,Kolkata Knight Riders,Kings XI Punjab,2012-04-15,Eden Gardens,Kolkata Knight Riders,field,1488.595,1469.275,19.32,0.4,0.4,0.0,0.4,0.5,-0.1,0.4483,0.4746,-0.0263,7.2216,7.5609,-0.3393,-0.017027,7.0554,7.8521,0.7967,-1.4,-0.010976,0.5714,0.4286,0.1429,0.6087,0.3333,0.2754,58,59,-1,0
548324,Royal Challengers Bangalore,Rajasthan Royals,2012-04-15,M Chinnaswamy Stadium,Rajasthan Royals,bat,1521.0425,1494.2579,26.7846,0.4,0.6,-0.2,0.5,0.4,0.1,0.4923,0.5424,-0.0501,7.7483,7.4274,0.3209,0.007364,8.1928,8.032,-0.1608,0.7,0.003334,0.5714,0.4286,0.1429,0.5,0.5,0.0,65,59,6,0
548325,Mumbai Indians,Delhi Daredevils,2012-04-16,Wankhede Stadium,Delhi Daredevils,field,1556.9514,1483.9831,72.9684,0.6,0.4,0.2,0.5,0.4,0.1,0.5714,0.5085,0.063,7.0515,7.3684,-0.3169,-0.010002,7.4837,7.6152,0.1315,0.6,0.003456,0.625,0.375,0.25,0.5714,0.0,0.5714,63,59,4,0
548326,Rajasthan Royals,Deccan Chargers,2012-04-17,Sawai Mansingh Stadium,Deccan Chargers,bat,1505.0273,1459.4583,45.569,0.6,0.6,0.0,0.4,0.4,0.0,0.55,0.4032,0.1468,7.6743,7.2486,0.4257,0.031509,8.0089,7.174,-0.8349,-1.4,-0.008592,0.8571,0.1429,0.7143,0.7368,0.0,0.7368,60,62,-2,1
548327,Royal Challengers Bangalore,Pune Warriors,2012-04-17,M Chinnaswamy Stadium,Pune Warriors,bat,1510.2731,1480.1081,30.1651,0.2,0.6,-0.4,0.4,0.5,-0.1,0.4848,0.4118,0.0731,7.5663,6.8007,0.7657,0.017017,8.4676,6.7386,-1.729,-0.6,-0.005172,1.0,0.0,1.0,0.4783,0.0,0.4783,66,17,49,1
548328,Kings XI Punjab,Kolkata Knight Riders,2012-04-18,"Punjab Cricket Association Stadium, Mohali",Kings XI Punjab,bat,1479.8305,1478.0395,1.791,0.4,0.4,0.0,0.6,0.4,0.2,0.4833,0.4407,0.0427,7.6559,7.1818,0.474,0.02229,7.4691,6.9638,-0.5053,1.1,0.008087,0.5,0.5,0.0,0.6471,0.5,0.1471,60,59,1,0
548321,Delhi Daredevils,Deccan Chargers,2012-04-19,Feroz Shah Kotla,Deccan Chargers,bat,1496.0529,1450.7624,45.2905,0.6,0.4,0.2,0.5,0.3,0.2,0.5167,0.3968,0.1198,7.3555,7.5805,-0.225,0.011587,7.3634,7.6547,0.2913,0.5,0.007373,0.5556,0.4444,0.1111,0.45,0.6667,-0.2167,60,63,-3,1
548330,Chennai Super Kings,Pune Warriors,2012-04-19,"MA Chidambaram Stadium, Chepauk",Pune Warriors,field,1562.2372,1470.9741,91.2631,0.4,0.6,-0.2,0.6,0.5,0.1,0.5909,0.3889,0.202,7.8131,6.99,0.8231,0.009239,7.5768,6.9219,-0.6548,-0.8,-0.005306,0.6667,0.3333,0.3333,0.6957,0.0,0.6957,66,18,48,1
548331,Kings XI Punjab,Royal Challengers Bangalore,2012-04-20,"Punjab Cricket Association Stadium, Mohali",Royal Challengers Bangalore,field,1469.779,1519.4071,-49.6281,0.4,0.4,0.0,0.6,0.4,0.2,0.4754,0.4925,-0.0171,7.668,7.6855,-0.0175,0.008607,7.5636,8.625,1.0614,1.1,0.0125,0.5,0.5,0.0,0.6111,0.5,0.1111,61,67,-6,0
548332,Chennai Super Kings,Rajasthan Royals,2012-04-21,"MA Chidambaram Stadium, Chepauk",Rajasthan Royals,bat,1569.6693,1513.7232,55.9461,0.6,0.6,0.0,0.6,0.5,0.1,0.597,0.5574,0.0396,7.7613,7.9153,-0.154,-0.027413,7.5403,8.1943,0.654,-0.1,-0.00172,0.5556,0.4444,0.1111,0.7083,0.3333,0.375,67,61,6,1
548333,Delhi Daredevils,Pune Warriors,2012-04-21,Feroz Shah Kotla,Delhi Daredevils,field,1504.7567,1463.5421,41.2146,0.8,0.4,0.4,0.5,0.5,0.0,0.5246,0.3684,0.1562,7.4226,7.05,0.3726,0.019608,7.4833,6.9596,-0.5237,0.8,0.007814,1.0,0.0,1.0,0.4762,0.5,-0.0238,61,19,42,0
548334,Mumbai Indians,Kings XI Punjab,2012-04-22,Wankhede Stadium,Mumbai Indians,bat,1544.8816,1461.1978,83.6838,0.6,0.4,0.2,0.5,0.5,0.0,0.5625,0.4677,0.0948,6.8479,7.668,-0.8202,-0.018861,7.303,7.6814,0.3784,0.4,0.004918,0.375,0.625,-0.25,0.5333,0.3333,0.2,64,62,2,0
548335,Deccan Chargers,Kolkata Knight Riders,2012-04-22,Barabati Stadium,Kolkata Knight Riders,field,1442.0586,1488.0911,-46.0324,0.2,0.6,-0.4,0.3,0.4,-0.1,0.3906,0.45,-0.0594,7.6161,7.301,0.3151,0.000875,7.6713,7.023,-0.6484,0.1,-0.002942,0.25,0.75,-0.5,1.0,0.5,0.5,64,60,4,0
548336,Rajasthan Royals,Royal Challengers Bangalore,2012-04-23,Sawai Mansingh Stadium,Rajasthan Royals,field,1505.3197,1527.9883,-22.6686,0.4,0.4,0.0,0.5,0.5,0.0,0.5484,0.5,0.0484,7.9679,7.7855,0.1824,0.024095,7.9628,8.3092,0.3464,-0.6,-0.001021,0.5,0.5,0.0,0.75,0.6667,0.0833,62,68,-6,0
548337,Pune Warriors,Delhi Daredevils,2012-04-24,Subrata Roy Sahara Stadium,Pune Warriors,bat,1474.7228,1493.576,-18.8532,0.4,0.6,-0.2,0.5,0.5,0.0,0.4,0.5161,-0.1161,7.2826,7.6171,-0.3345,-0.01685,7.2151,7.5578,0.3427,-0.9,-0.00738,0.5,0.5,0.0,1.0,0.5,0.5,20,62,-42,0
548339,Kings XI Punjab,Mumbai Indians,2012-04-25,"Punjab Cricket Association Stadium, Mohali",Kings XI Punjab,bat,1473.5609,1532.5185,-58.9576,0.6,0.4,0.2,0.5,0.5,0.0,0.4762,0.5538,-0.0777,7.5646,7.055,0.5096,0.004845,7.6318,7.4524,-0.1794,-0.3,-0.003868,0.6667,0.3333,0.3333,0.5789,0.0,0.5789,63,65,-2,0
548341,Pune Warriors,Deccan Chargers,2012-04-26,Subrata Roy Sahara Stadium,Deccan Chargers,bat,1465.2649,1433.3759,31.889,0.4,0.0,0.4,0.4,0.3,0.1,0.381,0.3846,-0.0037,7.285,7.5149,-0.2298,-0.005063,7.419,7.495,0.076,-1.3,-0.009135,0.5,0.5,0.0,0.6667,0.5,0.1667,21,65,-44,0
548342,Delhi Daredevils,Mumbai Indians,2012-04-27,Feroz Shah Kotla,Mumbai Indians,field,1503.0339,1540.8377,-37.8038,0.8,0.6,0.2,0.5,0.6,-0.1,0.5238,0.5606,-0.0368,7.6141,7.239,0.3751,0.007539,7.4432,7.3438,-0.0994,-0.4,-0.002401,0.4444,0.5556,-0.1111,0.4545,0.6667,-0.2121,63,66,-3,1
548343,Chennai Super Kings,Kings XI Punjab,2012-04-28,"MA Chidambaram Stadium, Chepauk",Kings XI Punjab,bat,1578.0728,1465.2417,112.8311,0.6,0.4,0.2,0.6,0.4,0.2,0.6029,0.4688,0.1342,7.7433,7.5609,0.1824,-0.002066,7.5927,7.7889,0.1963,-0.7,-0.00419,0.8571,0.1429,0.7143,0.72,0.0,0.72,68,64,4,0
548344,Kolkata Knight Riders,Royal Challengers Bangalore,2012-04-28,Eden Gardens,Kolkata Knight Riders,bat,1496.7739,1537.3368,-40.5629,0.8,0.6,0.2,0.5,0.5,0.0,0.459,0.5072,-0.0482,7.2381,8.0176,-0.7795,-0.016157,6.879,8.3961,1.517,0.4,0.005541,0.4444,0.5556,-0.1111,0.5833,0.3333,0.25,61,69,-8,1
548345,Delhi Daredevils,Rajasthan Royals,2012-04-29,Feroz Shah Kotla,Delhi Daredevils,bat,1514.1177,1495.9712,18.1464,0.8,0.4,0.4,0.6,0.5,0.1,0.5312,0.5397,-0.0084,7.961,7.9594,0.0016,-0.009935,7.4029,8.0157,0.6128,1.2,0.008482,0.5,0.5,0.0,0.4783,0.0,0.4783,64,63,1,1
548346,Mumbai Indians,Deccan Chargers,2012-04-29,Wankhede Stadium,Mumbai Indians,field,1529.7539,1444.2911,85.4627,0.4,0.2,0.2,0.5,0.4,0.1,0.5522,0.3939,0.1583,7.211,7.5434,-0.3324,0.011147,7.4839,7.3717,-0.1122,0.0,0.00013,0.5556,0.4444,0.1111,0.5,1.0,-0.5,67,66,1,1
548347,Chennai Super Kings,Kolkata Knight Riders,2012-04-30,"MA Chidambaram Stadium, Chepauk",Chennai Super Kings,bat,1564.9348,1507.9361,56.9987,0.6,0.8,-0.2,0.6,0.5,0.1,0.5942,0.4677,0.1265,7.8641,7.4753,0.3888,-0.003926,7.6736,7.0128,-0.6608,-0.4,-0.002781,0.7143,0.2857,0.4286,0.6923,0.0,0.6923,69,62,7,0
548348,Deccan Chargers,Pune Warriors,2012-05-01,Barabati Stadium,Deccan Chargers,bat,1436.7025,1454.3496,-17.6471,0.2,0.2,0.0,0.4,0.4,0.0,0.3881,0.3636,0.0244,7.4015,7.3734,0.0281,0.000735,7.1705,7.613,0.4425,1.5,0.01047,0.6667,0.3333,0.3333,0.6667,0.5,0.1667,67,22,45,1
548349,Rajasthan Royals,Delhi Daredevils,2012-05-01,Sawai Mansingh Stadium,Rajasthan Royals,bat,1486.493,1523.5958,-37.1028,0.4,0.8,-0.4,0.5,0.7,-0.2,0.5312,0.5385,-0.0072,8.1576,7.9349,0.2226,0.011438,7.7892,7.2645,-0.5247,-0.7,-0.007213,0.4444,0.5556,-0.1111,0.7143,0.0,0.7143,64,65,-1,0
548350,Royal Challengers Bangalore,Kings XI Punjab,2012-05-02,M Chinnaswamy Stadium,Kings XI Punjab,field,1526.1746,1478.3797,47.7949,0.6,0.4,0.2,0.5,0.4,0.1,0.5,0.4769,0.0231,7.8765,7.1891,0.6874,0.022156,8.4597,7.8183,-0.6413,0.2,0.001027,0.5556,0.4444,0.1111,0.5,0.3333,0.1667,70,65,5,0
548351,Pune Warriors,Mumbai Indians,2012-05-03,Subrata Roy Sahara Stadium,Mumbai Indians,bat,1443.8421,1537.3425,-93.5003,0.2,0.4,-0.2,0.4,0.5,-0.1,0.3478,0.5588,-0.211,7.635,6.9758,0.6592,0.00515,7.8364,7.3056,-0.5308,-1.6,-0.012646,0.3333,0.6667,-0.3333,0.5,0.5,0.0,23,68,-45,0
548352,Chennai Super Kings,Deccan Chargers,2012-05-04,"MA Chidambaram Stadium, Chepauk",Chennai Super Kings,bat,1553.3088,1447.21,106.0988,0.4,0.4,0.0,0.5,0.4,0.1,0.5857,0.3971,0.1887,7.6858,7.6559,0.03,-0.010971,7.4793,7.4248,-0.0545,-0.4,-0.000945,0.5556,0.4444,0.1111,0.6667,0.6667,0.0,70,68,2,1
548353,Kolkata Knight Riders,Pune Warriors,2012-05-05,Eden Gardens,Kolkata Knight Riders,bat,1519.5621,1436.4702,83.0919,0.8,0.2,0.6,0.6,0.3,0.3,0.4762,0.3333,0.1429,7.2621,7.568,-0.3059,-0.006188,6.8308,7.9392,1.1085,1.0,0.009099,1.0,0.0,1.0,0.6,0.5,0.1,63,24,39,1
548354,Kings XI Punjab,Rajasthan Royals,2012-05-05,"Punjab Cricket Association Stadium, Mohali",Rajasthan Royals,bat,1489.7467,1477.5569,12.1898,0.6,0.2,0.4,0.5,0.4,0.1,0.4848,0.5231,-0.0382,7.3983,7.9142,-0.5158,-0.033727,7.6139,8.0335,0.4196,0.1,0.000144,0.375,0.625,-0.25,0.55,0.3333,0.2167,66,65,1,0
548355,Mumbai Indians,Chennai Super Kings,2012-05-06,Wankhede Stadium,Mumbai Indians,field,1544.7145,1560.3465,-15.6321,0.6,0.6,0.0,0.6,0.5,0.1,0.5652,0.5915,-0.0263,6.86,7.4612,-0.6012,0.007095,6.9942,7.4948,0.5007,1.4,0.010038,0.5556,0.4444,0.1111,0.5294,0.5,0.0294,69,71,-2,1
548356,Royal Challengers Bangalore,Deccan Chargers,2012-05-06,M Chinnaswamy Stadium,Royal Challengers Bangalore,field,1514.8075,1440.1722,74.6353,0.6,0.4,0.2,0.4,0.3,0.1,0.493,0.3913,0.1017,7.7778,7.7093,0.0685,0.007656,8.5763,7.5369,-1.0394,-0.3,-0.002726,0.4444,0.5556,-0.1111,0.48,0.5,-0.02,71,69,2,1
548357,Delhi Daredevils,Kolkata Knight Riders,2012-05-07,Feroz Shah Kotla,Delhi Daredevils,bat,1532.532,1527.2151,5.3169,0.8,1.0,-0.2,0.8,0.7,0.1,0.5455,0.4844,0.0611,8.1876,7.2464,0.9412,0.040918,7.1424,6.7532,-0.3892,0.3,0.002167,0.5714,0.4286,0.1429,0.5,0.5,0.0,66,64,2,0
548358,Pune Warriors,Rajasthan Royals,2012-05-08,Subrata Roy Sahara Stadium,Pune Warriors,bat,1428.8172,1487.9076,-59.0905,0.0,0.2,-0.2,0.2,0.4,-0.2,0.32,0.5303,-0.2103,7.4443,7.8653,-0.421,-0.026655,7.9361,7.87,-0.0661,-0.9,-0.007164,0.0,1.0,-1.0,0.4,0.5,-0.1,25,66,-41,0
548359,Deccan Chargers,Kings XI Punjab,2012-05-08,"Rajiv Gandhi International Stadium, Uppal",Deccan Chargers,field,1432.288,1479.396,-47.108,0.4,0.6,-0.2,0.2,0.5,-0.3,0.3857,0.4776,-0.0919,7.6246,7.2395,0.3851,0.013662,7.8704,7.5633,-0.3071,-0.7,-0.006156,0.375,0.625,-0.25,0.0714,1.0,-0.9286,70,67,3,0
548360,Mumbai Indians,Royal Challengers Bangalore,2012-05-09,Wankhede Stadium,Royal Challengers Bangalore,field,1555.1641,1522.6918,32.4723,0.8,0.6,0.2,0.6,0.5,0.1,0.5714,0.5,0.0714,7.0435,7.9935,-0.9501,-0.021403,7.305,8.4519,1.1469,1.4,0.012603,0.5556,0.4444,0.1111,0.5556,0.5,0.0556,70,72,-2,0
548329,Deccan Chargers,Delhi Daredevils,2012-05-10,"Rajiv Gandhi International Stadium, Uppal",Deccan Chargers,bat,1423.6356,1522.379,-98.7433,0.2,0.8,-0.6,0.2,0.7,-0.5,0.3803,0.5373,-0.157,7.6462,8.0673,-0.4211,-0.025676,7.7827,7.1591,-0.6236,-0.8,-0.005892,0.4,0.6,-0.2,0.0667,1.0,-0.9333,71,67,4,0
548361,Rajasthan Royals,Chennai Super Kings,2012-05-10,Sawai Mansingh Stadium,Chennai Super Kings,field,1496.2231,1549.8969,-53.6739,0.4,0.4,0.0,0.4,0.5,-0.1,0.5373,0.5833,-0.046,7.8393,7.7636,0.0757,0.031343,7.798,7.6743,-0.1237,-0.7,-0.00665,0.4,0.6,-0.2,0.6818,0.5,0.1818,67,72,-5,0
548362,Pune Warriors,Royal Challengers Bangalore,2012-05-11,Subrata Roy Sahara Stadium,Pune Warriors,field,1420.5017,1533.6237,-113.122,0.0,0.6,-0.6,0.2,0.5,-0.3,0.3077,0.5068,-0.1992,7.4686,7.9918,-0.5232,-0.026235,8.0406,8.4715,0.4308,-0.4,-0.001805,0.0,1.0,-1.0,0.3333,0.5,-0.1667,26,73,-47,0
548363,Kolkata Knight Riders,Mumbai Indians,2012-05-12,Eden Gardens,Mumbai Indians,bat,1537.3681,1544.2322,-6.8641,1.0,0.6,0.4,0.8,0.6,0.2,0.4923,0.5634,-0.0711,7.2595,7.2523,0.0072,-0.014866,6.7099,7.4444,0.7346,1.1,0.007063,0.125,0.875,-0.75,0.6154,0.6667,-0.0513,65,71,-6,0
548364,Chennai Super Kings,Delhi Daredevils,2012-05-12,"MA Chidambaram Stadium, Chepauk",Chennai Super Kings,field,1558.3642,1529.611,28.7532,0.4,0.8,-0.4,0.5,0.8,-0.3,0.589,0.5441,0.0449,7.5037,8.512,-1.0083,-0.047161,7.5813,7.3111,-0.2702,-0.1,0.000402,0.5,0.5,0.0,0.6786,0.6667,0.0119,73,68,5,1
548365,Rajasthan Royals,Pune Warriors,2012-05-13,Sawai Mansingh Stadium,Rajasthan Royals,bat,1487.7557,1413.6472,74.1085,0.4,0.0,0.4,0.4,0.1,0.3,0.5294,0.2963,0.2331,7.5891,7.3698,0.2193,0.026647,7.4661,8.1251,0.659,0.7,0.005467,1.0,0.0,1.0,0.6522,0.0,0.6522,68,27,41,1
548366,Kings XI Punjab,Deccan Chargers,2012-05-13,"Punjab Cricket Association Stadium, Mohali",Deccan Chargers,bat,1488.0484,1416.4035,71.6448,0.6,0.2,0.4,0.6,0.2,0.4,0.4853,0.375,0.1103,7.374,7.8999,-0.5259,-0.018304,7.4652,8.1418,0.6766,1.4,0.011285,0.6667,0.3333,0.3333,0.5238,0.0,0.5238,68,72,-4,1
548367,Royal Challengers Bangalore,Mumbai Indians,2012-05-14,M Chinnaswamy Stadium,Mumbai Indians,field,1540.4782,1554.0346,-13.5565,0.6,0.8,-0.2,0.6,0.6,0.0,0.5135,0.5694,-0.0559,8.25,7.4311,0.8189,0.018293,8.3461,7.5366,-0.8095,-0.1,-0.002228,0.5,0.5,0.0,0.5,1.0,-0.5,74,72,2,0
548368,Kolkata Knight Riders,Chennai Super Kings,2012-05-14,Eden Gardens,Chennai Super Kings,field,1527.5656,1567.5385,-39.9729,0.8,0.6,0.2,0.8,0.6,0.2,0.4848,0.5946,-0.1097,7.3422,7.7236,-0.3814,-0.008143,6.7974,7.3215,0.5241,0.7,0.006057,0.375,0.625,-0.25,0.5926,0.6667,-0.0741,66,74,-8,0
548369,Delhi Daredevils,Kings XI Punjab,2012-05-15,Feroz Shah Kotla,Kings XI Punjab,bat,1520.4367,1496.015,24.4217,0.6,0.8,-0.2,0.7,0.6,0.1,0.5362,0.4928,0.0435,8.1881,7.6585,0.5296,0.021286,7.525,7.8119,0.2869,-0.7,-0.005363,0.375,0.625,-0.25,0.48,0.6667,-0.1867,69,69,0,1
548370,Mumbai Indians,Kolkata Knight Riders,2012-05-16,Wankhede Stadium,Mumbai Indians,field,1563.6446,1518.7111,44.9335,0.8,0.6,0.2,0.6,0.7,-0.1,0.5753,0.4776,0.0977,7.2833,7.3134,-0.0302,0.017547,7.4787,7.0114,-0.4673,-1.2,-0.008718,0.8889,0.1111,0.7778,0.5263,0.0,0.5263,73,67,6,0
548371,Kings XI Punjab,Chennai Super Kings,2012-05-17,Himachal Pradesh Cricket Association Stadium,Kings XI Punjab,field,1486.7168,1576.3931,-89.6763,0.6,0.8,-0.2,0.5,0.6,-0.1,0.4857,0.6,-0.1143,7.6683,7.5013,0.167,0.016012,7.8971,7.1466,-0.7505,-0.2,-0.000511,0.25,0.75,-0.5,0.4,1.0,-0.6,70,75,-5,1
548372,Delhi Daredevils,Royal Challengers Bangalore,2012-05-17,Feroz Shah Kotla,Delhi Daredevils,field,1529.735,1530.8682,-1.1332,0.6,0.6,0.0,0.7,0.6,0.1,0.5429,0.5067,0.0362,8.2912,8.0767,0.2145,0.009525,7.7386,8.168,0.4295,-0.5,-0.003263,0.625,0.375,0.25,0.5,0.3333,0.1667,70,75,-5,0
548373,Deccan Chargers,Rajasthan Royals,2012-05-18,"Rajiv Gandhi International Stadium, Uppal",Rajasthan Royals,bat,1408.4369,1495.6545,-87.2176,0.0,0.6,-0.6,0.2,0.5,-0.3,0.3699,0.5362,-0.1664,7.8833,7.8015,0.0818,-0.014245,8.1404,7.3997,-0.7407,-0.7,-0.005888,0.125,0.875,-0.75,0.0625,1.0,-0.9375,73,69,4,1
548374,Kings XI Punjab,Delhi Daredevils,2012-05-19,Himachal Pradesh Cricket Association Stadium,Delhi Daredevils,field,1499.242,1519.7676,-20.5255,0.6,0.4,0.2,0.6,0.6,0.0,0.493,0.5352,-0.0423,7.7965,8.4219,-0.6253,-0.015875,7.7276,8.0417,0.3141,1.9,0.014744,0.5556,0.4444,0.1111,0.5,0.0,0.5,71,71,0,0
548375,Pune Warriors,Kolkata Knight Riders,2012-05-19,Subrata Roy Sahara Stadium,Kolkata Knight Riders,bat,1405.7485,1529.9972,-124.2487,0.0,0.6,-0.6,0.1,0.7,-0.6,0.2857,0.4853,-0.1996,7.1006,7.2861,-0.1855,-0.005597,8.0576,6.9443,-1.1133,-2.1,-0.015968,0.0,1.0,-1.0,0.2857,0.5,-0.2143,28,68,-40,0
548376,Deccan Chargers,Royal Challengers Bangalore,2012-05-20,"Rajiv Gandhi International Stadium, Uppal",Royal Challengers Bangalore,field,1420.8958,1540.8355,-119.9397,0.2,0.8,-0.6,0.3,0.7,-0.4,0.3784,0.5132,-0.1348,7.7851,8.4361,-0.651,-0.029421,7.9268,8.1432,0.2164,-0.7,-0.004727,0.5,0.5,0.0,0.1176,0.5,-0.3824,74,76,-2,1
548377,Rajasthan Royals,Mumbai Indians,2012-05-20,Sawai Mansingh Stadium,Rajasthan Royals,bat,1483.1956,1552.3585,-69.1629,0.6,0.6,0.0,0.4,0.6,-0.2,0.5286,0.5676,-0.039,7.4406,7.3797,0.0609,0.002067,7.3657,7.5073,0.1416,-0.2,-0.000388,0.5,0.5,0.0,0.6667,0.3333,0.3333,70,74,-4,0
548378,Delhi Daredevils,Kolkata Knight Riders,2012-05-22,Subrata Roy Sahara Stadium,Kolkata Knight Riders,bat,1529.1775,1536.5661,-7.3886,0.6,0.6,0.0,0.7,0.8,-0.1,0.5417,0.4928,0.0489,8.3465,7.3059,1.0406,0.047549,7.8322,6.7702,-1.062,-2.0,-0.015375,0.5,0.5,0.0,1.0,1.0,0.0,72,69,3,0
548379,Chennai Super Kings,Mumbai Indians,2012-05-23,M Chinnaswamy Stadium,Mumbai Indians,field,1563.8678,1560.3937,3.4741,0.6,0.6,0.0,0.6,0.7,-0.1,0.5921,0.5733,0.0188,7.3434,7.4222,-0.0788,-0.015937,7.0896,7.4311,0.3415,0.2,0.002533,0.4,0.6,-0.2,0.3333,1.0,-0.6667,76,75,1,1
548380,Delhi Daredevils,Chennai Super Kings,2012-05-25,"MA Chidambaram Stadium, Chepauk",Delhi Daredevils,field,1519.3901,1573.7678,-54.3777,0.4,0.8,-0.4,0.6,0.6,0.0,0.5342,0.5974,-0.0632,8.1403,7.4471,0.6932,0.033347,7.8995,7.0681,-0.8314,-1.2,-0.00902,0.4444,0.5556,-0.1111,0.5,0.6897,-0.1897,73,77,-4,0
548381,Kolkata Knight Riders,Chennai Super Kings,2012-05-27,"MA Chidambaram Stadium, Chepauk",Chennai Super Kings,bat,1546.3535,1582.2154,-35.8619,0.6,0.8,-0.2,0.8,0.6,0.2,0.5,0.6026,-0.1026,7.3457,7.8121,-0.4663,-0.022495,6.8571,7.1181,0.261,0.1,-0.000215,0.3333,0.6667,-0.3333,0.25,0.7,-0.45,70,78,-8,1
597998,Kolkata Knight Riders,Delhi Daredevils,2013-04-03,Eden Gardens,Kolkata Knight Riders,field,1557.382,1510.9426,46.4394,0.8,0.4,0.4,0.8,0.5,0.3,0.507,0.527,-0.02,7.643,7.9043,-0.2614,-0.019698,7.1531,8.1676,1.0146,1.9,0.014421,0.5556,0.4444,0.1111,0.5714,0.3333,0.2381,71,74,-3,1
597999,Royal Challengers Bangalore,Mumbai Indians,2013-04-04,M Chinnaswamy Stadium,Mumbai Indians,field,1527.5143,1550.4937,-22.9794,0.6,0.6,0.0,0.6,0.6,0.0,0.5065,0.5658,-0.0593,8.1352,7.2956,0.8396,0.021578,7.8927,7.5412,-0.3515,0.3,0.002744,0.4545,0.5455,-0.0909,0.4815,0.8,-0.3185,77,76,1,1
598000,Sunrisers Hyderabad,Pune Warriors,2013-04-05,"Rajiv Gandhi International Stadium, Uppal",Pune Warriors,field,1500.0,1399.1796,100.8204,0.5,0.0,0.5,0.5,0.1,0.4,0.5,0.2759,0.2241,0.0,6.864,-6.864,-0.118262,0.0,7.9086,7.9086,-4.5,-0.038071,0.0,0.0,0.0,0.5,1.0,-0.5,0,29,-29,1
598001,Delhi Daredevils,Rajasthan Royals,2013-04-06,Feroz Shah Kotla,Rajasthan Royals,bat,1502.2713,1475.1604,27.1109,0.2,0.4,-0.2,0.4,0.3,0.1,0.52,0.5211,-0.0011,7.7724,7.2197,0.5527,0.017336,8.1182,7.2424,-0.8758,-0.5,-0.004081,0.6,0.4,0.2,0.4815,0.0,0.4815,75,71,4,0
598002,Chennai Super Kings,Mumbai Indians,2013-04-06,"MA Chidambaram Stadium, Chepauk",Mumbai Indians,bat,1571.1868,1539.8333,31.3535,0.6,0.4,0.2,0.6,0.6,0.0,0.5949,0.5584,0.0365,8.0117,7.2286,0.7831,0.01704,7.3039,7.294,-0.0099,0.5,0.005607,0.4545,0.5455,-0.0909,0.6774,0.25,0.4274,79,77,2,0
598003,Pune Warriors,Kings XI Punjab,2013-04-07,Subrata Roy Sahara Stadium,Pune Warriors,bat,1392.0027,1489.8321,-97.8295,0.0,0.6,-0.6,0.0,0.6,-0.6,0.2667,0.4861,-0.2194,6.5179,7.6873,-1.1694,-0.061204,7.6751,7.7002,0.025,-1.5,-0.011375,0.75,0.25,0.5,0.25,0.0,0.25,30,72,-42,0
598005,Rajasthan Royals,Kolkata Knight Riders,2013-04-08,Sawai Mansingh Stadium,Kolkata Knight Riders,field,1485.9391,1566.0533,-80.1141,0.4,1.0,-0.6,0.4,0.8,-0.4,0.5278,0.5139,0.0139,7.3191,7.4011,-0.082,0.010138,7.2775,7.074,-0.2034,-1.4,-0.01009,0.4444,0.5556,-0.1111,0.64,0.3333,0.3067,72,72,0,1
598006,Mumbai Indians,Delhi Daredevils,2013-04-09,Wankhede Stadium,Mumbai Indians,bat,1550.7333,1491.4926,59.2407,0.4,0.2,0.2,0.6,0.3,0.3,0.5641,0.5132,0.0509,7.4057,7.6368,-0.2311,-0.001851,7.4171,8.2468,0.8297,1.1,0.006752,0.5,0.5,0.0,0.5,0.3333,0.1667,78,76,2,1
598048,Royal Challengers Bangalore,Sunrisers Hyderabad,2013-04-09,M Chinnaswamy Stadium,Sunrisers Hyderabad,bat,1538.1747,1507.177,30.9978,0.6,1.0,-0.4,0.6,1.0,-0.4,0.5128,1.0,-0.4872,8.0863,6.1967,1.8896,0.068524,7.8552,5.4261,-2.4291,-4.0,-0.038136,0.0,0.0,0.0,0.5,0.5,0.0,78,1,77,1
598007,Kings XI Punjab,Chennai Super Kings,2013-04-10,"Punjab Cricket Association Stadium, Mohali",Chennai Super Kings,field,1497.0885,1560.2868,-63.1983,0.6,0.4,0.2,0.6,0.6,0.0,0.4932,0.5875,-0.0943,7.6481,7.9916,-0.3436,0.003547,7.4083,7.35,-0.0583,-0.2,-0.002094,0.3333,0.6667,-0.3333,0.5455,0.5,0.0455,73,80,-7,0
598008,Royal Challengers Bangalore,Kolkata Knight Riders,2013-04-11,M Chinnaswamy Stadium,Royal Challengers Bangalore,field,1547.2849,1553.7874,-6.5025,0.6,0.8,-0.2,0.6,0.7,-0.1,0.519,0.5068,0.0121,8.0528,7.3699,0.6829,0.04141,7.9366,7.1042,-0.8324,-0.9,-0.007407,0.5,0.5,0.0,0.5172,0.5,0.0172,79,73,6,1
598009,Pune Warriors,Rajasthan Royals,2013-04-11,Subrata Roy Sahara Stadium,Rajasthan Royals,bat,1384.7463,1498.205,-113.4587,0.0,0.6,-0.6,0.0,0.5,-0.5,0.2581,0.5342,-0.2762,6.2832,7.3361,-1.0529,-0.047831,7.5659,6.9848,-0.581,-1.6,-0.012607,0.0,1.0,-1.0,0.2222,1.0,-0.7778,31,73,-42,1
598010,Delhi Daredevils,Sunrisers Hyderabad,2013-04-12,Feroz Shah Kotla,Delhi Daredevils,bat,1483.1813,1498.0668,-14.8855,0.0,0.5,-0.5,0.3,0.5,-0.2,0.5065,0.5,0.0065,7.6911,6.9717,0.7195,0.033817,8.4899,7.0933,-1.3966,-1.8,-0.018215,0.0,0.0,0.0,0.4643,0.5,-0.0357,77,2,75,0
598011,Mumbai Indians,Pune Warriors,2013-04-13,Wankhede Stadium,Mumbai Indians,bat,1559.0445,1397.9006,161.144,0.6,0.2,0.4,0.6,0.1,0.5,0.5696,0.2812,0.2884,7.8352,6.2806,1.5547,0.063852,7.6504,7.3941,-0.2562,1.5,0.009389,0.75,0.25,0.5,0.5238,0.5,0.0238,79,32,47,1
598012,Chennai Super Kings,Royal Challengers Bangalore,2013-04-13,"MA Chidambaram Stadium, Chepauk",Chennai Super Kings,field,1568.4876,1557.472,11.0156,0.6,0.8,-0.2,0.6,0.7,-0.1,0.5926,0.525,0.0676,8.0,8.1877,-0.1877,-0.011393,7.2961,7.7673,0.4712,0.6,0.006287,0.5833,0.4167,0.1667,0.6562,0.3333,0.3229,81,80,1,1
598013,Kolkata Knight Riders,Sunrisers Hyderabad,2013-04-14,Eden Gardens,Kolkata Knight Riders,bat,1543.6003,1507.6386,35.9617,0.6,0.6667,-0.0667,0.6,0.6667,-0.0667,0.5,0.6667,-0.1667,7.426,6.6082,0.8178,0.021722,7.2484,6.5143,-0.7341,-0.8,-0.009013,0.0,0.0,0.0,0.5862,0.5,0.0862,74,3,71,1
598014,Rajasthan Royals,Kings XI Punjab,2013-04-14,Sawai Mansingh Stadium,Rajasthan Royals,field,1485.0507,1488.8877,-3.837,0.4,0.4,0.0,0.5,0.6,-0.1,0.527,0.4865,0.0405,7.3125,7.5259,-0.2134,-0.018393,7.0059,7.3529,0.347,0.1,0.001324,0.6667,0.3333,0.3333,0.6538,0.0,0.6538,74,74,0,1
598015,Chennai Super Kings,Pune Warriors,2013-04-15,"MA Chidambaram Stadium, Chepauk",Pune Warriors,bat,1578.1707,1392.2324,185.9383,0.6,0.2,0.4,0.7,0.1,0.6,0.5976,0.2727,0.3248,7.9576,6.133,1.8246,0.069274,7.2269,7.366,0.139,2.3,0.017893,0.75,0.25,0.5,0.6667,0.0,0.6667,82,33,49,0
598016,Kings XI Punjab,Kolkata Knight Riders,2013-04-16,"Punjab Cricket Association Stadium, Mohali",Kolkata Knight Riders,field,1478.7773,1552.5689,-73.7917,0.4,0.6,-0.2,0.5,0.6,-0.1,0.48,0.5067,-0.0267,7.4179,7.5233,-0.1054,0.014378,7.2616,7.1447,-0.1168,-0.8,-0.005608,0.4444,0.5556,-0.1111,0.5217,0.6667,-0.1449,75,75,0,1
598018,Pune Warriors,Sunrisers Hyderabad,2013-04-17,Maharashtra Cricket Association Stadium,Pune Warriors,field,1407.1257,1498.67,-91.5443,0.4,0.5,-0.1,0.2,0.5,-0.3,0.2941,0.5,-0.2059,6.3509,6.5656,-0.2147,-0.005219,7.4497,7.0886,-0.3611,-1.95,-0.015769,0.0,1.0,-1.0,0.5,0.5,0.0,34,4,30,0
598019,Rajasthan Royals,Mumbai Indians,2013-04-17,Sawai Mansingh Stadium,Rajasthan Royals,bat,1495.1611,1564.7127,-69.5515,0.6,0.6,0.0,0.6,0.6,0.0,0.5333,0.575,-0.0417,7.2624,7.8793,-0.6169,-0.016239,6.7724,7.5072,0.7348,0.3,0.004171,0.4444,0.5556,-0.1111,0.6667,0.5,0.1667,75,80,-5,1
598020,Delhi Daredevils,Chennai Super Kings,2013-04-18,Feroz Shah Kotla,Chennai Super Kings,bat,1473.6095,1563.2774,-89.6679,0.0,0.4,-0.4,0.2,0.6,-0.4,0.5,0.5904,-0.0904,7.1642,7.9646,-0.8004,-0.024424,8.1468,7.4162,-0.7307,-1.6,-0.012852,0.4,0.6,-0.2,0.4483,0.6667,-0.2184,78,83,-5,0
598021,Sunrisers Hyderabad,Kings XI Punjab,2013-04-19,"Rajiv Gandhi International Stadium, Uppal",Kings XI Punjab,bat,1506.0945,1490.8698,15.2247,0.6,0.4,0.2,0.6,0.5,0.1,0.6,0.4868,0.1132,6.3915,7.3674,-0.9759,-0.057742,6.8163,7.2303,0.4139,1.4,0.012465,0.0,0.0,0.0,1.0,1.0,0.0,5,76,-71,1
598022,Kolkata Knight Riders,Chennai Super Kings,2013-04-20,Eden Gardens,Kolkata Knight Riders,bat,1540.4764,1570.7524,-30.276,0.4,0.6,-0.2,0.6,0.6,0.0,0.5,0.5952,-0.0952,7.4951,8.0214,-0.5263,-0.014838,7.0214,7.3593,0.3379,-0.3,-0.004096,0.4,0.6,-0.2,0.6,0.75,-0.15,76,84,-8,0
598023,Royal Challengers Bangalore,Rajasthan Royals,2013-04-20,M Chinnaswamy Stadium,Royal Challengers Bangalore,field,1547.789,1507.1367,40.6523,0.6,0.8,-0.2,0.7,0.6,0.1,0.5185,0.5395,-0.021,8.2022,7.2484,0.9538,0.033409,7.7441,6.6403,-1.1038,-0.2,-0.00361,0.5556,0.4444,0.1111,0.5333,0.6667,-0.1333,81,76,5,1
598024,Delhi Daredevils,Mumbai Indians,2013-04-21,Feroz Shah Kotla,Mumbai Indians,bat,1466.1345,1552.7371,-86.6026,0.0,0.6,-0.6,0.2,0.6,-0.4,0.4937,0.5679,-0.0742,7.1042,7.696,-0.5918,-0.019875,8.1988,7.5819,-0.6169,-0.9,-0.00554,0.4545,0.5455,-0.0909,0.4333,0.5,-0.0667,79,81,-2,1
598025,Kings XI Punjab,Pune Warriors,2013-04-21,"Punjab Cricket Association Stadium, Mohali",Kings XI Punjab,field,1481.3077,1399.7012,81.6065,0.4,0.4,0.0,0.5,0.2,0.3,0.4805,0.2857,0.1948,7.342,6.2396,1.1024,0.057887,7.0373,7.3149,0.2776,0.9,0.006921,0.4,0.6,-0.2,0.5417,0.5,0.0417,77,35,42,1
598026,Chennai Super Kings,Rajasthan Royals,2013-04-22,"MA Chidambaram Stadium, Chepauk",Rajasthan Royals,bat,1579.8832,1498.3014,81.5817,0.8,0.6,0.2,0.6,0.5,0.1,0.6,0.5325,0.0675,7.8762,7.0874,0.7889,0.016878,7.1615,6.6808,-0.4807,1.2,0.010055,0.6364,0.3636,0.2727,0.6471,0.25,0.3971,85,77,8,1
598027,Royal Challengers Bangalore,Pune Warriors,2013-04-23,M Chinnaswamy Stadium,Pune Warriors,field,1556.6242,1392.0077,164.6165,0.8,0.4,0.4,0.7,0.2,0.5,0.5244,0.2778,0.2466,7.9136,6.5337,1.38,0.051396,7.4634,7.4835,0.0201,2.5,0.018774,1.0,0.0,1.0,0.5484,0.0,0.5484,82,36,46,1
598059,Delhi Daredevils,Kings XI Punjab,2013-04-23,Feroz Shah Kotla,Kings XI Punjab,field,1478.5768,1489.0011,-10.4243,0.2,0.4,-0.2,0.2,0.5,-0.3,0.5,0.4872,0.0128,7.2854,7.445,-0.1597,-0.015792,8.3153,7.2345,-1.0807,-0.2,-0.002954,0.5,0.5,0.0,0.4516,0.5,-0.0484,80,78,2,0
598029,Kolkata Knight Riders,Mumbai Indians,2013-04-24,Eden Gardens,Kolkata Knight Riders,bat,1531.3456,1540.2949,-8.9493,0.2,0.6,-0.4,0.6,0.5,0.1,0.4935,0.561,-0.0675,7.3039,7.5987,-0.2948,-0.009186,6.872,7.7273,0.8553,1.0,0.009664,0.2,0.8,-0.6,0.5806,0.75,-0.1694,77,82,-5,0
598030,Chennai Super Kings,Sunrisers Hyderabad,2013-04-25,"MA Chidambaram Stadium, Chepauk",Sunrisers Hyderabad,bat,1587.5773,1515.6565,71.9208,0.8,0.6,0.2,0.7,0.6667,0.0333,0.6047,0.6667,-0.062,8.203,6.4374,1.7656,0.059376,7.3151,6.6845,-0.6306,0.0667,-0.000764,0.0,0.0,0.0,0.6571,0.5,0.1571,86,6,80,1
598031,Kolkata Knight Riders,Kings XI Punjab,2013-04-26,Eden Gardens,Kings XI Punjab,bat,1521.6031,1498.7012,22.9019,0.2,0.6,-0.4,0.5,0.5,0.0,0.4872,0.4937,-0.0065,7.4335,7.1819,0.2516,-0.003325,7.1278,6.8789,-0.2489,1.0,0.007038,0.5,0.5,0.0,0.5625,0.5,0.0625,78,79,-1,1
598032,Rajasthan Royals,Sunrisers Hyderabad,2013-04-27,Sawai Mansingh Stadium,Sunrisers Hyderabad,bat,1490.6073,1507.6975,-17.0902,0.4,0.6,-0.2,0.5,0.5714,-0.0714,0.5256,0.5714,-0.0458,7.3678,6.6282,0.7396,0.031468,6.957,6.8499,-0.107,-0.9,-0.007347,0.0,0.0,0.0,0.6786,0.5,0.1786,78,7,71,1
598033,Mumbai Indians,Royal Challengers Bangalore,2013-04-27,Wankhede Stadium,Mumbai Indians,bat,1550.0374,1562.2116,-12.1742,0.6,0.8,-0.2,0.5,0.7,-0.2,0.5663,0.5301,0.0361,7.5818,8.398,-0.8162,-0.03795,7.7254,7.4184,-0.307,-1.5,-0.012456,0.5,0.5,0.0,0.5455,0.6667,-0.1212,83,83,0,1
598034,Chennai Super Kings,Kolkata Knight Riders,2013-04-28,"MA Chidambaram Stadium, Chepauk",Kolkata Knight Riders,field,1595.5363,1530.9449,64.5914,0.8,0.4,0.4,0.7,0.5,0.2,0.6092,0.4937,0.1155,8.0693,7.5583,0.511,0.002084,7.3831,7.3846,0.0015,0.9,0.00759,0.6364,0.3636,0.2727,0.6667,0.4,0.2667,87,79,8,1
598035,Delhi Daredevils,Pune Warriors,2013-04-28,Shaheed Veer Narayan Singh International Stadium,Pune Warriors,field,1468.8767,1386.4204,82.4563,0.2,0.2,0.0,0.2,0.2,0.0,0.4938,0.2703,0.2236,6.9153,6.4979,0.4173,0.012736,7.99,7.9206,-0.0694,0.5,0.003737,0.6667,0.3333,0.3333,0.5,0.5,0.0,81,37,44,1
598036,Rajasthan Royals,Royal Challengers Bangalore,2013-04-29,Sawai Mansingh Stadium,Rajasthan Royals,field,1501.0988,1551.8613,-50.7625,0.6,0.6,0.0,0.5,0.6,-0.1,0.5316,0.5238,0.0078,7.3344,8.223,-0.8885,-0.033157,7.0117,7.6788,0.6671,-1.1,-0.00722,0.4,0.6,-0.2,0.6897,0.75,-0.0603,79,84,-5,1
598037,Mumbai Indians,Kings XI Punjab,2013-04-29,Wankhede Stadium,Mumbai Indians,bat,1560.3876,1489.3594,71.0282,0.6,0.6,0.0,0.6,0.5,0.1,0.5714,0.4875,0.0839,7.9688,7.2575,0.7112,0.008365,7.731,6.9415,-0.7895,0.6,0.002859,0.4,0.6,-0.2,0.5652,0.5,0.0652,84,80,4,1
598038,Pune Warriors,Chennai Super Kings,2013-04-30,Subrata Roy Sahara Stadium,Chennai Super Kings,bat,1378.7501,1603.6984,-224.9482,0.2,1.0,-0.8,0.2,0.7,-0.5,0.2632,0.6136,-0.3505,6.6119,7.967,-1.355,-0.027552,7.8504,7.5012,-0.3492,-1.6,-0.011798,0.4,0.6,-0.2,0.3,0.0,0.3,38,88,-50,0
598039,Sunrisers Hyderabad,Mumbai Indians,2013-05-01,"Rajiv Gandhi International Stadium, Uppal",Mumbai Indians,bat,1497.206,1568.3713,-71.1653,0.4,0.6,-0.2,0.5,0.6,-0.1,0.5,0.5765,-0.0765,6.6374,7.9771,-1.3397,-0.04484,6.9947,7.8078,0.8131,0.075,0.002895,0.0,0.0,0.0,1.0,1.0,0.0,8,85,-77,1
598040,Delhi Daredevils,Kolkata Knight Riders,2013-05-01,Shaheed Veer Narayan Singh International Stadium,Kolkata Knight Riders,bat,1476.547,1522.7829,-46.2358,0.4,0.2,0.2,0.2,0.4,-0.2,0.5,0.4875,0.0125,6.9238,7.6458,-0.7219,-0.030906,8.0301,7.6752,-0.3548,-0.8,-0.006289,0.4,0.6,-0.2,1.0,0.5,0.5,82,80,2,1
598041,Chennai Super Kings,Kings XI Punjab,2013-05-02,"MA Chidambaram Stadium, Chepauk",Chennai Super Kings,bat,1607.9988,1481.3758,126.6231,1.0,0.4,0.6,0.8,0.4,0.4,0.618,0.4815,0.1365,7.8576,7.3449,0.5127,0.002014,7.1834,7.1919,0.0085,2.0,0.014815,0.7,0.3,0.4,0.6757,0.5,0.1757,89,81,8,1
598042,Pune Warriors,Royal Challengers Bangalore,2013-05-02,Subrata Roy Sahara Stadium,Royal Challengers Bangalore,bat,1374.4497,1540.4105,-165.9609,0.0,0.4,-0.4,0.2,0.6,-0.4,0.2564,0.5176,-0.2612,6.7363,8.2636,-1.5273,-0.049356,7.9983,7.7038,-0.2945,-2.5,-0.019028,0.0,1.0,-1.0,0.2727,1.0,-0.7273,39,85,-46,0
598043,Kolkata Knight Riders,Rajasthan Royals,2013-05-03,Eden Gardens,Rajasthan Royals,bat,1511.4599,1512.5496,-1.0897,0.2,0.6,-0.4,0.3,0.6,-0.3,0.4815,0.5375,-0.056,7.363,7.5836,-0.2206,-0.001818,7.5113,7.192,-0.3193,-0.5,-0.003894,0.5,0.5,0.0,0.5758,0.25,0.3258,81,80,1,1
598044,Sunrisers Hyderabad,Delhi Daredevils,2013-05-04,"Rajiv Gandhi International Stadium, Uppal",Delhi Daredevils,bat,1509.2261,1487.87,21.3561,0.6,0.6,0.0,0.5556,0.3,0.2556,0.5556,0.506,0.0495,6.6771,6.9822,-0.3051,-0.010297,6.9006,7.88,0.9794,0.9111,0.008261,1.0,0.0,1.0,1.0,1.0,0.0,9,83,-74,1
598046,Mumbai Indians,Chennai Super Kings,2013-05-05,Wankhede Stadium,Mumbai Indians,bat,1556.3512,1614.5075,-58.1564,0.6,1.0,-0.4,0.6,0.9,-0.3,0.5698,0.6222,-0.0525,7.8854,8.1179,-0.2325,0.001755,7.6036,7.3317,-0.2719,-0.8,-0.006347,0.5833,0.4167,0.1667,0.5833,0.4,0.1833,86,90,-4,1
598047,Rajasthan Royals,Pune Warriors,2013-05-05,Sawai Mansingh Stadium,Pune Warriors,bat,1502.5182,1368.8934,133.6248,0.4,0.0,0.4,0.6,0.2,0.4,0.5309,0.25,0.2809,7.4728,7.0123,0.4605,0.010003,7.101,8.2992,1.1981,1.9,0.016057,0.75,0.25,0.5,0.7,0.0,0.7,81,40,41,1
598064,Kings XI Punjab,Royal Challengers Bangalore,2013-05-06,"Punjab Cricket Association Stadium, Mohali",Kings XI Punjab,field,1474.867,1545.9668,-71.0997,0.4,0.6,-0.2,0.4,0.6,-0.2,0.4756,0.5233,-0.0476,7.5209,8.1319,-0.611,-0.023936,7.344,7.5867,0.2427,-2.4,-0.018291,0.5,0.5,0.0,0.56,0.6667,-0.1067,82,86,-4,1
598049,Rajasthan Royals,Delhi Daredevils,2013-05-07,Sawai Mansingh Stadium,Delhi Daredevils,bat,1508.8512,1478.4839,30.3673,0.6,0.6,0.0,0.6,0.3,0.3,0.5366,0.5,0.0366,7.5568,6.6353,0.9215,0.035449,7.1859,7.4033,0.2174,1.1,0.008293,0.4545,0.5455,-0.0909,0.7097,0.3333,0.3763,82,84,-2,1
598050,Mumbai Indians,Kolkata Knight Riders,2013-05-07,Wankhede Stadium,Mumbai Indians,bat,1568.0096,1521.4913,46.5183,0.8,0.4,0.4,0.7,0.3,0.4,0.5747,0.4878,0.0869,7.799,7.4255,0.3735,0.004491,7.4002,7.5189,0.1187,1.3,0.011177,0.8182,0.1818,0.6364,0.6,0.3333,0.2667,87,82,5,1
598051,Sunrisers Hyderabad,Chennai Super Kings,2013-05-08,"Rajiv Gandhi International Stadium, Uppal",Sunrisers Hyderabad,field,1518.6122,1602.8491,-84.2369,0.6,0.8,-0.2,0.6,0.8,-0.2,0.6,0.6154,-0.0154,6.602,7.8844,-1.2824,-0.030843,6.6238,7.3186,0.6948,0.1,0.002657,0.0,1.0,-1.0,1.0,1.0,0.0,10,91,-81,0
598052,Kings XI Punjab,Rajasthan Royals,2013-05-09,"Punjab Cricket Association Stadium, Mohali",Rajasthan Royals,field,1486.8854,1517.9794,-31.0941,0.4,0.8,-0.4,0.4,0.6,-0.2,0.4819,0.5422,-0.0602,7.7686,7.6744,0.0942,-0.000699,7.7759,7.3015,-0.4744,-1.3,-0.010948,0.3,0.7,-0.4,0.5769,0.5,0.0769,83,83,0,0
598053,Pune Warriors,Kolkata Knight Riders,2013-05-09,Subrata Roy Sahara Stadium,Kolkata Knight Riders,bat,1362.5604,1512.8222,-150.2618,0.0,0.4,-0.4,0.2,0.3,-0.1,0.2439,0.4819,-0.238,7.3661,7.3873,-0.0212,-0.002972,8.3951,7.6241,-0.7711,-0.5,-0.005411,0.0,1.0,-1.0,0.25,1.0,-0.75,41,83,-42,0
598054,Delhi Daredevils,Royal Challengers Bangalore,2013-05-10,Feroz Shah Kotla,Delhi Daredevils,field,1469.3557,1533.9484,-64.5927,0.4,0.4,0.0,0.3,0.6,-0.3,0.4941,0.5172,-0.0231,6.7607,8.4494,-1.6887,-0.060854,7.5569,7.9606,0.4037,-2.2,-0.016092,0.5556,0.4444,0.1111,0.4375,0.5,-0.0625,85,87,-2,0
598055,Pune Warriors,Mumbai Indians,2013-05-11,Subrata Roy Sahara Stadium,Pune Warriors,bat,1356.6344,1576.6786,-220.0442,0.0,0.8,-0.8,0.1,0.7,-0.6,0.2381,0.5795,-0.3415,7.1363,7.9069,-0.7705,-0.021361,8.4223,7.3271,-1.0953,-1.8,-0.017572,0.2,0.8,-0.6,0.2308,1.0,-0.7692,42,88,-46,0
598056,Kings XI Punjab,Sunrisers Hyderabad,2013-05-11,"Punjab Cricket Association Stadium, Mohali",Kings XI Punjab,field,1477.7779,1510.9904,-33.2124,0.2,0.4,-0.2,0.4,0.5,-0.1,0.4762,0.5455,-0.0693,7.7909,6.6927,1.0982,0.032048,7.7448,7.1488,-0.596,-1.3,-0.011212,0.0,1.0,-1.0,0.5556,0.5,0.0556,84,11,73,0
598057,Kolkata Knight Riders,Royal Challengers Bangalore,2013-05-12,JSCA International Stadium Complex,Kolkata Knight Riders,field,1518.7482,1542.1104,-23.3622,0.4,0.4,0.0,0.4,0.6,-0.2,0.4881,0.5227,-0.0346,7.3711,8.5898,-1.2186,-0.033493,7.3267,8.0639,0.7372,-1.1,-0.008261,0.4545,0.5455,-0.0909,0.5,0.5,0.0,84,88,-4,1
598058,Rajasthan Royals,Chennai Super Kings,2013-05-12,Sawai Mansingh Stadium,Rajasthan Royals,field,1527.0868,1610.471,-83.3842,0.8,0.8,0.0,0.7,0.8,-0.1,0.5476,0.6196,-0.0719,7.7229,8.1572,-0.4343,-0.004446,7.244,7.2432,-0.0007,-0.7,-0.004928,0.3333,0.6667,-0.3333,0.7188,0.6667,0.0521,84,92,-8,1
598060,Mumbai Indians,Sunrisers Hyderabad,2013-05-13,Wankhede Stadium,Sunrisers Hyderabad,bat,1581.0751,1520.0373,61.0378,0.8,0.6,0.2,0.7,0.6,0.1,0.5843,0.5833,0.0009,7.5,6.6593,0.8407,0.027718,7.0736,6.8692,-0.2044,0.2,0.003527,0.0,1.0,-1.0,0.6154,0.5,0.1154,89,12,77,1
598045,Royal Challengers Bangalore,Kings XI Punjab,2013-05-14,M Chinnaswamy Stadium,Kings XI Punjab,field,1531.439,1468.731,62.7081,0.4,0.2,0.2,0.5,0.4,0.1,0.5169,0.4706,0.0463,8.2824,7.7315,0.5509,0.019515,7.875,7.8511,-0.0239,2.3,0.018686,0.4545,0.5455,-0.0909,0.5625,0.5,0.0625,89,85,4,0
598062,Chennai Super Kings,Delhi Daredevils,2013-05-14,"MA Chidambaram Stadium, Chepauk",Chennai Super Kings,bat,1598.1161,1461.1937,136.9223,0.6,0.4,0.2,0.8,0.3,0.5,0.6129,0.4884,0.1245,8.1805,6.8622,1.3183,0.029279,7.2768,7.6368,0.36,2.1,0.016137,0.6364,0.3636,0.2727,0.6842,0.4,0.2842,93,86,7,1
598061,Kolkata Knight Riders,Pune Warriors,2013-05-15,JSCA International Stadium Complex,Kolkata Knight Riders,field,1529.4196,1352.2379,177.1818,0.6,0.0,0.6,0.4,0.1,0.3,0.4941,0.2326,0.2616,7.0745,7.0065,0.0679,0.007327,7.254,8.1432,0.8893,1.2,0.010959,1.0,0.0,1.0,1.0,0.5,0.5,85,43,42,0
598063,Mumbai Indians,Rajasthan Royals,2013-05-15,Wankhede Stadium,Rajasthan Royals,field,1589.3362,1539.4418,49.8944,0.8,0.8,0.0,0.7,0.7,0.0,0.5889,0.5529,0.0359,7.5111,7.9121,-0.401,-0.010058,7.2462,7.2864,0.0403,0.8,0.008263,0.5,0.5,0.0,0.6296,0.6667,-0.037,90,85,5,1
598028,Kings XI Punjab,Delhi Daredevils,2013-05-16,Himachal Pradesh Cricket Association Stadium,Delhi Daredevils,field,1480.5165,1454.9426,25.5739,0.4,0.2,0.2,0.4,0.3,0.1,0.4767,0.4828,-0.006,7.8934,6.7109,1.1825,0.032179,7.9488,7.4251,-0.5236,0.0,-0.001502,0.5455,0.4545,0.0909,0.4286,0.5,-0.0714,86,87,-1,1
598065,Sunrisers Hyderabad,Rajasthan Royals,2013-05-17,"Rajiv Gandhi International Stadium, Uppal",Sunrisers Hyderabad,bat,1511.7763,1530.8681,-19.0918,0.6,0.8,-0.2,0.5,0.6,-0.1,0.5385,0.5465,-0.0081,6.934,7.8015,-0.8675,-0.028328,7.2349,7.5849,0.3501,0.9,0.007955,0.0,1.0,-1.0,0.8,0.6667,0.1333,13,86,-73,1
598066,Kings XI Punjab,Mumbai Indians,2013-05-18,Himachal Pradesh Cricket Association Stadium,Mumbai Indians,field,1489.7817,1597.9099,-108.1282,0.6,1.0,-0.4,0.5,0.8,-0.3,0.4828,0.5934,-0.1106,8.1302,7.8059,0.3243,0.009281,8.0855,7.1321,-0.9534,-1.9,-0.017948,0.5455,0.4545,0.0909,0.5,0.5,0.0,87,91,-4,1
598068,Royal Challengers Bangalore,Chennai Super Kings,2013-05-18,M Chinnaswamy Stadium,Chennai Super Kings,field,1519.6535,1604.3672,-84.7137,0.4,0.6,-0.2,0.4,0.8,-0.4,0.5111,0.617,-0.1059,8.2797,8.1823,0.0974,0.012464,8.0498,7.4433,-0.6064,0.1,0.00136,0.3846,0.6154,-0.2308,0.5455,0.5,0.0455,90,94,-4,1
598067,Pune Warriors,Delhi Daredevils,2013-05-19,Subrata Roy Sahara Stadium,Pune Warriors,bat,1366.9371,1445.6773,-78.7402,0.2,0.0,0.2,0.1,0.3,-0.2,0.25,0.4773,-0.2273,7.0663,6.9865,0.0798,-0.001555,8.2732,7.6812,-0.5919,0.9,0.005518,0.25,0.75,-0.5,0.2143,0.5,-0.2857,44,88,-44,1
598069,Sunrisers Hyderabad,Kolkata Knight Riders,2013-05-19,"Rajiv Gandhi International Stadium, Uppal",Kolkata Knight Riders,bat,1522.3252,1514.7204,7.6048,0.6,0.6,0.0,0.6,0.4,0.2,0.5714,0.4884,0.0831,6.9484,7.1366,-0.1882,-0.014821,6.9185,7.3311,0.4126,0.7,0.005703,0.0,1.0,-1.0,0.8333,1.0,-0.1667,14,86,-72,1
598070,Chennai Super Kings,Mumbai Indians,2013-05-21,Feroz Shah Kotla,Chennai Super Kings,bat,1591.9762,1584.8945,7.0817,0.4,0.8,-0.4,0.7,0.8,-0.1,0.6105,0.587,0.0236,8.4372,7.6939,0.7432,0.008567,7.8361,7.1149,-0.7212,-1.4,-0.010244,0.3846,0.6154,-0.2308,0.75,0.4,0.35,95,92,3,1
598071,Rajasthan Royals,Sunrisers Hyderabad,2013-05-22,Feroz Shah Kotla,Sunrisers Hyderabad,bat,1520.3191,1532.1064,-11.7873,0.6,0.6,0.0,0.6,0.6,0.0,0.5402,0.6,-0.0598,7.7614,7.0621,0.6993,0.020344,7.5867,6.9761,-0.6106,-0.5,-0.004818,0.5,0.5,0.0,0.25,1.0,-0.75,87,15,72,1
598072,Mumbai Indians,Rajasthan Royals,2013-05-24,Eden Gardens,Rajasthan Royals,bat,1575.0983,1530.6582,44.44,0.6,0.6,0.0,0.7,0.7,0.0,0.5806,0.5455,0.0352,7.6368,7.5652,0.0716,0.003367,7.2944,7.3052,0.0108,0.8,0.008794,0.5455,0.4545,0.0909,0.8,0.2,0.6,93,88,5,1
598073,Chennai Super Kings,Mumbai Indians,2013-05-26,Eden Gardens,Mumbai Indians,bat,1601.7724,1583.8261,17.9463,0.6,0.6,0.0,0.7,0.7,0.0,0.6146,0.5851,0.0295,8.4765,7.5136,0.963,0.01394,7.709,7.4353,-0.2737,-0.2,0.000647,0.4286,0.5714,-0.1429,0.8,0.8333,-0.0333,96,94,2,0
729279,Mumbai Indians,Kolkata Knight Riders,2014-04-16,Sheikh Zayed Stadium,Kolkata Knight Riders,bat,1594.3422,1504.9393,89.4029,0.6,0.4,0.2,0.7,0.4,0.3,0.5895,0.4828,0.1067,7.3975,7.1799,0.2176,0.009963,7.201,7.365,0.164,0.8,0.007399,0.8333,0.1667,0.6667,0.5,0.5,0.0,95,87,8,0
729281,Delhi Daredevils,Royal Challengers Bangalore,2014-04-17,Sharjah Cricket Stadium,Royal Challengers Bangalore,field,1433.449,1532.0446,-98.5955,0.0,0.4,-0.4,0.3,0.5,-0.2,0.4719,0.5165,-0.0446,7.1362,8.5241,-1.3879,-0.040827,7.7099,8.1451,0.4353,-2.4,-0.022356,0.5,0.5,0.0,0.5,0.5,0.0,89,91,-2,0
729283,Chennai Super Kings,Kings XI Punjab,2014-04-18,Sheikh Zayed Stadium,Chennai Super Kings,bat,1591.2563,1502.7972,88.4591,0.4,0.6,-0.2,0.6,0.5,0.1,0.6082,0.4886,0.1196,8.2613,8.0876,0.1736,-0.014476,7.6508,7.8679,0.2171,1.6,0.016969,0.7273,0.2727,0.4545,0.5,0.5,0.0,97,88,9,0
729285,Sunrisers Hyderabad,Rajasthan Royals,2014-04-18,Sheikh Zayed Stadium,Rajasthan Royals,field,1521.7672,1521.9304,-0.1632,0.6,0.4,0.2,0.5,0.6,-0.1,0.5625,0.5393,0.0232,7.0278,7.5529,-0.5251,-0.017913,7.0588,7.4633,0.4045,0.3,0.003205,0.3333,0.6667,-0.3333,0.5,0.5,0.0,16,89,-73,0
729287,Royal Challengers Bangalore,Mumbai Indians,2014-04-19,Dubai International Cricket Stadium,Royal Challengers Bangalore,field,1539.2805,1581.8243,-42.5437,0.6,0.4,0.2,0.5,0.7,-0.2,0.5217,0.5833,-0.0616,8.7183,7.3873,1.331,0.041059,8.2355,7.2882,-0.9473,-0.7,-0.003249,0.4615,0.5385,-0.0769,0.5,0.5,0.0,92,96,-4,1
729289,Kolkata Knight Riders,Delhi Daredevils,2014-04-19,Dubai International Cricket Stadium,Kolkata Knight Riders,bat,1517.4572,1426.213,91.2441,0.6,0.0,0.6,0.5,0.2,0.3,0.4886,0.4667,0.022,7.188,6.9216,0.2664,0.01134,7.1531,7.7524,0.5993,1.9,0.014211,0.5455,0.4545,0.0909,0.5,0.5,0.0,88,90,-2,0
729291,Rajasthan Royals,Kings XI Punjab,2014-04-20,Sharjah Cricket Stadium,Kings XI Punjab,field,1531.9257,1515.2896,16.6361,0.4,0.8,-0.4,0.6,0.5,0.1,0.5444,0.4944,0.0501,7.3737,8.411,-1.0372,-0.038188,7.2773,8.2549,0.9776,0.8,0.006203,0.7273,0.2727,0.4545,0.5,0.5,0.0,90,89,1,0
729293,Chennai Super Kings,Delhi Daredevils,2014-04-21,Sheikh Zayed Stadium,Chennai Super Kings,bat,1578.7639,1438.7805,139.9834,0.4,0.2,0.2,0.5,0.3,0.2,0.602,0.4725,0.1295,8.2441,7.1695,1.0745,0.023134,7.8187,7.8107,-0.0079,2.7,0.025455,0.6667,0.3333,0.3333,0.0,0.5,-0.5,98,91,7,1
729295,Kings XI Punjab,Sunrisers Hyderabad,2014-04-22,Sharjah Cricket Stadium,Sunrisers Hyderabad,field,1525.7681,1511.7719,13.9961,1.0,0.4,0.6,0.6,0.5,0.1,0.5,0.5294,-0.0294,8.6594,6.8846,1.7748,0.06646,8.3883,6.9576,-1.4306,-1.1,-0.009908,0.0,1.0,-1.0,1.0,0.5,0.5,90,17,73,1
729297,Rajasthan Royals,Chennai Super Kings,2014-04-23,Dubai International Cricket Stadium,Rajasthan Royals,field,1521.4472,1584.9395,-63.4923,0.4,0.4,0.0,0.6,0.5,0.1,0.5385,0.6061,-0.0676,7.6911,8.298,-0.6068,-0.000113,7.5219,7.783,0.2612,-1.0,-0.014884,0.3846,0.6154,-0.2308,0.5,0.5,0.0,91,99,-8,0
729299,Royal Challengers Bangalore,Kolkata Knight Riders,2014-04-24,Sharjah Cricket Stadium,Royal Challengers Bangalore,field,1550.499,1504.8897,45.6093,0.6,0.4,0.2,0.5,0.4,0.1,0.5269,0.4831,0.0437,8.1064,7.1723,0.9341,0.030889,8.1335,7.2429,-0.8905,0.1,0.003593,0.5,0.5,0.0,1.0,0.5,0.5,93,89,4,0
729301,Sunrisers Hyderabad,Delhi Daredevils,2014-04-25,Dubai International Cricket Stadium,Sunrisers Hyderabad,bat,1502.1746,1432.6048,69.5698,0.4,0.2,0.2,0.5,0.2,0.3,0.5,0.4674,0.0326,6.8142,6.9588,-0.1445,-0.01161,7.0976,7.954,0.8563,2.1,0.015844,1.0,0.0,1.0,0.5,1.0,-0.5,18,92,-74,1
729303,Chennai Super Kings,Mumbai Indians,2014-04-25,Dubai International Cricket Stadium,Mumbai Indians,bat,1593.1322,1570.6059,22.5263,0.6,0.4,0.2,0.5,0.6,-0.1,0.61,0.5773,0.0327,8.0209,7.2684,0.7526,0.009895,7.5683,7.4118,-0.1565,1.1,0.014953,0.4,0.6,-0.2,1.0,0.0,1.0,100,97,3,1
729305,Rajasthan Royals,Royal Challengers Bangalore,2014-04-26,Sheikh Zayed Stadium,Rajasthan Royals,field,1513.2546,1539.1937,-25.9391,0.4,0.6,-0.2,0.5,0.5,0.0,0.5326,0.5213,0.0113,7.4493,8.1775,-0.7281,-0.021886,7.3371,7.8947,0.5576,-0.1,-0.00482,0.4545,0.5455,-0.0909,1.0,0.5,0.5,92,94,-2,1
729307,Kolkata Knight Riders,Kings XI Punjab,2014-04-26,Sheikh Zayed Stadium,Kolkata Knight Riders,field,1516.195,1535.3655,-19.1705,0.4,1.0,-0.6,0.5,0.7,-0.2,0.4889,0.5055,-0.0166,7.0116,8.7893,-1.7777,-0.068408,6.9776,8.1555,1.1779,0.5,0.00488,0.5455,0.4545,0.0909,1.0,1.0,0.0,90,91,-1,0
729309,Delhi Daredevils,Mumbai Indians,2014-04-27,Sharjah Cricket Stadium,Mumbai Indians,bat,1424.5808,1561.2533,-136.6725,0.2,0.4,-0.2,0.1,0.5,-0.4,0.4624,0.5714,-0.1091,7.0864,7.1602,-0.0738,-0.002377,8.2205,7.5519,-0.6686,-1.6,-0.012033,0.5,0.5,0.0,0.0,0.5,-0.5,93,98,-5,1
729311,Sunrisers Hyderabad,Chennai Super Kings,2014-04-27,Sharjah Cricket Stadium,Sunrisers Hyderabad,bat,1510.1985,1602.4847,-92.2862,0.4,0.6,-0.2,0.5,0.6,-0.1,0.5263,0.6139,-0.0875,7.0235,8.2005,-1.177,-0.033316,7.3607,7.6069,0.2462,-0.9,-0.014139,0.0,1.0,-1.0,0.0,0.5,-0.5,19,101,-82,0
729313,Kings XI Punjab,Royal Challengers Bangalore,2014-04-28,Dubai International Cricket Stadium,Kings XI Punjab,field,1544.8142,1528.4485,16.3657,1.0,0.6,0.4,0.8,0.5,0.3,0.5109,0.5158,-0.0049,8.5793,7.8774,0.7019,0.022888,7.8222,7.6324,-0.1898,0.4,-0.001746,0.5833,0.4167,0.1667,0.5,1.0,-0.5,92,95,-3,1
729317,Mumbai Indians,Sunrisers Hyderabad,2014-04-30,Dubai International Cricket Stadium,Mumbai Indians,field,1547.5106,1502.794,44.7167,0.2,0.2,0.0,0.4,0.4,0.0,0.5657,0.5,0.0657,7.1575,7.1247,0.0328,0.011332,7.6653,7.6861,0.0208,-1.0,-0.007883,0.5,0.5,0.0,0.0,1.0,-1.0,99,20,79,0
733971,Chennai Super Kings,Kolkata Knight Riders,2014-05-02,JSCA International Stadium Complex,Chennai Super Kings,bat,1609.8893,1506.7462,103.1431,0.8,0.4,0.4,0.6,0.5,0.1,0.6176,0.4835,0.1341,7.8789,6.935,0.9439,0.022924,7.6084,6.8726,-0.7358,0.3,0.008991,0.6667,0.3333,0.3333,0.5,0.5,0.0,102,91,11,1
733973,Mumbai Indians,Kings XI Punjab,2014-05-03,Wankhede Stadium,Kings XI Punjab,bat,1536.2307,1554.3436,-18.1129,0.0,1.0,-1.0,0.3,0.8,-0.5,0.56,0.5161,0.0439,7.0008,8.2027,-1.2018,-0.046279,7.6418,7.5211,-0.1207,-1.6,-0.013038,0.4167,0.5833,-0.1667,0.6429,0.4,0.2429,100,93,7,1
733975,Delhi Daredevils,Rajasthan Royals,2014-05-03,Feroz Shah Kotla,Rajasthan Royals,field,1438.3235,1523.9998,-85.6763,0.4,0.4,0.0,0.2,0.5,-0.3,0.4681,0.5376,-0.0695,7.3339,7.2188,0.1151,-0.006889,8.1805,7.125,-1.0555,-2.5,-0.021054,0.5,0.5,0.0,0.4242,0.4,0.0242,94,93,1,0
733977,Royal Challengers Bangalore,Sunrisers Hyderabad,2014-05-04,M Chinnaswamy Stadium,Royal Challengers Bangalore,field,1518.9192,1514.074,4.8452,0.4,0.4,0.0,0.4,0.5,-0.1,0.5104,0.5238,-0.0134,7.5454,7.2459,0.2994,0.033875,7.4314,7.3728,-0.0586,-0.9,-0.002492,1.0,0.0,1.0,0.5588,0.0,0.5588,96,21,75,1
733979,Rajasthan Royals,Kolkata Knight Riders,2014-05-05,"Sardar Patel Stadium, Motera",Kolkata Knight Riders,field,1531.5827,1499.6306,31.952,0.6,0.4,0.2,0.5,0.4,0.1,0.5426,0.4783,0.0643,7.2846,6.8686,0.416,0.026716,7.172,7.0854,-0.0865,0.0,-0.000179,0.4545,0.5455,-0.0909,0.75,0.0,0.75,94,92,2,1
733981,Delhi Daredevils,Chennai Super Kings,2014-05-05,Feroz Shah Kotla,Chennai Super Kings,field,1430.7407,1617.0048,-186.2641,0.4,1.0,-0.6,0.2,0.7,-0.5,0.4632,0.6214,-0.1582,7.3484,8.0546,-0.7062,-0.013654,8.1719,7.4505,-0.7214,-3.2,-0.033055,0.3077,0.6923,-0.3846,0.4118,0.8,-0.3882,95,103,-8,0
733983,Mumbai Indians,Royal Challengers Bangalore,2014-05-06,Wankhede Stadium,Royal Challengers Bangalore,field,1546.7515,1528.7798,17.9718,0.2,0.4,-0.2,0.3,0.5,-0.2,0.5644,0.5155,0.0489,7.0553,7.3829,-0.3276,-0.017926,7.715,7.1264,-0.5886,-0.7,-0.009945,0.5,0.5,0.0,0.6552,0.5,0.1552,101,97,4,1
733985,Delhi Daredevils,Kolkata Knight Riders,2014-05-07,Feroz Shah Kotla,Delhi Daredevils,bat,1425.6411,1490.5477,-64.9066,0.2,0.2,0.0,0.2,0.4,-0.2,0.4583,0.4731,-0.0148,7.3495,7.0562,0.2933,0.011514,8.1891,7.0973,-1.0917,-2.4,-0.020524,0.5,0.5,0.0,0.4,0.6667,-0.2667,96,93,3,0
733987,Kings XI Punjab,Chennai Super Kings,2014-05-07,Barabati Stadium,Chennai Super Kings,field,1543.8227,1622.1044,-78.2817,0.8,1.0,-0.2,0.8,0.7,0.1,0.5106,0.625,-0.1144,8.3035,8.1519,0.1515,0.022365,7.6287,7.6868,0.0581,0.0,-0.006347,0.3333,0.6667,-0.3333,0.0,0.5,-0.5,94,104,-10,1
733989,Rajasthan Royals,Sunrisers Hyderabad,2014-05-08,"Sardar Patel Stadium, Motera",Rajasthan Royals,field,1540.6656,1504.2134,36.4522,0.6,0.4,0.2,0.5,0.4,0.1,0.5474,0.5,0.0474,7.2934,7.235,0.0584,0.023913,7.255,7.5543,0.2993,0.6,0.005658,0.75,0.25,0.5,0.8,0.5,0.3,95,22,73,0
733991,Royal Challengers Bangalore,Kings XI Punjab,2014-05-09,M Chinnaswamy Stadium,Royal Challengers Bangalore,field,1519.2966,1556.0385,-36.7419,0.2,0.8,-0.6,0.4,0.9,-0.5,0.5102,0.5158,-0.0056,7.3003,8.8337,-1.5335,-0.052786,7.1503,7.799,0.6487,-1.5,-0.008232,0.3846,0.6154,-0.2308,0.5714,0.6,-0.0286,98,95,3,0
733993,Delhi Daredevils,Sunrisers Hyderabad,2014-05-10,Feroz Shah Kotla,Sunrisers Hyderabad,field,1417.4878,1515.2588,-97.771,0.2,0.6,-0.4,0.2,0.5,-0.3,0.4536,0.5217,-0.0681,7.4874,7.0439,0.4435,0.027793,8.2431,7.1379,-1.1052,-2.8,-0.022335,0.0,1.0,-1.0,0.3889,0.5,-0.1111,97,23,74,0
733995,Mumbai Indians,Chennai Super Kings,2014-05-10,Wankhede Stadium,Chennai Super Kings,field,1556.2347,1609.8887,-53.6539,0.4,0.8,-0.4,0.4,0.7,-0.3,0.5686,0.619,-0.0504,7.2629,8.1809,-0.918,-0.022606,7.6404,7.8355,0.195,-2.3,-0.0211,0.5625,0.4375,0.125,0.6667,0.3333,0.3333,102,105,-3,0
733997,Kings XI Punjab,Kolkata Knight Riders,2014-05-11,Barabati Stadium,Kolkata Knight Riders,field,1564.9849,1498.701,66.2839,0.8,0.4,0.4,0.9,0.4,0.5,0.5208,0.4787,0.0421,8.8117,7.1779,1.6338,0.073484,7.7723,7.3568,-0.4155,1.4,0.010817,0.5,0.5,0.0,0.5,1.0,-0.5,96,94,2,0
733999,Royal Challengers Bangalore,Rajasthan Royals,2014-05-11,M Chinnaswamy Stadium,Royal Challengers Bangalore,bat,1510.3502,1529.6203,-19.2701,0.2,0.6,-0.4,0.4,0.5,-0.1,0.5051,0.5417,-0.0366,7.5604,7.0368,0.5237,0.028821,7.5187,7.1068,-0.4119,-1.0,-0.005124,0.5,0.5,0.0,0.5556,0.5,0.0556,99,96,3,0
734001,Sunrisers Hyderabad,Mumbai Indians,2014-05-12,"Rajiv Gandhi International Stadium, Uppal",Sunrisers Hyderabad,bat,1522.5167,1547.7668,-25.2501,0.6,0.4,0.2,0.5,0.4,0.1,0.5417,0.5631,-0.0214,7.1408,7.2673,-0.1264,-0.018245,7.2857,7.469,0.1833,1.0,0.00788,0.6667,0.3333,0.3333,0.8571,0.6667,0.1905,24,103,-79,0
734003,Chennai Super Kings,Rajasthan Royals,2014-05-13,JSCA International Stadium Complex,Rajasthan Royals,bat,1618.3565,1539.0662,79.2903,0.8,0.8,0.0,0.7,0.6,0.1,0.6226,0.5464,0.0762,8.0083,7.4563,0.552,0.008158,7.8352,7.3711,-0.464,0.5,0.00523,0.6429,0.3571,0.2857,1.0,0.5,0.5,106,97,9,1
734005,Royal Challengers Bangalore,Delhi Daredevils,2014-05-13,M Chinnaswamy Stadium,Delhi Daredevils,field,1500.9042,1410.2299,90.6744,0.2,0.2,0.0,0.4,0.2,0.2,0.5,0.449,0.051,7.6554,7.3819,0.2735,0.029545,7.5652,8.2473,0.6821,2.3,0.019624,0.5455,0.4545,0.0909,0.5405,0.6667,-0.1261,100,98,2,1
734007,Sunrisers Hyderabad,Kings XI Punjab,2014-05-14,"Rajiv Gandhi International Stadium, Uppal",Kings XI Punjab,field,1513.2422,1553.0999,-39.8577,0.6,0.6,0.0,0.4,0.8,-0.4,0.52,0.5155,0.0045,7.2283,8.7113,-1.4829,-0.07059,7.4826,7.7671,0.2844,-0.7,-0.006154,0.6667,0.3333,0.3333,0.75,0.75,0.0,25,97,-72,0
734009,Kolkata Knight Riders,Mumbai Indians,2014-05-14,Barabati Stadium,Kolkata Knight Riders,field,1510.5859,1557.0414,-46.4554,0.4,0.6,-0.2,0.4,0.4,0.0,0.4842,0.5673,-0.0831,7.404,7.2706,0.1334,-0.007641,7.5213,7.4354,-0.0859,0.7,0.006317,0.2308,0.7692,-0.5385,1.0,0.5,0.5,95,104,-9,1
734011,Rajasthan Royals,Delhi Daredevils,2014-05-15,"Sardar Patel Stadium, Motera",Delhi Daredevils,field,1531.3095,1402.782,128.5275,0.6,0.0,0.6,0.5,0.2,0.3,0.5408,0.4444,0.0964,7.491,7.5819,-0.0908,0.005854,7.4624,8.3085,0.8461,2.6,0.019158,0.5385,0.4615,0.0769,0.6667,1.0,-0.3333,98,99,-1,1
734013,Chennai Super Kings,Royal Challengers Bangalore,2014-05-18,JSCA International Stadium Complex,Chennai Super Kings,bat,1626.1132,1508.3521,117.7611,0.8,0.4,0.4,0.8,0.4,0.4,0.6262,0.505,0.1212,8.1546,7.5746,0.58,-0.002465,7.8352,7.5387,-0.2965,0.7,0.006966,0.5714,0.4286,0.1429,1.0,0.0,1.0,107,101,6,0
734015,Sunrisers Hyderabad,Kolkata Knight Riders,2014-05-18,"Rajiv Gandhi International Stadium, Uppal",Sunrisers Hyderabad,bat,1504.3844,1521.9151,-17.5308,0.4,0.6,-0.2,0.4,0.5,-0.1,0.5,0.4896,0.0104,7.5784,7.3412,0.2372,0.002926,7.8921,7.3511,-0.541,-0.1,-0.001075,0.5,0.5,0.0,0.6667,0.6667,0.0,26,96,-70,0
734017,Rajasthan Royals,Mumbai Indians,2014-05-19,"Sardar Patel Stadium, Motera",Mumbai Indians,bat,1537.7702,1545.7122,-7.942,0.6,0.6,0.0,0.6,0.3,0.3,0.5455,0.5619,-0.0165,7.6755,7.2245,0.451,0.014789,7.2939,7.589,0.2951,1.8,0.01486,0.4167,0.5833,-0.1667,0.7143,0.5,0.2143,99,105,-6,0
734019,Delhi Daredevils,Kings XI Punjab,2014-05-19,Feroz Shah Kotla,Kings XI Punjab,field,1396.3213,1561.9577,-165.6364,0.0,0.6,-0.6,0.2,0.8,-0.6,0.44,0.5204,-0.0804,7.5516,8.9284,-1.3768,-0.055584,8.447,8.0528,-0.3943,-2.4,-0.017209,0.4167,0.5833,-0.1667,0.3784,0.6,-0.2216,100,98,2,0
734021,Sunrisers Hyderabad,Royal Challengers Bangalore,2014-05-20,"Rajiv Gandhi International Stadium, Uppal",Royal Challengers Bangalore,bat,1494.8885,1521.6174,-26.7289,0.4,0.4,0.0,0.4,0.4,0.0,0.4815,0.5098,-0.0283,7.6188,7.4392,0.1796,-0.012673,7.9535,7.5225,-0.431,-0.5,-0.004402,0.0,1.0,-1.0,0.6,0.3333,0.2667,27,102,-75,1
734023,Kolkata Knight Riders,Chennai Super Kings,2014-05-20,Eden Gardens,Kolkata Knight Riders,field,1531.411,1612.8478,-81.4369,0.8,0.6,0.2,0.6,0.8,-0.2,0.4948,0.6204,-0.1255,7.4541,7.8531,-0.399,-0.012495,7.346,7.4835,0.1375,-0.6,-0.006254,0.3077,0.6923,-0.3846,0.5882,0.6667,-0.0784,97,108,-11,1
734025,Kings XI Punjab,Mumbai Indians,2014-05-21,"Punjab Cricket Association Stadium, Mohali",Mumbai Indians,field,1567.5214,1555.4836,12.0378,0.8,0.6,0.2,0.8,0.4,0.4,0.5253,0.566,-0.0408,8.6476,7.4866,1.1611,0.043348,7.8759,7.52,-0.3559,1.7,0.013757,0.5385,0.4615,0.0769,0.5357,0.25,0.2857,99,106,-7,0
734027,Kolkata Knight Riders,Royal Challengers Bangalore,2014-05-22,Eden Gardens,Royal Challengers Bangalore,field,1543.7129,1510.8496,32.8633,1.0,0.4,0.6,0.6,0.3,0.3,0.5,0.5049,-0.0049,7.5142,7.5537,-0.0395,-0.016083,7.4926,7.7724,0.2798,0.5,0.003572,0.5385,0.4615,0.0769,0.6,0.25,0.35,98,103,-5,1
734029,Chennai Super Kings,Sunrisers Hyderabad,2014-05-22,JSCA International Stadium Complex,Sunrisers Hyderabad,field,1600.5459,1505.6563,94.8896,0.4,0.4,0.0,0.7,0.5,0.2,0.6147,0.5,0.1147,7.7379,7.8277,-0.0898,-0.001985,7.7638,7.7955,0.0317,0.6,0.00537,1.0,0.0,1.0,0.6667,0.5,0.1667,109,28,81,0
734031,Mumbai Indians,Delhi Daredevils,2014-05-23,Wankhede Stadium,Delhi Daredevils,field,1565.83,1390.7576,175.0724,0.6,0.0,0.6,0.5,0.1,0.4,0.5701,0.4356,0.1344,7.7269,7.5113,0.2156,0.008931,7.6122,8.4417,0.8295,1.4,0.008753,0.4615,0.5385,-0.0769,0.6452,0.25,0.3952,107,101,6,1
734033,Kings XI Punjab,Rajasthan Royals,2014-05-23,"Punjab Cricket Association Stadium, Mohali",Rajasthan Royals,field,1557.1751,1527.9988,29.1763,0.6,0.4,0.2,0.7,0.5,0.2,0.52,0.54,-0.02,8.4185,7.715,0.7035,0.034825,7.7363,7.5313,-0.205,0.3,0.002192,0.3333,0.6667,-0.3333,0.5172,0.6,-0.0828,100,100,0,1
734035,Royal Challengers Bangalore,Chennai Super Kings,2014-05-24,M Chinnaswamy Stadium,Chennai Super Kings,field,1501.7927,1587.8807,-86.088,0.4,0.4,0.0,0.3,0.6,-0.3,0.5,0.6091,-0.1091,7.645,8.0034,-0.3584,-0.001896,7.9916,8.0452,0.0536,-0.4,-0.003422,0.4667,0.5333,-0.0667,0.5526,0.4,0.1526,104,110,-6,0
734037,Kolkata Knight Riders,Sunrisers Hyderabad,2014-05-24,Eden Gardens,Kolkata Knight Riders,field,1552.7698,1518.3215,34.4483,1.0,0.4,0.6,0.7,0.5,0.2,0.5051,0.5172,-0.0122,7.6906,7.8606,-0.17,-0.000308,7.4703,7.8335,0.3632,0.4,0.002892,0.6667,0.3333,0.3333,0.6111,0.0,0.6111,99,29,70,1
734039,Kings XI Punjab,Delhi Daredevils,2014-05-25,"Punjab Cricket Association Stadium, Mohali",Kings XI Punjab,field,1566.3373,1385.4094,180.9279,0.6,0.0,0.6,0.7,0.1,0.6,0.5248,0.4314,0.0934,8.3504,7.7087,0.6417,0.027839,7.9321,8.4429,0.5107,1.9,0.012932,0.6154,0.3846,0.2308,0.5333,0.5,0.0333,101,102,-1,1
734041,Mumbai Indians,Rajasthan Royals,2014-05-25,Wankhede Stadium,Mumbai Indians,field,1571.1782,1518.8365,52.3416,0.8,0.4,0.4,0.6,0.5,0.1,0.5741,0.5347,0.0394,7.8839,7.5725,0.3114,0.019464,7.6533,7.4118,-0.2415,-0.7,-0.006396,0.6154,0.3846,0.2308,0.6562,0.5,0.1562,108,101,7,1
734043,Kings XI Punjab,Kolkata Knight Riders,2014-05-27,Eden Gardens,Kings XI Punjab,field,1571.5545,1561.7816,9.7729,0.8,1.0,-0.2,0.7,0.7,0.0,0.5294,0.51,0.0194,8.515,7.9822,0.5328,0.019372,7.9884,7.5235,-0.4649,0.2,0.002031,0.4615,0.5385,-0.0769,0.4,0.6216,-0.2216,102,100,2,0
734045,Chennai Super Kings,Mumbai Indians,2014-05-28,Brabourne Stadium,Chennai Super Kings,field,1595.4524,1579.683,15.7694,0.4,0.8,-0.4,0.6,0.7,-0.1,0.6126,0.578,0.0346,8.1624,8.4484,-0.2859,-0.015552,8.0835,7.9042,-0.1793,-0.1,0.000432,0.4706,0.5294,-0.0588,0.5,0.8333,-0.3333,111,109,2,1
734047,Chennai Super Kings,Kings XI Punjab,2014-05-30,Wankhede Stadium,Chennai Super Kings,field,1604.9988,1561.2732,43.7256,0.4,0.6,-0.2,0.6,0.6,0.0,0.6161,0.5243,0.0918,8.3077,8.5337,-0.226,-0.015477,8.2444,8.1692,-0.0752,-0.5,-0.003711,0.6154,0.3846,0.2308,0.4286,0.3333,0.0952,112,103,9,0
734049,Kolkata Knight Riders,Kings XI Punjab,2014-06-01,M Chinnaswamy Stadium,Kolkata Knight Riders,field,1572.0628,1572.5252,-0.4624,1.0,0.6,0.4,0.8,0.7,0.1,0.5149,0.5288,-0.014,8.2122,8.7937,-0.5815,-0.017146,7.5383,8.2599,0.7215,-0.5,-0.003992,0.5714,0.4286,0.1429,0.4,0.6667,-0.2667,101,104,-3,1
829705,Kolkata Knight Riders,Mumbai Indians,2015-04-08,Eden Gardens,Kolkata Knight Riders,field,1582.0761,1570.1365,11.9396,1.0,0.8,0.2,0.9,0.7,0.2,0.5196,0.5727,-0.0531,8.5178,8.5722,-0.0543,0.000196,7.6705,7.969,0.2985,0.7,0.005436,0.2857,0.7143,-0.4286,0.6316,0.8571,-0.2256,102,110,-8,1
829707,Chennai Super Kings,Delhi Daredevils,2015-04-09,"MA Chidambaram Stadium, Chepauk",Delhi Daredevils,field,1593.7469,1380.1922,213.5547,0.4,0.0,0.4,0.5,0.1,0.4,0.6106,0.4272,0.1834,8.404,7.4628,0.9412,0.025904,8.6192,8.3404,-0.2788,0.9,0.002828,0.7143,0.2857,0.4286,0.6923,0.3333,0.359,113,103,10,1
829709,Kings XI Punjab,Rajasthan Royals,2015-04-10,Maharashtra Cricket Association Stadium,Kings XI Punjab,field,1562.5119,1510.3318,52.1801,0.6,0.2,0.4,0.6,0.5,0.1,0.5238,0.5294,-0.0056,8.6561,7.8442,0.8119,0.032819,8.324,7.9147,-0.4093,0.4,0.001406,0.3846,0.6154,-0.2308,0.5,0.5,0.0,105,102,3,0
829711,Chennai Super Kings,Sunrisers Hyderabad,2015-04-11,"MA Chidambaram Stadium, Chepauk",Chennai Super Kings,bat,1598.2729,1509.3098,88.9631,0.6,0.4,0.2,0.5,0.5,0.0,0.614,0.5,0.114,8.2296,7.9321,0.2974,0.003362,8.4697,8.0903,-0.3794,0.3,0.000615,0.75,0.25,0.5,0.7,0.0,0.7,114,30,84,1
829713,Kolkata Knight Riders,Royal Challengers Bangalore,2015-04-11,Eden Gardens,Royal Challengers Bangalore,field,1591.7326,1494.221,97.5116,1.0,0.4,0.6,1.0,0.3,0.7,0.5243,0.4952,0.029,8.6602,7.8491,0.8111,0.029056,7.6732,8.2518,0.5787,0.8,0.006276,0.5714,0.4286,0.1429,0.641,0.2,0.441,103,105,-2,0
829715,Delhi Daredevils,Rajasthan Royals,2015-04-12,Feroz Shah Kotla,Rajasthan Royals,field,1375.6662,1521.8224,-146.1563,0.0,0.4,-0.4,0.0,0.5,-0.5,0.4231,0.534,-0.1109,7.5086,7.9821,-0.4735,-0.003912,8.4862,8.0066,-0.4796,-1.4,-0.007405,0.4286,0.5714,-0.1429,0.3684,0.5,-0.1316,104,103,1,0
829717,Mumbai Indians,Kings XI Punjab,2015-04-12,Wankhede Stadium,Mumbai Indians,field,1560.48,1551.0212,9.4589,0.6,0.4,0.2,0.6,0.5,0.1,0.5676,0.5189,0.0487,8.5332,8.375,0.1582,0.005847,8.0577,8.277,0.2193,-1.2,-0.009595,0.5,0.5,0.0,0.6667,0.4286,0.2381,111,106,5,0
829719,Royal Challengers Bangalore,Sunrisers Hyderabad,2015-04-13,M Chinnaswamy Stadium,Sunrisers Hyderabad,field,1506.9562,1501.8158,5.1404,0.4,0.4,0.0,0.4,0.4,0.0,0.5,0.4839,0.0161,8.1565,7.8972,0.2593,0.011741,8.4694,8.3418,-0.1276,-0.2,-0.003468,0.6667,0.3333,0.3333,0.5385,0.0,0.5385,106,31,75,0
829721,Rajasthan Royals,Mumbai Indians,2015-04-14,"Sardar Patel Stadium, Motera",Mumbai Indians,bat,1527.8475,1550.2079,-22.3604,0.4,0.4,0.0,0.5,0.5,0.0,0.5385,0.5625,-0.024,8.0565,8.4132,-0.3567,-0.029816,8.1252,8.1089,-0.0163,0.9,0.007348,0.3571,0.6429,-0.2857,0.625,1.0,-0.375,104,112,-8,1
829725,Kings XI Punjab,Delhi Daredevils,2015-04-15,Maharashtra Cricket Association Stadium,Kings XI Punjab,bat,1561.2934,1369.6411,191.6522,0.4,0.0,0.4,0.6,0.0,0.6,0.5234,0.419,0.1043,8.5079,7.6284,0.8795,0.030759,8.2269,8.5652,0.3383,2.0,0.011248,0.6429,0.3571,0.2857,0.0,0.5,-0.5,107,105,2,0
829727,Sunrisers Hyderabad,Rajasthan Royals,2015-04-16,Dr. Y.S. Rajasekhara Reddy ACA-VDCA Cricket Stadium,Rajasthan Royals,field,1511.9638,1538.4902,-26.5264,0.6,0.6,0.0,0.5,0.5,0.0,0.5,0.5429,-0.0429,8.0989,8.0648,0.0342,0.008845,8.3613,8.1719,-0.1894,-0.1,0.00039,0.4,0.6,-0.2,0.5,0.5,0.0,32,105,-73,0
829729,Mumbai Indians,Chennai Super Kings,2015-04-17,Wankhede Stadium,Mumbai Indians,bat,1539.5652,1605.7669,-66.2017,0.2,0.8,-0.6,0.5,0.6,-0.1,0.5575,0.6174,-0.0599,8.47,8.3043,0.1657,0.022454,8.1538,8.1474,-0.0064,-1.5,-0.011919,0.5,0.5,0.0,0.6471,0.375,0.2721,113,115,-2,0
829731,Sunrisers Hyderabad,Delhi Daredevils,2015-04-18,Dr. Y.S. Rajasekhara Reddy ACA-VDCA Cricket Stadium,Delhi Daredevils,bat,1502.7258,1384.6585,118.0673,0.4,0.2,0.2,0.4,0.1,0.3,0.4848,0.4245,0.0603,8.0405,7.5659,0.4747,0.014283,8.5089,8.4316,-0.0774,-0.4,-0.006549,1.0,0.0,1.0,0.0,0.5,-0.5,33,106,-73,0
829733,Kings XI Punjab,Kolkata Knight Riders,2015-04-18,Maharashtra Cricket Association Stadium,Kolkata Knight Riders,field,1546.276,1578.9974,-32.7214,0.4,0.8,-0.4,0.5,0.9,-0.4,0.5185,0.5192,-0.0007,8.1895,8.6533,-0.4639,-0.026619,8.0649,7.8103,-0.2546,1.0,0.007764,0.4,0.6,-0.2,0.0,0.5,-0.5,108,104,4,0
829735,Rajasthan Royals,Chennai Super Kings,2015-04-19,"Sardar Patel Stadium, Motera",Chennai Super Kings,bat,1547.7282,1613.8842,-66.156,0.8,0.8,0.0,0.6,0.6,0.0,0.5472,0.6207,-0.0735,8.2057,8.5245,-0.3188,-0.01731,8.1171,8.2752,0.1581,-0.8,-0.006266,0.3333,0.6667,-0.3333,0.6667,0.0,0.6667,106,116,-10,1
829737,Royal Challengers Bangalore,Mumbai Indians,2015-04-19,M Chinnaswamy Stadium,Royal Challengers Bangalore,field,1496.8082,1531.4479,-34.6396,0.2,0.0,0.2,0.3,0.4,-0.1,0.4953,0.5526,-0.0573,8.1756,8.5218,-0.3462,-0.021382,8.6656,8.403,-0.2626,0.0,-0.000476,0.4667,0.5333,-0.0667,0.525,0.6667,-0.1417,107,114,-7,0
829739,Delhi Daredevils,Kolkata Knight Riders,2015-04-20,Feroz Shah Kotla,Kolkata Knight Riders,field,1397.9317,1588.0584,-190.1267,0.4,0.8,-0.4,0.2,0.9,-0.7,0.4299,0.5238,-0.0939,7.5754,8.723,-1.1476,-0.052921,8.3666,7.8333,-0.5332,0.0,0.004889,0.4615,0.5385,-0.0769,0.359,0.75,-0.391,107,105,2,0
829743,Sunrisers Hyderabad,Kolkata Knight Riders,2015-04-22,Dr. Y.S. Rajasekhara Reddy ACA-VDCA Cricket Stadium,Kolkata Knight Riders,field,1489.4526,1593.074,-103.6214,0.2,0.8,-0.6,0.3,0.9,-0.6,0.4706,0.5283,-0.0577,8.0261,8.7797,-0.7536,-0.041413,8.5946,7.8514,-0.7432,-1.6,-0.011733,0.25,0.75,-0.5,0.0,0.5,-0.5,34,106,-72,1
829745,Royal Challengers Bangalore,Chennai Super Kings,2015-04-22,M Chinnaswamy Stadium,Royal Challengers Bangalore,field,1487.802,1602.0027,-114.2008,0.2,0.6,-0.4,0.3,0.5,-0.2,0.4907,0.6154,-0.1246,8.221,8.5593,-0.3384,-0.011675,8.7746,8.402,-0.3726,-0.7,-0.005855,0.4375,0.5625,-0.125,0.5122,0.5,0.0122,108,117,-9,0
829747,Delhi Daredevils,Mumbai Indians,2015-04-23,Feroz Shah Kotla,Mumbai Indians,field,1392.9161,1540.4542,-147.5381,0.4,0.2,0.2,0.2,0.5,-0.3,0.4259,0.5565,-0.1306,7.5593,8.8418,-1.2825,-0.056573,8.3096,8.5206,0.211,1.3,0.01152,0.5,0.5,0.0,0.35,0.3333,0.0167,108,115,-7,1
829749,Rajasthan Royals,Royal Challengers Bangalore,2015-04-24,"Sardar Patel Stadium, Motera",Royal Challengers Bangalore,field,1559.6096,1480.9755,78.6342,1.0,0.2,0.8,0.6,0.3,0.3,0.5514,0.4862,0.0652,8.0863,8.1827,-0.0964,-0.015845,7.962,8.7481,0.7861,0.4,0.003039,0.5385,0.4615,0.0769,0.7,0.5,0.2,107,109,-2,0
829751,Mumbai Indians,Sunrisers Hyderabad,2015-04-25,Wankhede Stadium,Mumbai Indians,bat,1526.4458,1502.3496,24.0961,0.2,0.4,-0.2,0.4,0.4,0.0,0.5517,0.4857,0.066,8.68,8.1324,0.5476,0.039951,8.7035,8.5932,-0.1103,-0.3,-0.004927,0.5,0.5,0.0,0.6286,0.0,0.6286,116,35,81,1
829753,Chennai Super Kings,Kings XI Punjab,2015-04-25,"MA Chidambaram Stadium, Chepauk",Chennai Super Kings,bat,1608.8292,1537.2151,71.6142,0.8,0.2,0.6,0.6,0.4,0.2,0.6186,0.5138,0.1049,8.7734,8.1805,0.593,0.027804,8.4685,8.1464,-0.3222,-1.0,-0.007908,0.5714,0.4286,0.1429,0.7073,0.3333,0.374,118,109,9,1
829757,Delhi Daredevils,Royal Challengers Bangalore,2015-04-26,Feroz Shah Kotla,Royal Challengers Bangalore,field,1406.9245,1493.2009,-86.2764,0.6,0.4,0.2,0.3,0.4,-0.1,0.4312,0.4909,-0.0597,7.6377,8.0943,-0.4566,-0.010815,8.1235,8.4089,0.2854,1.5,0.01288,0.4167,0.5833,-0.1667,0.3659,0.6,-0.2341,109,110,-1,0
829759,Kings XI Punjab,Sunrisers Hyderabad,2015-04-27,"Punjab Cricket Association Stadium, Mohali",Kings XI Punjab,field,1529.2476,1493.0421,36.2055,0.2,0.4,-0.2,0.4,0.4,0.0,0.5091,0.4722,0.0369,7.884,7.8374,0.0466,0.001429,8.2684,8.195,-0.0734,1.6,0.01078,0.5,0.5,0.0,0.5484,1.0,-0.4516,110,36,74,0
829765,Chennai Super Kings,Kolkata Knight Riders,2015-04-28,"MA Chidambaram Stadium, Chepauk",Kolkata Knight Riders,field,1616.7967,1580.1769,36.6198,0.8,0.6,0.2,0.7,0.8,-0.1,0.6218,0.5234,0.0985,8.9404,8.8855,0.0549,-0.003549,8.0786,8.0442,-0.0344,0.6,0.004914,0.6429,0.3571,0.2857,0.7143,0.3333,0.381,119,107,12,1
829723,Kolkata Knight Riders,Chennai Super Kings,2015-04-30,Eden Gardens,Kolkata Knight Riders,field,1571.227,1625.7466,-54.5196,0.4,0.8,-0.4,0.7,0.8,-0.1,0.5185,0.625,-0.1065,8.6445,8.6442,0.0004,0.003912,7.92,7.7858,-0.1342,-0.9,-0.00744,0.3333,0.6667,-0.3333,0.625,0.5714,0.0536,108,120,-12,1
829767,Delhi Daredevils,Kings XI Punjab,2015-05-01,Feroz Shah Kotla,Delhi Daredevils,field,1399.3579,1518.2093,-118.8514,0.6,0.2,0.4,0.3,0.3,0.0,0.4273,0.5045,-0.0772,7.4854,7.6341,-0.1487,0.002811,8.0141,8.2248,0.2107,-0.5,-0.00054,0.4,0.6,-0.2,0.3571,0.6667,-0.3095,110,111,-1,1
829769,Mumbai Indians,Rajasthan Royals,2015-05-01,Wankhede Stadium,Rajasthan Royals,field,1535.7533,1547.3842,-11.6309,0.4,0.8,-0.4,0.4,0.6,-0.2,0.5556,0.5463,0.0093,8.6055,7.9984,0.6071,0.050367,8.6096,8.0608,-0.5488,-0.3,-0.003439,0.6,0.4,0.2,0.6389,0.4,0.2389,117,108,9,1
829771,Royal Challengers Bangalore,Kolkata Knight Riders,2015-05-02,M Chinnaswamy Stadium,Royal Challengers Bangalore,field,1500.7674,1582.7835,-82.0161,0.4,0.6,-0.2,0.4,0.7,-0.3,0.4955,0.5229,-0.0274,8.0627,8.5121,-0.4495,-0.022476,8.09,7.92,-0.17,-1.0,-0.007228,0.4667,0.5333,-0.0667,0.5,0.5,0.0,111,109,2,1
829773,Sunrisers Hyderabad,Chennai Super Kings,2015-05-02,"Rajiv Gandhi International Stadium, Uppal",Chennai Super Kings,field,1504.0804,1614.1902,-110.1098,0.4,0.6,-0.2,0.5,0.7,-0.2,0.4865,0.6198,-0.1333,7.9158,8.5631,-0.6472,-0.034401,8.0635,7.8594,-0.2041,-0.9,-0.005041,0.2,0.8,-0.6,0.6364,1.0,-0.3636,37,121,-84,1
829775,Kings XI Punjab,Mumbai Indians,2015-05-03,"Punjab Cricket Association Stadium, Mohali",Mumbai Indians,bat,1504.9159,1546.088,-41.1721,0.0,0.6,-0.6,0.2,0.4,-0.2,0.5,0.5593,-0.0593,7.4203,8.6392,-1.2189,-0.060929,8.396,8.6776,0.2816,0.9,0.008243,0.5333,0.4667,0.0667,0.5312,0.4,0.1312,112,118,-6,0
829777,Rajasthan Royals,Delhi Daredevils,2015-05-03,Brabourne Stadium,Delhi Daredevils,field,1537.0496,1412.6512,124.3983,0.6,0.6,0.0,0.5,0.4,0.1,0.5413,0.4324,0.1089,7.8716,7.4787,0.393,-0.001693,8.3108,7.8074,-0.5034,-1.9,-0.018492,0.6,0.4,0.2,0.0,0.0,0.0,109,111,-2,1
829779,Chennai Super Kings,Royal Challengers Bangalore,2015-05-04,"MA Chidambaram Stadium, Chepauk",Chennai Super Kings,bat,1601.123,1513.0852,88.0378,0.6,0.6,0.0,0.6,0.4,0.2,0.6148,0.5,0.1148,8.4923,8.3581,0.1342,0.016513,7.9267,8.359,0.4324,1.1,0.005629,0.5882,0.4118,0.1765,0.7209,0.2857,0.4352,122,112,10,1
829781,Kolkata Knight Riders,Sunrisers Hyderabad,2015-05-04,Eden Gardens,Sunrisers Hyderabad,field,1570.4658,1517.1476,53.3182,0.4,0.6,-0.2,0.6,0.5,0.1,0.5182,0.5,0.0182,8.432,8.0494,0.3826,0.017761,8.1101,8.108,-0.0021,0.3,0.00275,0.6,0.4,0.2,0.6341,0.0,0.6341,110,38,72,1
829783,Mumbai Indians,Delhi Daredevils,2015-05-05,Wankhede Stadium,Delhi Daredevils,bat,1554.9085,1406.0862,148.8223,0.8,0.4,0.4,0.4,0.4,0.0,0.563,0.4286,0.1345,8.3199,7.5137,0.8062,0.039503,8.4807,7.8644,-0.6163,-0.4,-0.006578,0.4667,0.5333,-0.0667,0.6486,0.2,0.4486,119,112,7,1
829785,Royal Challengers Bangalore,Kings XI Punjab,2015-05-06,M Chinnaswamy Stadium,Kings XI Punjab,field,1505.5662,1496.0954,9.4708,0.6,0.0,0.6,0.4,0.2,0.2,0.4956,0.4956,0.0,8.1899,7.4819,0.708,0.031679,8.2618,8.4482,0.1864,0.9,0.00975,0.3571,0.6429,-0.2857,0.5116,0.5714,-0.0598,113,113,0,1
829761,Kolkata Knight Riders,Delhi Daredevils,2015-05-07,Eden Gardens,Kolkata Knight Riders,bat,1578.9431,1400.1255,178.8175,0.4,0.4,0.0,0.6,0.4,0.2,0.5225,0.4248,0.0977,8.4696,7.6346,0.835,0.028411,8.0807,7.8103,-0.2704,0.5,0.004501,0.5714,0.4286,0.1429,0.6429,0.25,0.3929,111,113,-2,1
829787,Rajasthan Royals,Sunrisers Hyderabad,2015-05-07,Brabourne Stadium,Rajasthan Royals,field,1543.6146,1508.6703,34.9444,0.6,0.6,0.0,0.6,0.4,0.2,0.5455,0.4872,0.0583,8.0668,7.7488,0.318,-0.002926,8.2399,8.0154,-0.2245,-1.4,-0.012859,0.6667,0.3333,0.3333,0.5,0.5,0.0,110,39,71,0
829789,Chennai Super Kings,Mumbai Indians,2015-05-08,"MA Chidambaram Stadium, Chepauk",Chennai Super Kings,bat,1608.6419,1560.8691,47.7728,0.6,0.8,-0.2,0.7,0.5,0.2,0.6179,0.5667,0.0512,8.25,8.2037,0.0463,0.000613,7.4889,8.3421,0.8532,1.6,0.013329,0.5263,0.4737,0.0526,0.7273,0.4,0.3273,123,120,3,0
829791,Kolkata Knight Riders,Kings XI Punjab,2015-05-09,Eden Gardens,Kings XI Punjab,bat,1584.2073,1486.3679,97.8393,0.6,0.0,0.6,0.6,0.1,0.5,0.5268,0.4912,0.0356,8.2941,7.0718,1.2223,0.048927,7.8493,8.5686,0.7192,1.6,0.014661,0.625,0.375,0.25,0.6512,0.3333,0.3178,112,114,-2,1
829793,Delhi Daredevils,Sunrisers Hyderabad,2015-05-09,Shaheed Veer Narayan Singh International Stadium,Sunrisers Hyderabad,bat,1394.8614,1519.6727,-124.8113,0.2,0.6,-0.4,0.4,0.5,-0.1,0.4211,0.5,-0.0789,7.679,7.9377,-0.2587,-0.005093,7.9044,7.9733,0.0689,-0.6,-0.003953,0.2,0.8,-0.6,1.0,0.5,0.5,114,40,74,0
829795,Mumbai Indians,Royal Challengers Bangalore,2015-05-10,Wankhede Stadium,Royal Challengers Bangalore,bat,1572.2355,1515.2937,56.9418,1.0,0.8,0.2,0.6,0.5,0.1,0.5702,0.5,0.0702,8.1932,8.4803,-0.2871,-0.006407,8.2226,7.9873,-0.2353,-1.1,-0.015142,0.5625,0.4375,0.125,0.6579,0.4,0.2579,121,114,7,0
829797,Chennai Super Kings,Rajasthan Royals,2015-05-10,"MA Chidambaram Stadium, Chepauk",Chennai Super Kings,bat,1597.2755,1532.6122,64.6633,0.4,0.4,0.0,0.6,0.6,0.0,0.6129,0.5405,0.0724,8.2957,8.2316,0.064,0.021261,7.5881,8.3367,0.7486,1.7,0.013562,0.625,0.375,0.25,0.7111,0.2,0.5111,124,111,13,1
829799,Sunrisers Hyderabad,Kings XI Punjab,2015-05-11,"Rajiv Gandhi International Stadium, Uppal",Sunrisers Hyderabad,bat,1526.2273,1479.1118,47.1154,0.8,0.0,0.8,0.6,0.1,0.5,0.5122,0.487,0.0252,7.9393,6.9858,0.9535,0.037324,7.7582,8.4883,0.7301,1.3,0.011091,0.6,0.4,0.2,0.6667,0.8,-0.1333,41,115,-74,1
829801,Delhi Daredevils,Chennai Super Kings,2015-05-12,Shaheed Veer Narayan Singh International Stadium,Chennai Super Kings,bat,1388.3068,1605.4355,-217.1288,0.2,0.4,-0.2,0.4,0.6,-0.2,0.4174,0.616,-0.1986,7.5831,8.075,-0.4919,-0.019821,7.8,7.4938,-0.3062,-1.4,-0.010091,0.2667,0.7333,-0.4667,0.6667,0.5,0.1667,115,125,-10,1
829803,Kings XI Punjab,Royal Challengers Bangalore,2015-05-13,"Punjab Cricket Association Stadium, Mohali",Royal Challengers Bangalore,field,1470.4597,1526.9181,-56.4584,0.0,0.8,-0.8,0.1,0.6,-0.5,0.4828,0.5043,-0.0216,7.2241,8.9176,-1.6935,-0.071946,8.6326,8.066,-0.5665,-2.4,-0.02396,0.6,0.4,0.2,0.5152,0.5,0.0152,116,115,1,1
829805,Mumbai Indians,Kolkata Knight Riders,2015-05-14,Wankhede Stadium,Kolkata Knight Riders,field,1560.6111,1591.4634,-30.8523,0.8,0.8,0.0,0.6,0.6,0.0,0.5656,0.531,0.0346,8.3855,8.2951,0.0904,-0.000698,8.4915,7.9196,-0.5719,-1.4,-0.014285,0.6667,0.3333,0.3333,0.641,0.25,0.391,122,113,9,1
829807,Sunrisers Hyderabad,Royal Challengers Bangalore,2015-05-15,"Rajiv Gandhi International Stadium, Uppal",Sunrisers Hyderabad,bat,1534.8794,1515.3072,19.5722,0.8,0.6,0.2,0.6,0.5,0.1,0.5238,0.5,0.0238,7.9188,8.8154,-0.8966,-0.033154,7.8419,8.1206,0.2788,-1.2,-0.017398,0.5,0.5,0.0,0.6923,0.25,0.4423,42,116,-74,0
829809,Kings XI Punjab,Chennai Super Kings,2015-05-16,"Punjab Cricket Association Stadium, Mohali",Kings XI Punjab,bat,1482.0705,1589.8899,-107.8194,0.2,0.4,-0.2,0.1,0.5,-0.4,0.4872,0.6111,-0.1239,7.2306,7.6761,-0.4455,-0.036802,8.708,7.3266,-1.3814,-1.8,-0.013259,0.4,0.6,-0.2,0.5294,0.6667,-0.1373,117,126,-9,0
829811,Rajasthan Royals,Kolkata Knight Riders,2015-05-16,Brabourne Stadium,Rajasthan Royals,bat,1524.4522,1580.5777,-56.1255,0.2,0.6,-0.4,0.6,0.6,0.0,0.5357,0.5263,0.0094,8.0098,8.2051,-0.1953,-0.022194,7.9396,7.7853,-0.1543,-1.5,-0.014071,0.5,0.5,0.0,0.3333,0.0,0.3333,112,114,-2,1
829815,Sunrisers Hyderabad,Mumbai Indians,2015-05-17,"Rajiv Gandhi International Stadium, Uppal",Sunrisers Hyderabad,bat,1524.3167,1571.4968,-47.1801,0.6,0.8,-0.2,0.6,0.7,-0.1,0.5116,0.5691,-0.0575,8.3297,8.3654,-0.0357,-0.004563,8.2071,8.4416,0.2345,0.4,0.009371,0.4,0.6,-0.2,0.6429,0.75,-0.1071,43,123,-80,0
829817,Chennai Super Kings,Mumbai Indians,2015-05-19,Wankhede Stadium,Mumbai Indians,bat,1596.8825,1580.1471,16.7354,0.6,0.8,-0.2,0.6,0.8,-0.2,0.6142,0.5726,0.0416,7.6749,8.2723,-0.5974,-0.015648,7.1178,7.9904,0.8726,0.8,0.009038,0.5,0.5,0.0,0.4444,0.65,-0.2056,127,124,3,0
829819,Royal Challengers Bangalore,Rajasthan Royals,2015-05-20,Maharashtra Cricket Association Stadium,Royal Challengers Bangalore,bat,1525.87,1536.0537,-10.1837,0.6,0.4,0.2,0.6,0.6,0.0,0.5043,0.5398,-0.0355,9.1263,8.2108,0.9155,0.042917,8.2294,8.1575,-0.0719,2.4,0.031796,0.5,0.5,0.0,0.5,1.0,-0.5,117,113,4,1
829821,Chennai Super Kings,Royal Challengers Bangalore,2015-05-22,JSCA International Stadium Complex,Chennai Super Kings,field,1586.4012,1536.163,50.2382,0.4,0.8,-0.4,0.5,0.7,-0.2,0.6094,0.5085,0.1009,7.6063,9.1435,-1.5372,-0.048939,7.2349,7.7245,0.4896,-0.8,-0.018891,0.6111,0.3889,0.2222,0.5,0.5,0.0,128,118,10,1
829823,Mumbai Indians,Chennai Super Kings,2015-05-24,Eden Gardens,Chennai Super Kings,field,1590.6284,1594.9652,-4.3368,0.8,0.6,0.2,0.8,0.5,0.3,0.576,0.6124,-0.0364,8.1566,7.3736,0.7831,0.025203,7.9467,7.4354,-0.5113,-0.2,-0.003002,0.5238,0.4762,0.0476,0.75,0.5,0.25,125,129,-4,1
980901,Mumbai Indians,Rising Pune Supergiants,2016-04-09,Wankhede Stadium,Mumbai Indians,bat,1600.7532,1500.0,100.7532,0.8,0.5,0.3,0.9,0.5,0.4,0.5794,0.5,0.0794,8.4478,0.0,8.4478,0.176617,7.8189,0.0,-7.8189,6.9,0.05578,0.0,0.0,0.0,0.6585,0.5,0.1585,126,0,126,0
980903,Kolkata Knight Riders,Delhi Daredevils,2016-04-10,Eden Gardens,Kolkata Knight Riders,field,1568.9762,1403.8524,165.1238,0.6,0.2,0.4,0.5,0.4,0.1,0.5217,0.4224,0.0993,8.1809,7.5076,0.6732,0.015593,7.9949,7.6031,-0.3918,0.7,0.0051,0.6,0.4,0.2,0.6591,0.2,0.4591,115,116,-1,1
980905,Kings XI Punjab,Gujarat Lions,2016-04-11,"Punjab Cricket Association IS Bindra Stadium, Mohali",Gujarat Lions,field,1475.0779,1500.0,-24.9221,0.2,0.5,-0.3,0.1,0.5,-0.4,0.4831,0.5,-0.0169,7.0644,0.0,7.0644,0.125331,8.6835,0.0,-8.6835,4.5,0.040577,0.0,0.0,0.0,0.5,0.5,0.0,118,0,118,0
980907,Royal Challengers Bangalore,Sunrisers Hyderabad,2016-04-12,M Chinnaswamy Stadium,Sunrisers Hyderabad,field,1527.599,1515.6664,11.9326,0.6,0.6,0.0,0.7,0.6,0.1,0.5042,0.5,0.0042,9.0095,8.0542,0.9553,0.033688,7.4881,8.2013,0.7132,1.8,0.020783,0.6,0.4,0.2,0.5227,0.3333,0.1894,119,44,75,1
980909,Kolkata Knight Riders,Mumbai Indians,2016-04-13,Eden Gardens,Mumbai Indians,field,1574.5518,1587.932,-13.3802,0.6,0.8,-0.2,0.5,0.8,-0.3,0.5259,0.5748,-0.0489,8.0832,8.2893,-0.2061,-0.000134,7.858,7.9652,0.1072,0.0,0.001627,0.3125,0.6875,-0.375,0.6667,0.7778,-0.1111,116,127,-11,0
980911,Gujarat Lions,Rising Pune Supergiants,2016-04-14,Saurashtra Cricket Association Stadium,Rising Pune Supergiants,bat,1509.2839,1512.8213,-3.5374,1.0,1.0,0.0,1.0,1.0,0.0,1.0,1.0,0.0,8.9174,8.2174,0.7,0.04627,7.7903,5.7619,-2.0284,-2.0,-0.015105,0.0,0.0,0.0,0.5,0.5,0.0,1,1,0,1
980913,Delhi Daredevils,Kings XI Punjab,2016-04-15,Feroz Shah Kotla,Delhi Daredevils,field,1398.2768,1465.794,-67.5171,0.2,0.2,0.0,0.3,0.1,0.2,0.4188,0.479,-0.0602,7.2556,7.0899,0.1656,0.029129,7.4722,8.6919,1.2197,0.2,0.000961,0.4375,0.5625,-0.125,0.3721,0.5714,-0.1993,117,119,-2,1
980915,Sunrisers Hyderabad,Kolkata Knight Riders,2016-04-16,"Rajiv Gandhi International Stadium, Uppal",Sunrisers Hyderabad,bat,1506.0097,1564.9367,-58.927,0.4,0.4,0.0,0.5,0.5,0.0,0.4889,0.5214,-0.0325,8.0642,8.1588,-0.0945,-0.006037,8.5045,7.94,-0.5645,-0.5,-0.002006,0.3333,0.6667,-0.3333,0.6,0.75,-0.15,45,117,-72,0
980917,Mumbai Indians,Gujarat Lions,2016-04-16,Wankhede Stadium,Gujarat Lions,field,1597.547,1519.3857,78.1613,0.8,1.0,-0.2,0.8,1.0,-0.2,0.5781,1.0,-0.4219,8.3358,8.8108,-0.475,-0.021924,8.0116,7.9672,-0.0444,0.5,0.004711,0.0,0.0,0.0,0.6429,0.5,0.1429,128,2,126,0
980919,Kings XI Punjab,Rising Pune Supergiants,2016-04-17,"Punjab Cricket Association IS Bindra Stadium, Mohali",Rising Pune Supergiants,bat,1453.8748,1502.7195,-48.8447,0.2,0.5,-0.3,0.1,0.5,-0.4,0.475,0.5,-0.025,7.1683,8.1792,-1.011,-0.033817,8.5899,7.1548,-1.4351,-1.2,-0.005763,0.0,0.0,0.0,0.0,0.5,-0.5,120,2,118,1
980921,Royal Challengers Bangalore,Delhi Daredevils,2016-04-17,M Chinnaswamy Stadium,Delhi Daredevils,field,1537.2557,1410.196,127.0596,0.6,0.4,0.2,0.7,0.4,0.3,0.5083,0.4237,0.0846,9.3237,7.3505,1.9732,0.055409,7.7822,7.2115,-0.5706,2.1,0.026707,0.6154,0.3846,0.2308,0.5333,0.5,0.0333,120,118,2,0
980923,Sunrisers Hyderabad,Mumbai Indians,2016-04-18,"Rajiv Gandhi International Stadium, Uppal",Sunrisers Hyderabad,field,1497.6897,1585.3346,-87.6449,0.2,0.6,-0.4,0.5,0.7,-0.2,0.4783,0.5736,-0.0954,8.0759,8.1564,-0.0805,-0.006824,8.5527,7.995,-0.5577,-0.9,-0.003388,0.3333,0.6667,-0.3333,0.5625,0.8,-0.2375,46,129,-83,1
980925,Kings XI Punjab,Kolkata Knight Riders,2016-04-19,"Punjab Cricket Association IS Bindra Stadium, Mohali",Kolkata Knight Riders,field,1465.2714,1573.2567,-107.9852,0.4,0.4,0.0,0.2,0.6,-0.4,0.4793,0.5254,-0.0461,7.3612,8.2884,-0.9272,-0.034909,8.577,7.9948,-0.5822,-1.9,-0.013041,0.3529,0.6471,-0.2941,0.5,0.5,0.0,121,118,3,0
980927,Mumbai Indians,Royal Challengers Bangalore,2016-04-20,Wankhede Stadium,Mumbai Indians,field,1572.8641,1523.7534,49.1108,0.4,0.6,-0.2,0.6,0.6,0.0,0.5692,0.5041,0.0651,8.0813,9.3528,-1.2714,-0.042562,8.0469,8.3091,0.2621,-0.8,-0.016198,0.5294,0.4706,0.0588,0.6279,0.5,0.1279,130,121,9,1
980929,Gujarat Lions,Sunrisers Hyderabad,2016-04-21,Saurashtra Cricket Association Stadium,Sunrisers Hyderabad,field,1531.5982,1510.1601,21.4381,1.0,0.2,0.8,1.0,0.5,0.5,1.0,0.4894,0.5106,8.2023,8.133,0.0693,0.01347,7.5526,8.6104,1.0578,1.5333,0.007616,0.0,0.0,0.0,1.0,0.5,0.5,3,47,-44,0
980931,Rising Pune Supergiants,Royal Challengers Bangalore,2016-04-22,Maharashtra Cricket Association Stadium,Rising Pune Supergiants,field,1491.3228,1515.1575,-23.8348,0.3333,0.4,-0.0667,0.3333,0.5,-0.1667,0.3333,0.5,-0.1667,7.8985,9.107,-1.2085,-0.044902,7.4448,8.2881,0.8434,-1.5,-0.018712,0.0,0.0,0.0,0.5,1.0,-0.5,3,122,-119,0
980933,Delhi Daredevils,Mumbai Indians,2016-04-23,Feroz Shah Kotla,Mumbai Indians,field,1423.6983,1581.46,-157.7616,0.6,0.4,0.2,0.4,0.6,-0.2,0.4286,0.5725,-0.1439,7.3941,8.1818,-0.7877,-0.014288,7.4565,8.0802,0.6237,-1.2,-0.007953,0.5,0.5,0.0,0.3864,0.2857,0.1006,119,131,-12,1
980935,Sunrisers Hyderabad,Kings XI Punjab,2016-04-23,"Rajiv Gandhi International Stadium, Uppal",Sunrisers Hyderabad,field,1520.7763,1458.2832,62.4932,0.4,0.2,0.2,0.5,0.2,0.3,0.5,0.4754,0.0246,8.0577,7.4547,0.603,0.012773,8.4273,8.5643,0.1371,0.3,0.002256,0.6667,0.3333,0.3333,0.5882,0.6667,-0.0784,48,122,-74,1
980937,Gujarat Lions,Royal Challengers Bangalore,2016-04-24,Saurashtra Cricket Association Stadium,Royal Challengers Bangalore,bat,1520.9819,1524.4726,-3.4907,0.75,0.4,0.35,0.75,0.6,0.15,0.75,0.5041,0.2459,7.7783,9.3648,-1.5865,-0.049431,7.7935,8.4158,0.6223,-1.75,-0.020287,0.0,0.0,0.0,0.5,0.5,0.0,4,123,-119,1
980939,Rising Pune Supergiants,Kolkata Knight Riders,2016-04-24,Maharashtra Cricket Association Stadium,Kolkata Knight Riders,field,1482.0077,1580.245,-98.2373,0.25,0.6,-0.35,0.25,0.6,-0.35,0.25,0.5294,-0.2794,7.9783,8.2718,-0.2935,-0.020819,7.7713,7.8355,0.0642,-1.7,-0.015706,0.0,0.0,0.0,0.0,1.0,-1.0,4,119,-115,0
980941,Kings XI Punjab,Mumbai Indians,2016-04-25,"Punjab Cricket Association IS Bindra Stadium, Mohali",Kings XI Punjab,field,1450.0627,1567.2075,-117.1448,0.2,0.4,-0.2,0.2,0.6,-0.4,0.4715,0.5682,-0.0966,7.4227,7.9783,-0.5556,-0.026465,8.4991,7.6986,-0.8005,-1.3,-0.006169,0.5,0.5,0.0,0.3333,0.5,-0.1667,123,132,-9,0
980943,Sunrisers Hyderabad,Rising Pune Supergiants,2016-04-26,"Rajiv Gandhi International Stadium, Uppal",Rising Pune Supergiants,field,1528.9968,1474.7622,54.2346,0.6,0.2,0.4,0.6,0.2,0.4,0.5102,0.2,0.3102,8.2175,7.9828,0.2347,0.007688,8.2813,7.7851,-0.4962,-0.3,0.001489,0.0,0.0,0.0,0.6111,0.5,0.1111,49,5,44,0
980945,Delhi Daredevils,Gujarat Lions,2016-04-27,Feroz Shah Kotla,Delhi Daredevils,field,1437.9508,1531.0824,-93.1316,0.8,0.8,0.0,0.5,0.8,-0.3,0.4333,0.8,-0.3667,7.6749,7.9933,-0.3183,0.009248,7.3769,8.0136,0.6367,1.2,0.009451,0.0,0.0,0.0,0.4,0.5,-0.1,120,5,115,0
980947,Mumbai Indians,Kolkata Knight Riders,2016-04-28,Wankhede Stadium,Mumbai Indians,field,1573.958,1587.4905,-13.5325,0.4,0.8,-0.4,0.6,0.7,-0.1,0.5714,0.5333,0.0381,8.1023,8.1191,-0.0169,-0.000145,7.7143,7.6849,-0.0294,-0.2,-0.000449,0.7059,0.2941,0.4118,0.6364,0.2,0.4364,133,120,13,1
980949,Rising Pune Supergiants,Gujarat Lions,2016-04-29,Maharashtra Cricket Association Stadium,Gujarat Lions,field,1486.3106,1538.4643,-52.1536,0.2,0.8,-0.6,0.3333,0.8333,-0.5,0.3333,0.8333,-0.5,7.9541,8.084,-0.1299,-0.00523,7.4423,8.0932,0.6509,1.3333,0.00998,0.0,1.0,-1.0,0.0,0.5,-0.5,6,6,0,0
980951,Delhi Daredevils,Kolkata Knight Riders,2016-04-30,Feroz Shah Kotla,Kolkata Knight Riders,field,1430.5689,1577.1012,-146.5323,0.6,0.6,0.0,0.4,0.6,-0.2,0.4298,0.5289,-0.0992,7.732,8.1612,-0.4293,-0.007996,7.6611,7.9819,0.3208,-0.7,-0.004976,0.375,0.625,-0.25,0.3913,0.8,-0.4087,121,121,0,1
980953,Sunrisers Hyderabad,Royal Challengers Bangalore,2016-04-30,"Rajiv Gandhi International Stadium, Uppal",Royal Challengers Bangalore,field,1517.4484,1514.3721,3.0762,0.6,0.4,0.2,0.5,0.5,0.0,0.5,0.5,0.0,7.7979,9.1642,-1.3664,-0.05435,8.0892,8.6219,0.5328,-1.4,-0.010796,0.3333,0.6667,-0.3333,0.5789,0.4,0.1789,50,124,-74,1
980955,Gujarat Lions,Kings XI Punjab,2016-05-01,Saurashtra Cricket Association Stadium,Gujarat Lions,field,1546.9743,1443.3122,103.6621,0.8,0.2,0.6,0.8571,0.2,0.6571,0.8571,0.4677,0.3894,8.2616,7.5657,0.6959,0.02279,8.2833,8.324,0.0407,-1.0571,-0.013603,1.0,0.0,1.0,0.6667,0.5,0.1667,7,124,-117,0
980957,Rising Pune Supergiants,Mumbai Indians,2016-05-01,Maharashtra Cricket Association Stadium,Mumbai Indians,field,1477.8006,1584.3473,-106.5468,0.2,0.6,-0.4,0.2857,0.6,-0.3143,0.2857,0.5746,-0.2889,8.1797,8.2512,-0.0715,-0.020266,7.7123,8.0469,0.3347,0.1571,0.000175,1.0,0.0,1.0,0.0,0.5,-0.5,7,134,-127,0
980959,Royal Challengers Bangalore,Kolkata Knight Riders,2016-05-02,M Chinnaswamy Stadium,Kolkata Knight Riders,field,1504.4607,1563.1171,-58.6565,0.2,0.6,-0.4,0.4,0.5,-0.1,0.496,0.5246,-0.0286,8.882,8.1555,0.7264,0.013145,8.6033,8.1337,-0.4696,-0.4,0.0013,0.5,0.5,0.0,0.5217,0.4286,0.0932,125,122,3,0
980961,Gujarat Lions,Delhi Daredevils,2016-05-03,Saurashtra Cricket Association Stadium,Delhi Daredevils,field,1534.0762,1444.553,89.5232,0.6,0.8,-0.2,0.75,0.5,0.25,0.75,0.4344,0.3156,8.0228,7.8426,0.1803,-0.011009,8.1927,7.5544,-0.6382,-1.125,-0.009795,1.0,0.0,1.0,0.5,0.5,0.0,8,122,-114,0
980963,Kolkata Knight Riders,Kings XI Punjab,2016-05-04,Eden Gardens,Kings XI Punjab,field,1571.4447,1456.2103,115.2344,0.6,0.4,0.2,0.5,0.3,0.2,0.5285,0.472,0.0565,8.174,7.4227,0.7513,0.028083,8.1369,8.0279,-0.1089,1.1,0.00352,0.6667,0.3333,0.3333,0.6522,0.2857,0.3665,123,125,-2,1
980965,Delhi Daredevils,Rising Pune Supergiants,2016-05-05,Feroz Shah Kotla,Rising Pune Supergiants,field,1457.0741,1470.7746,-13.7005,0.8,0.2,0.6,0.6,0.25,0.35,0.439,0.25,0.189,7.9351,8.0861,-0.1509,0.016605,7.5342,7.8099,0.2757,0.825,0.007899,0.0,0.0,0.0,0.4043,0.5,-0.0957,123,8,115,0
980967,Sunrisers Hyderabad,Gujarat Lions,2016-05-06,"Rajiv Gandhi International Stadium, Uppal",Sunrisers Hyderabad,field,1527.3598,1521.5551,5.8048,0.8,0.6,0.2,0.5,0.6667,-0.1667,0.5098,0.6667,-0.1569,7.9557,7.9374,0.0183,-0.001321,8.2066,8.2224,0.0158,0.1444,0.005907,1.0,0.0,1.0,0.6,0.5,0.1,51,9,42,1
980969,Royal Challengers Bangalore,Rising Pune Supergiants,2016-05-07,M Chinnaswamy Stadium,Royal Challengers Bangalore,field,1496.1331,1480.3805,15.7526,0.2,0.4,-0.2,0.4,0.3333,0.0667,0.4921,0.3333,0.1587,8.9376,8.1032,0.8344,0.037009,8.5803,7.7918,-0.7885,0.0444,0.002407,1.0,0.0,1.0,0.5106,0.5,0.0106,126,9,117,1
980971,Kings XI Punjab,Delhi Daredevils,2016-05-07,"Punjab Cricket Association IS Bindra Stadium, Mohali",Delhi Daredevils,field,1449.4105,1447.4682,1.9423,0.2,0.6,-0.4,0.3,0.6,-0.3,0.4683,0.4355,0.0328,7.3041,7.9423,-0.6381,-0.033068,7.918,7.5343,-0.3837,-0.8,-0.002513,0.5294,0.4706,0.0588,0.25,0.5,-0.25,126,124,2,1
980973,Mumbai Indians,Sunrisers Hyderabad,2016-05-08,Dr. Y.S. Rajasekhara Reddy ACA-VDCA Cricket Stadium,Mumbai Indians,field,1591.3733,1537.1928,54.1806,0.8,0.8,0.0,0.6,0.5,0.1,0.5778,0.5192,0.0585,8.2313,7.7059,0.5254,0.03276,7.9784,7.892,-0.0863,0.6,-0.000263,0.5714,0.4286,0.1429,1.0,0.3333,0.6667,135,52,83,0
980975,Kolkata Knight Riders,Gujarat Lions,2016-05-08,Eden Gardens,Gujarat Lions,field,1578.2445,1511.7221,66.5224,0.6,0.4,0.2,0.6,0.6,0.0,0.5323,0.6,-0.0677,8.1915,7.7426,0.449,0.015022,8.101,8.0628,-0.0382,2.2,0.017242,0.0,0.0,0.0,0.6596,0.5,0.1596,124,10,114,0
980977,Kings XI Punjab,Royal Challengers Bangalore,2016-05-09,"Punjab Cricket Association IS Bindra Stadium, Mohali",Kings XI Punjab,field,1459.3546,1505.68,-46.3253,0.4,0.4,0.0,0.3,0.4,-0.1,0.4724,0.4961,-0.0236,7.3137,8.8883,-1.5746,-0.053731,7.9717,8.4619,0.4902,-1.0,-0.005035,0.625,0.375,0.25,0.4,0.5,-0.1,127,127,0,0
980979,Rising Pune Supergiants,Sunrisers Hyderabad,2016-05-10,Dr. Y.S. Rajasekhara Reddy ACA-VDCA Cricket Stadium,Sunrisers Hyderabad,bat,1470.8335,1548.7397,-77.9061,0.4,0.8,-0.4,0.3,0.6,-0.3,0.3,0.5283,-0.2283,8.2116,7.5728,0.6389,0.014036,7.9984,7.4693,-0.5291,0.1,-0.002611,1.0,0.0,1.0,0.5,0.5,0.0,10,53,-43,0
980981,Royal Challengers Bangalore,Mumbai Indians,2016-05-11,M Chinnaswamy Stadium,Mumbai Indians,field,1514.3545,1579.8264,-65.4719,0.4,0.6,-0.2,0.4,0.5,-0.1,0.5,0.5735,-0.0735,8.8713,7.799,1.0723,0.015801,8.7455,8.0717,-0.6738,0.6,0.004031,0.4444,0.5556,-0.1111,0.5208,0.7143,-0.1935,128,136,-8,0
980983,Sunrisers Hyderabad,Delhi Daredevils,2016-05-12,"Rajiv Gandhi International Stadium, Uppal",Delhi Daredevils,field,1556.5342,1437.5241,119.0101,0.8,0.4,0.4,0.7,0.6,0.1,0.537,0.432,0.105,7.7019,8.014,-0.3121,-0.011798,7.3547,7.6257,0.2711,0.0,0.00108,0.8333,0.1667,0.6667,0.619,0.75,-0.131,54,125,-71,0
980985,Mumbai Indians,Kings XI Punjab,2016-05-13,Dr. Y.S. Rajasekhara Reddy ACA-VDCA Cricket Stadium,Mumbai Indians,bat,1587.964,1450.6802,137.2838,0.8,0.4,0.4,0.6,0.3,0.3,0.5766,0.4688,0.1079,7.9881,7.5356,0.4526,0.031277,7.9967,8.0609,0.0641,-0.2,-0.004534,0.5294,0.4706,0.0588,0.5,0.5,0.0,137,128,9,0
980987,Royal Challengers Bangalore,Gujarat Lions,2016-05-14,M Chinnaswamy Stadium,Gujarat Lions,field,1506.2169,1523.6137,-17.3968,0.4,0.4,0.0,0.4,0.6,-0.2,0.4961,0.6364,-0.1402,8.9513,7.7525,1.1988,0.034102,8.8091,8.0544,-0.7548,0.6,0.0034,0.0,1.0,-1.0,0.5102,0.5,0.0102,129,11,118,1
980989,Kolkata Knight Riders,Rising Pune Supergiants,2016-05-14,Eden Gardens,Rising Pune Supergiants,bat,1566.3529,1463.039,103.3139,0.4,0.2,0.2,0.6,0.2,0.4,0.528,0.2727,0.2553,8.1044,8.0457,0.0587,0.005125,8.0336,8.0975,0.064,1.4,0.012406,1.0,0.0,1.0,0.6458,0.5,0.1458,125,11,114,1
980991,Kings XI Punjab,Sunrisers Hyderabad,2016-05-15,"Punjab Cricket Association IS Bindra Stadium, Mohali",Kings XI Punjab,bat,1464.4379,1543.2368,-78.7989,0.6,0.8,-0.2,0.4,0.7,-0.3,0.4729,0.5273,-0.0544,7.4788,7.5179,-0.039,-0.007001,7.7747,7.0341,-0.7406,-0.2,-0.002592,0.2857,0.7143,-0.4286,0.3333,0.5,-0.1667,129,55,74,0
980993,Mumbai Indians,Delhi Daredevils,2016-05-15,Dr. Y.S. Rajasekhara Reddy ACA-VDCA Cricket Stadium,Delhi Daredevils,field,1574.2062,1450.8216,123.3846,0.6,0.6,0.0,0.5,0.6,-0.1,0.5725,0.4365,0.136,7.6433,8.0865,-0.4432,-0.003672,7.8377,7.7302,-0.1076,-1.3,-0.011698,0.4706,0.5294,-0.0588,0.3333,1.0,-0.6667,138,126,12,1
980995,Kolkata Knight Riders,Royal Challengers Bangalore,2016-05-16,Eden Gardens,Royal Challengers Bangalore,field,1573.4639,1516.7172,56.7467,0.6,0.6,0.0,0.6,0.4,0.2,0.5317,0.5,0.0317,8.3342,9.0757,-0.7414,-0.025504,8.0723,8.4619,0.3896,0.9,0.008715,0.5294,0.4706,0.0588,0.6531,0.3333,0.3197,126,130,-4,0
980997,Rising Pune Supergiants,Delhi Daredevils,2016-05-17,Dr. Y.S. Rajasekhara Reddy ACA-VDCA Cricket Stadium,Rising Pune Supergiants,field,1455.928,1444.2307,11.6973,0.2,0.4,-0.2,0.2,0.6,-0.4,0.25,0.4331,-0.1831,7.8205,8.1893,-0.3688,-0.018218,8.1432,8.0608,-0.0824,-1.2,-0.006611,1.0,0.0,1.0,0.0,0.5,-0.5,12,127,-115,1
980999,Royal Challengers Bangalore,Kings XI Punjab,2016-05-18,M Chinnaswamy Stadium,Kings XI Punjab,field,1528.3362,1456.6678,71.6683,0.8,0.4,0.4,0.5,0.4,0.1,0.5038,0.4692,0.0346,9.1031,7.8369,1.2662,0.039325,8.3971,7.8569,-0.5402,-0.1,-0.001669,0.4118,0.5882,-0.1765,0.52,0.5,0.02,131,130,1,1
981001,Gujarat Lions,Kolkata Knight Riders,2016-05-19,Green Park,Gujarat Lions,field,1513.1134,1561.845,-48.7316,0.2,0.6,-0.4,0.5,0.6,-0.1,0.5833,0.5276,0.0558,7.4126,8.3276,-0.915,-0.022717,8.4733,8.0962,-0.3771,-1.8,-0.01501,1.0,0.0,1.0,0.5,0.5,0.0,12,127,-115,1
981003,Delhi Daredevils,Sunrisers Hyderabad,2016-05-20,Shaheed Veer Narayan Singh International Stadium,Delhi Daredevils,field,1434.5673,1551.0069,-116.4396,0.2,0.8,-0.6,0.5,0.8,-0.3,0.4297,0.5357,-0.106,7.97,7.7253,0.2447,0.007329,8.2403,7.176,-1.0644,-0.4,-0.004196,0.2857,0.7143,-0.4286,0.75,1.0,-0.25,128,56,72,1
981005,Rising Pune Supergiants,Kings XI Punjab,2016-05-21,Dr. Y.S. Rajasekhara Reddy ACA-VDCA Cricket Stadium,Kings XI Punjab,bat,1465.5914,1448.7019,16.8896,0.4,0.4,0.0,0.3,0.3,0.0,0.3077,0.4656,-0.158,7.7764,7.8352,-0.0588,-0.001143,7.9175,8.3316,0.4142,0.1,0.002342,0.0,1.0,-1.0,0.5,1.0,-0.5,13,131,-118,1
981007,Gujarat Lions,Mumbai Indians,2016-05-21,Green Park,Gujarat Lions,field,1524.5069,1580.797,-56.2901,0.4,0.6,-0.2,0.5,0.6,-0.1,0.6154,0.5755,0.0398,7.5203,8.0034,-0.4831,-0.023794,8.3908,7.785,-0.6058,-0.9,-0.006816,1.0,0.0,1.0,1.0,0.5,0.5,13,139,-126,1
981009,Kolkata Knight Riders,Sunrisers Hyderabad,2016-05-22,Eden Gardens,Sunrisers Hyderabad,field,1550.4515,1537.7756,12.676,0.4,0.6,-0.2,0.5,0.7,-0.2,0.5234,0.5263,-0.0029,8.1356,7.7063,0.4293,0.008576,8.2611,7.2753,-0.9858,-0.1,-0.000914,0.7143,0.2857,0.4286,0.64,0.0,0.64,128,57,71,1
981011,Delhi Daredevils,Royal Challengers Bangalore,2016-05-22,Shaheed Veer Narayan Singh International Stadium,Royal Challengers Bangalore,field,1447.7986,1536.3021,-88.5036,0.4,0.8,-0.4,0.5,0.6,-0.1,0.4341,0.5076,-0.0735,7.789,9.5306,-1.7416,-0.055025,8.0704,8.2962,0.2258,-0.3,-0.000963,0.4286,0.5714,-0.1429,0.8,0.5,0.3,129,132,-3,0
981013,Gujarat Lions,Royal Challengers Bangalore,2016-05-24,M Chinnaswamy Stadium,Royal Challengers Bangalore,field,1536.113,1543.8085,-7.6955,0.6,0.8,-0.2,0.6,0.6,0.0,0.6429,0.5113,0.1316,7.7918,9.4337,-1.6419,-0.043675,8.3493,8.1332,-0.2161,-1.0,-0.008568,0.5,0.5,0.0,0.0,0.5294,-0.5294,14,133,-119,0
981015,Sunrisers Hyderabad,Kolkata Knight Riders,2016-05-25,Feroz Shah Kotla,Kolkata Knight Riders,field,1528.1402,1560.0869,-31.9466,0.4,0.4,0.0,0.6,0.5,0.1,0.5172,0.5271,-0.0099,7.5753,8.1722,-0.5969,-0.00909,7.4634,8.3258,0.8624,-0.1,-0.000871,0.25,0.75,-0.5,0.6667,0.6667,0.0,58,129,-71,1
981017,Gujarat Lions,Sunrisers Hyderabad,2016-05-27,Feroz Shah Kotla,Sunrisers Hyderabad,field,1526.3345,1539.0572,-12.7227,0.6,0.4,0.2,0.5,0.6,-0.1,0.6,0.5254,0.0746,7.6624,7.5795,0.0829,0.011091,8.2931,7.4672,-0.8258,-0.4,-0.005692,0.0,1.0,-1.0,1.0,0.75,0.25,15,59,-44,0
981019,Royal Challengers Bangalore,Sunrisers Hyderabad,2016-05-29,M Chinnaswamy Stadium,Sunrisers Hyderabad,bat,1553.5871,1548.6911,4.8959,1.0,0.6,0.4,0.7,0.7,0.0,0.5149,0.5333,-0.0184,9.3824,7.8378,1.5445,0.042177,8.0067,7.4837,-0.5229,0.4,0.003112,0.5714,0.4286,0.1429,0.5385,0.25,0.2885,134,60,74,0
1082591,Sunrisers Hyderabad,Royal Challengers Bangalore,2017-04-05,"Rajiv Gandhi International Stadium, Uppal",Royal Challengers Bangalore,field,1558.832,1543.4461,15.3859,0.6,0.8,-0.2,0.7,0.7,0.0,0.541,0.5111,0.0299,7.8937,9.474,-1.5802,-0.04391,7.5763,8.0631,0.4868,-0.5,-0.003935,0.5,0.5,0.0,0.5909,0.3333,0.2576,61,135,-74,1
1082592,Rising Pune Supergiant,Mumbai Indians,2017-04-06,Maharashtra Cricket Association Stadium,Rising Pune Supergiant,field,1500.0,1569.1909,-69.1909,0.5,0.4,0.1,0.5,0.6,-0.1,0.5,0.5714,-0.0714,0.0,8.1633,-8.1633,-0.17602,0.0,7.9052,7.9052,-5.2,-0.043225,0.0,0.0,0.0,0.5,1.0,-0.5,0,140,-140,1
1082593,Gujarat Lions,Kolkata Knight Riders,2017-04-07,Saurashtra Cricket Association Stadium,Kolkata Knight Riders,field,1516.7005,1549.1699,-32.4694,0.4,0.4,0.0,0.4,0.4,0.0,0.5625,0.5231,0.0394,7.5854,8.0847,-0.4993,0.012365,8.2807,8.3073,0.0266,-0.5,-0.006135,1.0,0.0,1.0,0.4,0.5,-0.1,16,130,-114,0
1082594,Kings XI Punjab,Rising Pune Supergiant,2017-04-08,Holkar Cricket Stadium,Kings XI Punjab,field,1439.1876,1511.9656,-72.778,0.2,1.0,-0.8,0.3,1.0,-0.7,0.4621,1.0,-0.5379,8.0221,9.1967,-1.1746,-0.040977,8.3459,8.832,0.4861,-2.5,-0.018052,0.0,0.0,0.0,1.0,0.5,0.5,132,1,131,1
1082595,Royal Challengers Bangalore,Delhi Daredevils,2017-04-08,M.Chinnaswamy Stadium,Royal Challengers Bangalore,bat,1533.8887,1440.2922,93.5965,0.6,0.4,0.2,0.7,0.4,0.3,0.5074,0.4308,0.0766,9.4154,7.685,1.7304,0.05844,8.1461,8.0693,-0.0767,1.2,0.007941,0.6,0.4,0.2,0.5,0.5,0.0,136,130,6,1
1082596,Sunrisers Hyderabad,Gujarat Lions,2017-04-09,"Rajiv Gandhi International Stadium, Uppal",Sunrisers Hyderabad,field,1568.3895,1507.6323,60.7571,0.8,0.4,0.4,0.7,0.3,0.4,0.5484,0.5294,0.019,8.2226,7.5512,0.6714,0.005958,7.8195,8.4298,0.6102,1.5,0.011453,1.0,0.0,1.0,0.6087,0.0,0.6087,62,17,45,1
1082597,Mumbai Indians,Kolkata Knight Riders,2017-04-09,Wankhede Stadium,Mumbai Indians,field,1557.2253,1558.2381,-1.0128,0.4,0.4,0.0,0.5,0.5,0.0,0.5674,0.5267,0.0407,8.1328,8.3135,-0.1807,0.014551,8.0167,8.2687,0.2521,-1.2,-0.011646,0.7222,0.2778,0.4444,0.6444,0.1667,0.4778,141,131,10,1
1082598,Kings XI Punjab,Royal Challengers Bangalore,2017-04-10,Holkar Cricket Stadium,Royal Challengers Bangalore,bat,1451.2522,1541.2581,-90.0059,0.4,0.6,-0.2,0.4,0.7,-0.3,0.4662,0.5109,-0.0448,8.1363,9.1735,-1.0372,-0.039694,8.3405,7.9152,-0.4253,-1.4,-0.011907,0.5556,0.4444,0.1111,1.0,0.5,0.5,133,137,-4,1
1082599,Rising Pune Supergiant,Delhi Daredevils,2017-04-11,Maharashtra Cricket Association Stadium,Rising Pune Supergiant,field,1499.9009,1432.9228,66.9781,0.5,0.2,0.3,0.5,0.4,0.1,0.5,0.4275,0.0725,8.502,7.5212,0.9808,0.028727,8.4534,7.9706,-0.4828,0.3,-0.000682,0.0,0.0,0.0,1.0,1.0,0.0,2,131,-129,0
1082600,Mumbai Indians,Sunrisers Hyderabad,2017-04-12,Wankhede Stadium,Mumbai Indians,field,1567.2545,1576.6584,-9.4039,0.4,1.0,-0.6,0.6,0.7,-0.1,0.5704,0.5556,0.0149,8.2362,8.2226,0.0136,0.008943,8.0935,7.9226,-0.1709,-1.3,-0.010147,0.5,0.5,0.0,0.6522,0.0,0.6522,142,63,79,1
1082601,Kolkata Knight Riders,Kings XI Punjab,2017-04-13,Eden Gardens,Kolkata Knight Riders,field,1548.209,1463.7863,84.4226,0.4,0.4,0.0,0.5,0.5,0.0,0.5227,0.4701,0.0526,8.3336,8.3053,0.0284,-0.008742,8.2165,8.1439,-0.0726,0.4,0.005163,0.6842,0.3158,0.3684,0.6471,0.25,0.3971,132,134,-2,1
1082602,Royal Challengers Bangalore,Mumbai Indians,2017-04-14,M Chinnaswamy Stadium,Mumbai Indians,field,1528.724,1577.5251,-48.8011,0.4,0.6,-0.2,0.6,0.6,0.0,0.5072,0.5734,-0.0662,9.0434,8.1606,0.8828,0.023325,8.0154,8.0433,0.0279,1.6,0.014822,0.4211,0.5789,-0.1579,0.5283,0.75,-0.2217,138,143,-5,0
1082603,Gujarat Lions,Rising Pune Supergiant,2017-04-14,Saurashtra Cricket Association Stadium,Gujarat Lions,field,1499.3635,1487.9967,11.3668,0.2,0.3333,-0.1333,0.3,0.3333,-0.0333,0.5,0.3333,0.1667,7.5911,7.8966,-0.3054,0.011944,8.5482,8.9194,0.3712,-1.0333,-0.005358,0.0,0.0,0.0,0.3333,0.5,-0.1667,18,3,15,1
1082604,Kolkata Knight Riders,Sunrisers Hyderabad,2017-04-15,Eden Gardens,Sunrisers Hyderabad,field,1555.8258,1566.3878,-10.562,0.6,0.8,-0.2,0.5,0.6,-0.1,0.5263,0.5469,-0.0206,8.3869,8.3065,0.0804,-0.007024,8.0974,8.1045,0.007,-0.2,-0.000128,0.6667,0.3333,0.3333,0.6538,0.0,0.6538,133,64,69,1
1082605,Delhi Daredevils,Kings XI Punjab,2017-04-15,Feroz Shah Kotla,Delhi Daredevils,bat,1444.8271,1456.1695,-11.3424,0.4,0.4,0.0,0.4,0.4,0.0,0.4318,0.4667,-0.0348,7.6033,8.331,-0.7277,-0.029818,7.8142,8.4756,0.6614,1.0,0.01046,0.4444,0.5556,-0.1111,0.3958,0.5,-0.1042,132,135,-3,1
1082606,Mumbai Indians,Gujarat Lions,2017-04-16,Wankhede Stadium,Mumbai Indians,field,1586.1296,1509.0364,77.0932,0.6,0.2,0.4,0.6,0.4,0.2,0.5764,0.5263,0.0501,7.9529,7.7824,0.1705,-0.011299,7.8573,8.5241,0.6669,0.3,0.000912,0.0,1.0,-1.0,0.6596,1.0,-0.3404,144,19,125,1
1082607,Royal Challengers Bangalore,Rising Pune Supergiant,2017-04-16,M Chinnaswamy Stadium,Royal Challengers Bangalore,field,1520.1194,1478.3237,41.7957,0.2,0.25,-0.05,0.6,0.25,0.35,0.5036,0.25,0.2536,8.9822,7.9958,0.9864,0.036933,7.9949,8.9876,0.9927,2.25,0.020727,0.0,0.0,0.0,0.5185,0.5,0.0185,139,4,135,0
1082608,Delhi Daredevils,Kolkata Knight Riders,2017-04-17,Feroz Shah Kotla,Delhi Daredevils,bat,1455.1534,1566.1297,-110.9763,0.6,0.6,0.0,0.4,0.5,-0.1,0.4361,0.5299,-0.0938,7.6591,8.4076,-0.7486,-0.018216,7.7647,8.0872,0.3225,0.2,0.003082,0.4118,0.5882,-0.1765,0.4082,0.5714,-0.1633,133,134,-1,0
1082609,Sunrisers Hyderabad,Kings XI Punjab,2017-04-17,"Rajiv Gandhi International Stadium, Uppal",Kings XI Punjab,field,1556.0839,1445.8432,110.2407,0.6,0.4,0.2,0.6,0.4,0.2,0.5385,0.4632,0.0752,8.3582,8.248,0.1102,0.005438,8.1197,8.5678,0.4482,1.5,0.011403,0.75,0.25,0.5,0.625,0.5714,0.0536,65,136,-71,1
1082610,Gujarat Lions,Royal Challengers Bangalore,2017-04-18,Saurashtra Cricket Association Stadium,Gujarat Lions,field,1501.2196,1508.9222,-7.7026,0.2,0.2,0.0,0.4,0.5,-0.1,0.5,0.5,0.0,8.0345,8.3868,-0.3523,0.009011,8.7123,8.2455,-0.4668,-2.0,-0.016875,0.3333,0.6667,-0.3333,0.4286,0.0,0.4286,20,140,-120,0
1082611,Sunrisers Hyderabad,Delhi Daredevils,2017-04-19,"Rajiv Gandhi International Stadium, Uppal",Sunrisers Hyderabad,bat,1563.0132,1448.2432,114.77,0.6,0.4,0.2,0.6,0.4,0.2,0.5455,0.4328,0.1126,8.2401,7.7199,0.5202,0.016558,7.9706,7.7669,-0.2037,0.9,0.003668,0.625,0.375,0.25,0.64,0.8,-0.16,66,134,-68,1
1082612,Kings XI Punjab,Mumbai Indians,2017-04-20,Holkar Cricket Stadium,Mumbai Indians,field,1438.9138,1593.9464,-155.0327,0.4,0.8,-0.4,0.3,0.6,-0.3,0.4599,0.5793,-0.1195,8.0995,7.9534,0.1461,0.007752,8.4812,7.9485,-0.5327,0.0,0.000248,0.5,0.5,0.0,1.0,0.5,0.5,137,145,-8,0
1082613,Kolkata Knight Riders,Gujarat Lions,2017-04-21,Eden Gardens,Gujarat Lions,field,1573.0399,1491.4413,81.5986,0.8,0.2,0.6,0.6,0.3,0.3,0.5333,0.4762,0.0571,8.4674,8.0612,0.4062,-0.01111,8.0186,8.9949,0.9763,1.3,0.01049,0.3333,0.6667,-0.3333,0.6604,1.0,-0.3396,135,21,114,0
1082614,Mumbai Indians,Delhi Daredevils,2017-04-22,Wankhede Stadium,Delhi Daredevils,field,1599.7586,1441.4314,158.3272,1.0,0.4,0.6,0.7,0.4,0.3,0.5822,0.4296,0.1526,8.5234,7.7396,0.7839,0.017535,8.0265,7.8195,-0.207,-0.9,-0.010416,0.5,0.5,0.0,0.6667,0.1667,0.5,146,135,11,1
1082615,Rising Pune Supergiant,Sunrisers Hyderabad,2017-04-22,Maharashtra Cricket Association Stadium,Rising Pune Supergiant,field,1489.5209,1569.825,-80.3041,0.4,0.6,-0.2,0.4,0.7,-0.3,0.4,0.5522,-0.1522,7.9264,8.3901,-0.4637,-0.014691,8.477,8.0705,-0.4065,-1.6,-0.012964,0.0,0.0,0.0,0.5,1.0,-0.5,5,67,-62,1
1082616,Gujarat Lions,Kings XI Punjab,2017-04-23,Saurashtra Cricket Association Stadium,Gujarat Lions,field,1503.7476,1433.1016,70.646,0.4,0.2,0.2,0.4,0.3,0.1,0.5,0.4565,0.0435,8.5553,8.1894,0.3659,0.019909,8.6889,8.7925,0.1035,0.1,0.000994,0.5,0.5,0.0,0.375,1.0,-0.625,22,138,-116,0
1082617,Kolkata Knight Riders,Royal Challengers Bangalore,2017-04-23,Eden Gardens,Royal Challengers Bangalore,field,1560.7336,1518.7005,42.033,0.6,0.4,0.2,0.5,0.5,0.0,0.5294,0.5035,0.0259,8.4584,8.4596,-0.0012,-0.006318,8.4283,8.2845,-0.1438,-1.1,-0.009878,0.5,0.5,0.0,0.6481,0.4286,0.2196,136,141,-5,1
1082618,Mumbai Indians,Rising Pune Supergiant,2017-04-24,Wankhede Stadium,Mumbai Indians,field,1605.4928,1501.792,103.7008,1.0,0.4,0.6,0.7,0.5,0.2,0.585,0.5,0.085,8.433,8.0862,0.3467,0.008514,7.8927,8.4836,0.591,0.3333,0.003067,0.0,1.0,-1.0,0.6735,0.5,0.1735,147,6,141,0
1082620,Rising Pune Supergiant,Kolkata Knight Riders,2017-04-26,Maharashtra Cricket Association Stadium,Kolkata Knight Riders,field,1514.6911,1569.5296,-54.8385,0.6,0.8,-0.2,0.5714,0.6,-0.0286,0.5714,0.5328,0.0386,8.0547,8.2241,-0.1694,0.001,8.3649,8.0899,-0.275,-1.2286,-0.014351,0.0,0.0,0.0,0.6667,1.0,-0.3333,7,137,-130,0
1082621,Royal Challengers Bangalore,Gujarat Lions,2017-04-27,M Chinnaswamy Stadium,Gujarat Lions,field,1509.9045,1491.7419,18.1626,0.2,0.4,-0.2,0.4,0.3,0.1,0.5,0.4783,0.0217,7.8734,8.4908,-0.6175,-0.032702,8.1194,9.049,0.9296,2.4,0.01846,0.75,0.25,0.5,0.5091,0.0,0.5091,142,23,119,0
1082622,Kolkata Knight Riders,Delhi Daredevils,2017-04-28,Eden Gardens,Kolkata Knight Riders,field,1577.9642,1435.6972,142.2671,0.8,0.4,0.4,0.7,0.3,0.4,0.5362,0.4265,0.1098,8.6071,7.5511,1.0561,0.021159,8.1333,7.7848,-0.3486,0.8,0.005606,0.6111,0.3889,0.2222,0.6545,0.1667,0.4879,138,136,2,1
1082623,Kings XI Punjab,Sunrisers Hyderabad,2017-04-28,"Punjab Cricket Association IS Bindra Stadium, Mohali",Kings XI Punjab,field,1445.1074,1557.554,-112.4466,0.2,0.4,-0.2,0.3,0.7,-0.4,0.4604,0.5441,-0.0837,8.3979,8.524,-0.126,0.001622,8.9719,8.1232,-0.8487,-2.5,-0.019108,0.2222,0.7778,-0.5556,0.2857,1.0,-0.7143,139,68,71,0
1082624,Rising Pune Supergiant,Royal Challengers Bangalore,2017-04-29,Maharashtra Cricket Association Stadium,Royal Challengers Bangalore,field,1506.2565,1499.3822,6.8744,0.6,0.2,0.4,0.5,0.3,0.2,0.5,0.4965,0.0035,8.1429,7.7665,0.3763,0.013019,8.5201,8.3538,-0.1663,-1.35,-0.013067,1.0,0.0,1.0,0.5,1.0,-0.5,8,143,-135,1
1082626,Kings XI Punjab,Delhi Daredevils,2017-04-30,"Punjab Cricket Association IS Bindra Stadium, Mohali",Kings XI Punjab,field,1438.2354,1429.5774,8.658,0.2,0.2,0.0,0.3,0.3,0.0,0.4571,0.4234,0.0338,8.401,7.679,0.722,0.029344,9.1177,7.6967,-1.421,-1.5,-0.015128,0.5263,0.4737,0.0526,0.25,0.0,0.25,140,137,3,1
1082627,Sunrisers Hyderabad,Kolkata Knight Riders,2017-04-30,"Rajiv Gandhi International Stadium, Uppal",Kolkata Knight Riders,field,1564.426,1584.0839,-19.658,0.6,0.8,-0.2,0.7,0.7,0.0,0.5507,0.5396,0.0112,8.7616,8.7344,0.0272,0.000615,8.3183,8.2038,-0.1145,0.4,0.000881,0.3,0.7,-0.4,0.6538,0.8,-0.1462,69,139,-70,1
1082628,Mumbai Indians,Royal Challengers Bangalore,2017-05-01,Wankhede Stadium,Royal Challengers Bangalore,bat,1592.5936,1489.58,103.0136,0.8,0.2,0.6,0.7,0.2,0.5,0.5811,0.4931,0.088,8.5907,7.3976,1.1931,0.038041,7.9511,8.363,0.4119,-0.1,-0.003244,0.6,0.4,0.2,0.66,0.4286,0.2314,148,144,4,1
1082629,Rising Pune Supergiant,Gujarat Lions,2017-05-01,Maharashtra Cricket Association Stadium,Rising Pune Supergiant,field,1516.0587,1502.2641,13.7946,0.8,0.4,0.4,0.5556,0.3,0.2556,0.5556,0.5,0.0556,8.0882,8.4559,-0.3678,-0.021222,8.0953,8.8682,0.7729,0.7667,0.004541,0.0,1.0,-1.0,0.6,1.0,-0.4,9,24,-15,1
1082630,Delhi Daredevils,Sunrisers Hyderabad,2017-05-02,Feroz Shah Kotla,Delhi Daredevils,field,1419.8266,1574.9912,-155.1646,0.0,0.8,-0.8,0.3,0.7,-0.4,0.4203,0.5571,-0.1369,7.5024,8.9309,-1.4285,-0.036589,7.8071,8.3339,0.5268,-1.2,-0.004703,0.3333,0.6667,-0.3333,0.4,0.8,-0.4,138,70,68,1
1082631,Kolkata Knight Riders,Rising Pune Supergiant,2017-05-03,Eden Gardens,Rising Pune Supergiant,field,1573.5187,1525.6619,47.8569,0.6,0.8,-0.2,0.7,0.6,0.1,0.5357,0.6,-0.0643,8.8284,8.0941,0.7344,0.02385,8.438,8.0842,-0.3538,0.1,0.002707,1.0,0.0,1.0,0.6607,0.5,0.1607,140,10,130,0
1082632,Delhi Daredevils,Gujarat Lions,2017-05-04,Feroz Shah Kotla,Delhi Daredevils,field,1434.0176,1492.661,-58.6434,0.2,0.4,-0.2,0.3,0.3,0.0,0.4245,0.48,-0.0555,7.696,8.5,-0.804,-0.029281,7.9401,8.8486,0.9085,0.7,0.008894,0.5,0.5,0.0,0.4118,0.5,-0.0882,139,25,114,1
1082633,Royal Challengers Bangalore,Kings XI Punjab,2017-05-05,M Chinnaswamy Stadium,Royal Challengers Bangalore,field,1482.4611,1447.9863,34.4748,0.2,0.4,-0.2,0.2,0.4,-0.2,0.4897,0.461,0.0287,7.2154,8.4224,-1.207,-0.047809,8.1631,8.3026,0.1395,0.6,0.005829,0.4211,0.5789,-0.1579,0.5,0.4444,0.0556,145,141,4,0
1082634,Sunrisers Hyderabad,Rising Pune Supergiant,2017-05-06,"Rajiv Gandhi International Stadium, Uppal",Sunrisers Hyderabad,field,1560.8002,1537.0307,23.7695,0.6,0.8,-0.2,0.6,0.6,0.0,0.5493,0.6364,-0.0871,8.8392,7.9768,0.8624,0.019938,8.3275,7.9735,-0.3541,0.7,0.005706,0.0,1.0,-1.0,0.6667,0.5,0.1667,71,11,60,0
1082635,Delhi Daredevils,Mumbai Indians,2017-05-06,Feroz Shah Kotla,Delhi Daredevils,field,1445.6896,1599.7126,-154.023,0.4,0.8,-0.4,0.4,0.7,-0.3,0.4286,0.5839,-0.1553,8.1714,8.3721,-0.2007,-0.002206,8.219,8.0876,-0.1314,0.2,0.006647,0.4737,0.5263,-0.0526,0.4231,0.25,0.1731,140,149,-9,0
1082636,Royal Challengers Bangalore,Kolkata Knight Riders,2017-05-07,M Chinnaswamy Stadium,Kolkata Knight Riders,field,1471.472,1562.15,-90.6779,0.0,0.6,-0.6,0.2,0.6,-0.4,0.4863,0.5319,-0.0456,6.9794,8.5008,-1.5215,-0.0511,7.8212,8.3382,0.517,-0.3,-0.002485,0.4737,0.5263,-0.0526,0.4912,0.5,-0.0088,146,141,5,0
1082637,Kings XI Punjab,Gujarat Lions,2017-05-07,"Punjab Cricket Association IS Bindra Stadium, Mohali",Gujarat Lions,field,1458.9753,1480.9889,-22.0136,0.6,0.4,0.2,0.5,0.3,0.2,0.4648,0.4615,0.0033,8.2413,8.7421,-0.5008,-0.009736,8.0972,9.1652,1.068,1.1,0.009015,0.6667,0.3333,0.3333,0.3333,1.0,-0.6667,142,26,116,0
1082638,Sunrisers Hyderabad,Mumbai Indians,2017-05-08,"Rajiv Gandhi International Stadium, Uppal",Mumbai Indians,bat,1550.1171,1605.5487,-55.4316,0.4,0.8,-0.4,0.5,0.8,-0.3,0.5417,0.5867,-0.045,8.5091,8.5501,-0.041,-0.000435,8.2017,7.7427,-0.4589,0.4,0.003093,0.4444,0.5556,-0.1111,0.6429,0.6667,-0.0238,72,150,-78,1
1082639,Kings XI Punjab,Kolkata Knight Riders,2017-05-09,"Punjab Cricket Association IS Bindra Stadium, Mohali",Kolkata Knight Riders,field,1449.6081,1569.5977,-119.9897,0.6,0.6,0.0,0.4,0.7,-0.3,0.4615,0.5352,-0.0737,8.367,8.6538,-0.2868,-0.007985,8.2737,8.2532,-0.0205,-1.0,-0.008932,0.3,0.7,-0.4,0.3,1.0,-0.7,143,142,1,1
1082640,Gujarat Lions,Delhi Daredevils,2017-05-10,Green Park,Delhi Daredevils,field,1490.3562,1439.8535,50.5027,0.4,0.4,0.0,0.4,0.4,0.0,0.4815,0.4255,0.0559,8.7956,8.0672,0.7284,0.013425,8.9823,8.4848,-0.4975,-0.5,-0.007036,0.3333,0.6667,-0.3333,1.0,0.5,0.5,27,141,-114,0
1082641,Mumbai Indians,Kings XI Punjab,2017-05-11,Wankhede Stadium,Mumbai Indians,field,1593.9667,1462.9306,131.0361,0.6,0.6,0.0,0.8,0.4,0.4,0.5828,0.4653,0.1175,8.3146,8.1888,0.1257,-0.004455,7.5715,8.3065,0.735,0.6,0.003938,0.5263,0.4737,0.0526,0.6667,0.5,0.1667,151,144,7,0
1082642,Delhi Daredevils,Rising Pune Supergiant,2017-05-12,Feroz Shah Kotla,Delhi Daredevils,bat,1451.2969,1547.7137,-96.4168,0.6,0.8,-0.2,0.4,0.7,-0.3,0.4296,0.6667,-0.2371,8.0675,7.9089,0.1587,0.022672,8.7713,7.8343,-0.937,-1.8,-0.012613,1.0,0.0,1.0,0.4151,0.5,-0.0849,142,12,130,1
1082643,Gujarat Lions,Sunrisers Hyderabad,2017-05-13,Green Park,Sunrisers Hyderabad,field,1478.9127,1561.6992,-82.7864,0.4,0.6,-0.2,0.4,0.5,-0.1,0.4643,0.5479,-0.0837,9.0713,8.398,0.6733,0.024806,9.0941,8.176,-0.9181,-1.1,-0.008897,0.0,1.0,-1.0,0.6667,0.5,0.1667,28,73,-45,0
1082644,Kolkata Knight Riders,Mumbai Indians,2017-05-13,Eden Gardens,Kolkata Knight Riders,field,1556.2752,1580.3644,-24.0892,0.4,0.4,0.0,0.6,0.7,-0.1,0.5315,0.5789,-0.0475,8.4269,8.5281,-0.1013,0.0043,8.2662,7.8261,-0.4401,0.3,0.004228,0.2632,0.7368,-0.4737,0.6491,0.8,-0.1509,143,152,-9,0
1082645,Rising Pune Supergiant,Kings XI Punjab,2017-05-14,Maharashtra Cricket Association Stadium,Rising Pune Supergiant,field,1535.0078,1476.5329,58.4748,0.8,0.8,0.0,0.7,0.5,0.2,0.6154,0.469,0.1464,8.013,8.5052,-0.4922,-0.016131,7.6567,8.4151,0.7584,1.0,0.007623,0.0,1.0,-1.0,0.6667,0.0,0.6667,13,145,-132,1
1082646,Delhi Daredevils,Royal Challengers Bangalore,2017-05-14,Feroz Shah Kotla,Royal Challengers Bangalore,bat,1464.0029,1464.0243,-0.0213,0.8,0.0,0.8,0.4,0.1,0.3,0.4336,0.483,-0.0494,7.9844,6.9966,0.9878,0.047966,8.8664,8.1183,-0.7481,-1.0,-0.009252,0.375,0.625,-0.25,0.4259,0.6667,-0.2407,143,147,-4,0
1082647,Mumbai Indians,Rising Pune Supergiant,2017-05-16,Wankhede Stadium,Mumbai Indians,field,1589.6721,1543.3404,46.3317,0.6,0.8,-0.2,0.7,0.8,-0.1,0.5817,0.6429,-0.0612,8.5131,7.8864,0.6267,0.017838,7.8628,7.2483,-0.6144,-1.9,-0.016062,0.0,1.0,-1.0,0.6538,1.0,-0.3462,153,14,139,0
1082648,Sunrisers Hyderabad,Kolkata Knight Riders,2017-05-17,M Chinnaswamy Stadium,Kolkata Knight Riders,field,1569.3605,1546.9674,22.393,0.6,0.2,0.4,0.6,0.5,0.1,0.5541,0.5278,0.0263,8.5091,8.3928,0.1163,-0.003949,8.1179,8.3523,0.2344,1.0,0.005517,0.3636,0.6364,-0.2727,0.4,0.5556,-0.1556,74,144,-70,0
1082649,Mumbai Indians,Kolkata Knight Riders,2017-05-19,M Chinnaswamy Stadium,Mumbai Indians,field,1578.3465,1557.6111,20.7354,0.4,0.4,0.0,0.6,0.5,0.1,0.5779,0.531,0.0469,8.443,8.4045,0.0385,-0.009095,7.9565,8.1451,0.1886,-0.3,-0.004155,0.75,0.25,0.5,0.7778,0.6,0.1778,154,145,9,1
1082650,Mumbai Indians,Rising Pune Supergiant,2017-05-21,"Rajiv Gandhi International Stadium, Uppal",Mumbai Indians,bat,1587.7503,1554.6661,33.0842,0.4,0.8,-0.4,0.6,0.8,-0.2,0.5806,0.6667,-0.086,8.3518,7.8982,0.4535,0.020695,7.6745,7.2703,-0.4042,-1.4,-0.011315,0.0,1.0,-1.0,0.5714,1.0,-0.4286,155,15,140,1
1136561,Mumbai Indians,Chennai Super Kings,2018-04-07,Wankhede Stadium,Chennai Super Kings,field,1596.801,1584.8404,11.9606,0.6,0.4,0.2,0.6,0.4,0.2,0.5833,0.6077,-0.0244,7.8231,7.5199,0.3032,0.008242,7.3452,7.796,0.4508,0.2,0.002753,0.5455,0.4545,0.0909,0.6415,0.4,0.2415,156,130,26,0
1136562,Delhi Daredevils,Kings XI Punjab,2018-04-08,Punjab Cricket Association IS Bindra Stadium,Kings XI Punjab,field,1454.0035,1468.2002,-14.1967,0.6,0.6,0.0,0.4,0.5,-0.1,0.4306,0.4658,-0.0352,7.8958,8.3401,-0.4442,-0.00427,8.7937,8.2342,-0.5596,-0.9,-0.008381,0.45,0.55,-0.1,0.5,0.5,0.0,144,146,-2,0
1136563,Royal Challengers Bangalore,Kolkata Knight Riders,2018-04-08,Eden Gardens,Kolkata Knight Riders,field,1474.0237,1548.2072,-74.1835,0.2,0.4,-0.2,0.2,0.5,-0.3,0.4865,0.5274,-0.0409,7.0395,7.9944,-0.9549,-0.041531,7.8937,7.8822,-0.0114,0.6,0.003922,0.45,0.55,-0.1,0.375,0.6379,-0.2629,148,146,2,0
1136564,Rajasthan Royals,Sunrisers Hyderabad,2018-04-09,Rajiv Gandhi International Stadium,Sunrisers Hyderabad,field,1525.7607,1558.7168,-32.9561,0.4,0.4,0.0,0.5,0.6,-0.1,0.5351,0.5467,-0.0116,7.8849,8.3891,-0.5042,-0.015097,8.1512,8.1133,-0.0379,-1.7,-0.018642,0.5714,0.4286,0.1429,0.5,0.5,0.0,114,75,39,0
1136565,Kolkata Knight Riders,Chennai Super Kings,2018-04-10,MA Chidambaram Stadium,Chennai Super Kings,field,1556.1039,1595.1845,-39.0807,0.4,0.6,-0.2,0.5,0.5,0.0,0.5306,0.6107,-0.0801,8.2374,7.5273,0.7101,0.028485,8.1303,7.789,-0.3413,-0.9,-0.007208,0.375,0.625,-0.25,0.5,0.5,0.0,147,131,16,0
1136566,Rajasthan Royals,Delhi Daredevils,2018-04-11,Sawai Mansingh Stadium,Delhi Daredevils,field,1516.7064,1444.4119,72.2945,0.2,0.4,-0.2,0.4,0.4,0.0,0.5304,0.4276,0.1028,7.6498,7.8302,-0.1804,-0.013975,8.1092,8.7368,0.6277,-0.1,-0.00313,0.625,0.375,0.25,0.7273,0.25,0.4773,115,145,-30,1
1136567,Mumbai Indians,Sunrisers Hyderabad,2018-04-12,Rajiv Gandhi International Stadium,Sunrisers Hyderabad,field,1586.4569,1567.7711,18.6857,0.6,0.6,0.0,0.5,0.6,-0.1,0.5796,0.5526,0.027,7.9688,8.4041,-0.4353,-0.012196,7.5597,7.9523,0.3926,0.1,-0.001624,0.5,0.5,0.0,0.5,1.0,-0.5,157,76,81,0
1136568,Kings XI Punjab,Royal Challengers Bangalore,2018-04-13,M.Chinnaswamy Stadium,Royal Challengers Bangalore,field,1477.7919,1466.127,11.6649,0.6,0.2,0.4,0.6,0.2,0.4,0.4694,0.4832,-0.0138,8.4828,7.233,1.2497,0.042796,8.2784,8.0308,-0.2476,-0.8,-0.005362,0.6,0.4,0.2,0.5,1.0,-0.5,147,149,-2,0
1136569,Mumbai Indians,Delhi Daredevils,2018-04-14,Wankhede Stadium,Delhi Daredevils,field,1575.9196,1436.4632,139.4563,0.4,0.4,0.0,0.5,0.4,0.1,0.5759,0.4247,0.1513,7.9129,8.0938,-0.1809,-0.007331,7.5203,8.9358,1.4155,2.7,0.020998,0.55,0.45,0.1,0.6296,0.1429,0.4868,158,146,12,0
1136570,Kolkata Knight Riders,Sunrisers Hyderabad,2018-04-14,Eden Gardens,Sunrisers Hyderabad,field,1547.224,1578.3084,-31.0844,0.4,0.8,-0.4,0.4,0.6,-0.2,0.527,0.5584,-0.0314,8.2688,8.2151,0.0537,0.002587,8.2594,7.7846,-0.4748,-1.4,-0.014875,0.6667,0.3333,0.3333,0.6441,0.0,0.6441,148,77,71,0
1136571,Rajasthan Royals,Royal Challengers Bangalore,2018-04-15,M.Chinnaswamy Stadium,Royal Challengers Bangalore,field,1524.6551,1476.4626,48.1925,0.4,0.4,0.0,0.4,0.3,0.1,0.5345,0.4867,0.0478,7.8542,7.4002,0.454,0.006377,8.3872,8.0482,-0.339,-2.2,-0.017499,0.4667,0.5333,-0.0667,0.5,1.0,-0.5,116,150,-34,1
1136572,Kings XI Punjab,Chennai Super Kings,2018-04-15,Punjab Cricket Association IS Bindra Stadium,Chennai Super Kings,field,1467.4562,1604.0644,-136.6082,0.6,0.6,0.0,0.6,0.6,0.0,0.4662,0.6136,-0.1474,8.3134,7.7072,0.6063,0.026476,7.9273,7.8454,-0.0819,-0.3,-0.000421,0.375,0.625,-0.25,1.0,0.5,0.5,148,132,16,1
1136573,Kolkata Knight Riders,Delhi Daredevils,2018-04-16,Eden Gardens,Delhi Daredevils,field,1538.1163,1450.2746,87.8417,0.4,0.4,0.0,0.3,0.5,-0.2,0.5235,0.4286,0.0949,7.9637,8.2986,-0.3349,-0.01531,8.1745,8.9059,0.7314,0.7,0.004361,0.6316,0.3684,0.2632,0.6333,0.1429,0.4905,149,147,2,1
1136574,Mumbai Indians,Royal Challengers Bangalore,2018-04-17,Wankhede Stadium,Royal Challengers Bangalore,field,1562.1082,1467.8409,94.2673,0.4,0.4,0.0,0.4,0.2,0.2,0.5723,0.4834,0.0889,8.0427,7.3224,0.7203,0.025516,7.6947,8.1631,0.4684,0.2,0.001054,0.619,0.381,0.2381,0.6182,0.375,0.2432,159,151,8,1
1136575,Rajasthan Royals,Kolkata Knight Riders,2018-04-18,Sawai Mansingh Stadium,Kolkata Knight Riders,field,1533.2769,1545.6405,-12.3637,0.6,0.4,0.2,0.4,0.4,0.0,0.5385,0.5267,0.0118,8.0392,8.1759,-0.1367,-0.018294,8.612,8.0,-0.612,-1.5,-0.011642,0.5385,0.4615,0.0769,0.7353,0.25,0.4853,117,150,-33,0
1136576,Kings XI Punjab,Sunrisers Hyderabad,2018-04-19,Punjab Cricket Association IS Bindra Stadium,Kings XI Punjab,bat,1481.1973,1587.4161,-106.2188,0.6,0.8,-0.2,0.6,0.7,-0.1,0.4698,0.5641,-0.0943,8.3615,8.0612,0.3003,0.005395,8.0534,7.5542,-0.4993,-1.5,-0.014317,0.2,0.8,-0.6,1.0,0.5,0.5,149,78,71,1
1136577,Chennai Super Kings,Rajasthan Royals,2018-04-20,Maharashtra Cricket Association Stadium,Rajasthan Royals,field,1590.3234,1523.6326,66.6908,0.6,0.4,0.2,0.5,0.4,0.1,0.609,0.5339,0.0751,7.9044,8.1796,-0.2752,-0.010751,8.1959,8.6286,0.4328,1.2,0.00765,0.6471,0.3529,0.2941,0.5,0.5,0.0,133,118,15,1
1136578,Kolkata Knight Riders,Kings XI Punjab,2018-04-21,Eden Gardens,Kings XI Punjab,field,1555.2848,1494.1627,61.1221,0.6,0.6,0.0,0.5,0.7,-0.2,0.5298,0.4733,0.0565,8.2568,8.4107,-0.1538,0.00604,7.9691,7.8493,-0.1198,0.3,0.002754,0.6667,0.3333,0.3333,0.6393,0.2222,0.4171,151,150,1,0
1136579,Delhi Daredevils,Royal Challengers Bangalore,2018-04-21,M.Chinnaswamy Stadium,Royal Challengers Bangalore,field,1442.7503,1460.4894,-17.7391,0.2,0.4,-0.2,0.5,0.2,0.3,0.4257,0.4803,-0.0546,8.7882,7.5308,1.2574,0.051364,9.0221,8.5414,-0.4807,-0.3,-0.00452,0.3529,0.6471,-0.2941,0.0,0.6667,-0.6667,148,152,-4,0
1136580,Chennai Super Kings,Sunrisers Hyderabad,2018-04-22,Rajiv Gandhi International Stadium,Sunrisers Hyderabad,field,1598.4271,1574.4507,23.9764,0.6,0.6,0.0,0.6,0.6,0.0,0.6119,0.557,0.055,8.1052,7.8598,0.2454,0.000556,8.0878,7.6042,-0.4836,-0.1,-0.004246,0.6667,0.3333,0.3333,0.5,1.0,-0.5,134,79,55,1
1136581,Mumbai Indians,Rajasthan Royals,2018-04-22,Sawai Mansingh Stadium,Mumbai Indians,bat,1569.4596,1515.5288,53.9308,0.4,0.4,0.0,0.4,0.4,0.0,0.575,0.5294,0.0456,8.0542,8.0477,0.0065,0.014518,7.9328,8.7105,0.7777,1.5,0.009534,0.625,0.375,0.25,0.4,0.7143,-0.3143,160,119,41,0
1136582,Kings XI Punjab,Delhi Daredevils,2018-04-23,Arun Jaitley Stadium,Delhi Daredevils,field,1505.904,1433.2605,72.6436,0.8,0.2,0.6,0.7,0.4,0.3,0.4768,0.4228,0.054,8.5677,8.6528,-0.0851,-0.014509,8.3434,9.067,0.7236,0.0,0.000833,0.5714,0.4286,0.1429,0.5,0.5,0.0,151,149,2,1
1136583,Sunrisers Hyderabad,Mumbai Indians,2018-04-24,Wankhede Stadium,Mumbai Indians,field,1565.1397,1557.9197,7.22,0.6,0.2,0.4,0.5,0.4,0.1,0.55,0.5714,-0.0214,7.7223,8.2105,-0.4883,-0.020936,7.7015,7.9919,0.2904,-0.4,0.000929,0.5455,0.4545,0.0909,0.0,0.625,-0.625,80,161,-81,1
1136584,Royal Challengers Bangalore,Chennai Super Kings,2018-04-25,M.Chinnaswamy Stadium,Chennai Super Kings,field,1469.9793,1607.7381,-137.7588,0.4,0.8,-0.4,0.3,0.6,-0.3,0.4837,0.6148,-0.1312,7.8144,8.2217,-0.4073,-0.012558,8.4946,8.2656,-0.229,-0.2,-0.00166,0.3684,0.6316,-0.2632,0.75,0.5,0.25,153,135,18,0
1136585,Sunrisers Hyderabad,Kings XI Punjab,2018-04-26,Rajiv Gandhi International Stadium,Kings XI Punjab,field,1574.9319,1513.8431,61.0888,0.6,0.8,-0.2,0.6,0.7,-0.1,0.5556,0.4803,0.0753,7.4259,8.5864,-1.1605,-0.02982,7.1831,8.374,1.1909,1.4,0.01483,0.7273,0.2727,0.4545,0.6667,0.5,0.1667,81,152,-71,1
1136586,Delhi Daredevils,Kolkata Knight Riders,2018-04-27,Arun Jaitley Stadium,Kolkata Knight Riders,field,1425.3214,1543.5435,-118.2221,0.2,0.4,-0.2,0.3,0.4,-0.1,0.42,0.5263,-0.1063,8.0952,8.1784,-0.0832,0.001609,8.7444,8.1764,-0.568,0.0,-0.004232,0.35,0.65,-0.3,0.0,0.5,-0.5,150,152,-2,1
1136587,Chennai Super Kings,Mumbai Indians,2018-04-28,Maharashtra Cricket Association Stadium,Mumbai Indians,field,1613.9686,1548.1275,65.841,0.8,0.2,0.6,0.7,0.4,0.3,0.6176,0.5679,0.0497,8.6057,7.6146,0.9911,0.013522,8.5191,7.5258,-0.9933,-0.7,-0.00619,0.4783,0.5217,-0.0435,1.0,0.5,0.5,136,162,-26,0
1136588,Sunrisers Hyderabad,Rajasthan Royals,2018-04-29,Sawai Mansingh Stadium,Sunrisers Hyderabad,bat,1583.1915,1527.0687,56.1228,0.6,0.6,0.0,0.7,0.4,0.3,0.561,0.5333,0.0276,7.3991,7.9441,-0.5449,-0.005755,7.0798,8.722,1.6422,2.3,0.020578,0.5,0.5,0.0,0.0,0.7222,-0.7222,82,120,-38,1
1136589,Royal Challengers Bangalore,Kolkata Knight Riders,2018-04-29,M.Chinnaswamy Stadium,Kolkata Knight Riders,field,1463.7488,1530.2663,-66.5175,0.4,0.4,0.0,0.3,0.4,-0.1,0.4805,0.5229,-0.0424,8.3424,8.2295,0.113,-0.008726,8.7146,8.4801,-0.2345,0.7,0.001568,0.4286,0.5714,-0.1429,0.6,0.5,0.1,154,153,1,0
1136590,Chennai Super Kings,Delhi Daredevils,2018-04-30,Maharashtra Cricket Association Stadium,Delhi Daredevils,field,1602.0959,1438.5986,163.4973,0.6,0.4,0.2,0.6,0.4,0.2,0.6131,0.4238,0.1893,8.65,8.6301,0.02,-0.012315,8.7144,8.5415,-0.1729,-0.2,-0.002709,0.6875,0.3125,0.375,0.5,1.0,-0.5,137,151,-14,1
1136591,Royal Challengers Bangalore,Mumbai Indians,2018-05-01,M.Chinnaswamy Stadium,Mumbai Indians,field,1455.6403,1560.0002,-104.3599,0.2,0.4,-0.2,0.3,0.4,-0.1,0.4774,0.5706,-0.0931,8.3931,7.6123,0.7808,0.011193,8.7765,7.5567,-1.2198,-0.9,-0.006968,0.3636,0.6364,-0.2727,0.5,0.5,0.0,155,163,-8,1
1136592,Delhi Daredevils,Rajasthan Royals,2018-05-02,Arun Jaitley Stadium,Rajasthan Royals,field,1432.9853,1518.6702,-85.6849,0.2,0.4,-0.2,0.3,0.4,-0.1,0.4211,0.5289,-0.1079,8.5814,7.684,0.8974,0.044197,8.6213,8.5022,-0.119,1.2,0.007073,0.3529,0.6471,-0.2941,0.5,0.5,0.0,152,121,31,1
1136593,Chennai Super Kings,Kolkata Knight Riders,2018-05-03,Eden Gardens,Kolkata Knight Riders,field,1607.7092,1538.3748,69.3343,0.8,0.6,0.2,0.7,0.5,0.2,0.6159,0.526,0.09,8.851,8.315,0.5359,0.005283,8.7896,8.4986,-0.2909,0.6,7.1e-05,0.6471,0.3529,0.2941,0.4444,0.629,-0.1846,138,154,-16,0
1136594,Kings XI Punjab,Mumbai Indians,2018-05-04,Holkar Cricket Stadium,Mumbai Indians,field,1505.5835,1547.0837,-41.5002,0.8,0.4,0.4,0.7,0.4,0.3,0.4771,0.5671,-0.0899,8.2704,7.6481,0.6223,0.011133,8.06,7.5938,-0.4663,-1.7,-0.013355,0.5,0.5,0.0,0.75,1.0,-0.25,153,164,-11,0
1136595,Royal Challengers Bangalore,Chennai Super Kings,2018-05-05,Maharashtra Cricket Association Stadium,Chennai Super Kings,field,1468.5568,1595.7396,-127.1828,0.4,0.6,-0.2,0.4,0.6,-0.2,0.4808,0.6115,-0.1307,8.5883,9.0216,-0.4333,-0.018671,8.8,9.0791,0.2791,0.5,0.004077,0.35,0.65,-0.3,0.6667,0.6667,0.0,156,139,17,0
1136596,Delhi Daredevils,Sunrisers Hyderabad,2018-05-05,Rajiv Gandhi International Stadium,Delhi Daredevils,bat,1445.4027,1591.5901,-146.1875,0.4,0.6,-0.2,0.3,0.7,-0.4,0.4248,0.5663,-0.1414,8.8504,7.4049,1.4455,0.046026,8.9168,7.1283,-1.7885,-0.9,-0.009529,0.4,0.6,-0.2,0.5,0.75,-0.25,153,83,70,0
1136597,Mumbai Indians,Kolkata Knight Riders,2018-05-06,Wankhede Stadium,Kolkata Knight Riders,field,1555.8949,1550.3444,5.5505,0.4,0.6,-0.2,0.4,0.5,-0.1,0.5697,0.529,0.0407,7.8098,8.4338,-0.624,-0.021247,7.8661,8.7563,0.8902,1.7,0.009309,0.7619,0.2381,0.5238,0.614,0.1429,0.4712,165,155,10,1
1136598,Rajasthan Royals,Kings XI Punjab,2018-05-06,Holkar Cricket Stadium,Kings XI Punjab,field,1506.2528,1496.7723,9.4805,0.2,0.6,-0.4,0.4,0.6,-0.2,0.5246,0.474,0.0506,8.012,8.3146,-0.3026,-0.025661,8.8194,8.2161,-0.6033,-0.3,0.000657,0.6429,0.3571,0.2857,0.0,0.6,-0.6,122,154,-32,0
1136599,Sunrisers Hyderabad,Royal Challengers Bangalore,2018-05-07,Rajiv Gandhi International Stadium,Royal Challengers Bangalore,field,1597.6144,1462.0622,135.5522,0.8,0.4,0.4,0.7,0.4,0.3,0.5714,0.4777,0.0937,7.3484,8.4424,-1.0941,-0.035649,7.151,8.5207,1.3697,0.3,0.007443,0.5556,0.4444,0.1111,0.8,0.5,0.3,84,157,-73,1
1136600,Rajasthan Royals,Kings XI Punjab,2018-05-08,Sawai Mansingh Stadium,Rajasthan Royals,bat,1495.98,1507.0451,-11.0651,0.2,0.6,-0.4,0.3,0.6,-0.3,0.5203,0.4774,0.0429,7.7969,8.0178,-0.2209,-0.025292,8.7806,7.8923,-0.8883,-1.1,-0.005819,0.6,0.4,0.2,0.7027,0.0,0.7027,123,155,-32,1
1136601,Mumbai Indians,Kolkata Knight Riders,2018-05-09,Eden Gardens,Kolkata Knight Riders,field,1565.7351,1540.5041,25.231,0.6,0.4,0.2,0.4,0.5,-0.1,0.5723,0.5256,0.0466,8.0634,8.7007,-0.6373,-0.023083,8.0752,8.8634,0.7882,1.7,0.010826,0.7727,0.2273,0.5455,0.8182,0.6349,0.1833,166,156,10,1
1136602,Delhi Daredevils,Sunrisers Hyderabad,2018-05-10,Arun Jaitley Stadium,Delhi Daredevils,bat,1439.3784,1603.8995,-164.5211,0.4,1.0,-0.6,0.3,0.8,-0.5,0.4221,0.5765,-0.1544,8.9157,7.4138,1.5019,0.049748,8.9557,7.0923,-1.8634,-1.0,-0.005622,0.3636,0.6364,-0.2727,0.6667,0.5,0.1667,154,85,69,0
1136603,Chennai Super Kings,Rajasthan Royals,2018-05-11,Sawai Mansingh Stadium,Chennai Super Kings,bat,1602.2342,1506.2984,95.9359,0.6,0.4,0.2,0.7,0.4,0.3,0.6143,0.5242,0.0901,8.9563,8.0154,0.9409,0.045979,8.7084,8.6013,-0.1071,1.1,0.004418,0.6667,0.3333,0.3333,0.5,0.7105,-0.2105,140,124,16,0
1136604,Kolkata Knight Riders,Kings XI Punjab,2018-05-12,Holkar Cricket Stadium,Kings XI Punjab,field,1531.229,1496.7267,34.5023,0.4,0.4,0.0,0.4,0.6,-0.2,0.5223,0.4744,0.0479,8.457,8.216,0.241,0.02356,9.0105,7.9677,-1.0428,-1.3,-0.007129,0.6364,0.3636,0.2727,0.5,0.6667,-0.1667,157,156,1,1
1136605,Delhi Daredevils,Royal Challengers Bangalore,2018-05-12,Arun Jaitley Stadium,Royal Challengers Bangalore,field,1433.7888,1455.7771,-21.9883,0.4,0.2,0.2,0.3,0.3,0.0,0.4194,0.4747,-0.0553,9.0545,8.3713,0.6833,0.028635,9.0808,8.4689,-0.6119,-0.7,-0.002337,0.3333,0.6667,-0.3333,0.5,0.5,0.0,155,158,-3,0
1136606,Sunrisers Hyderabad,Chennai Super Kings,2018-05-13,Maharashtra Cricket Association Stadium,Chennai Super Kings,field,1609.489,1589.5411,19.948,1.0,0.4,0.6,0.8,0.6,0.2,0.5814,0.6099,-0.0285,7.6444,8.9397,-1.2952,-0.044184,7.4231,8.7749,1.3518,0.1,0.000955,0.2857,0.7143,-0.4286,0.5,0.75,-0.25,86,141,-55,0
1136607,Mumbai Indians,Rajasthan Royals,2018-05-13,Wankhede Stadium,Rajasthan Royals,field,1575.0102,1518.9915,56.0187,0.8,0.4,0.4,0.5,0.5,0.0,0.5749,0.528,0.0469,8.2628,8.3113,-0.0485,0.023459,7.8725,8.6257,0.7532,1.8,0.011538,0.5882,0.4118,0.1765,0.6207,0.3333,0.2874,167,125,42,0
1136608,Kings XI Punjab,Royal Challengers Bangalore,2018-05-14,Holkar Cricket Stadium,Royal Challengers Bangalore,field,1487.7166,1465.1451,22.5715,0.2,0.4,-0.2,0.5,0.4,0.1,0.4713,0.478,-0.0066,8.3741,8.4397,-0.0655,-0.000242,8.3438,8.4677,0.1239,0.4,0.003267,0.5714,0.4286,0.1429,0.5714,0.0,0.5714,157,159,-2,0
1136609,Rajasthan Royals,Kolkata Knight Riders,2018-05-15,Eden Gardens,Kolkata Knight Riders,field,1530.59,1540.2392,-9.6492,0.6,0.6,0.0,0.5,0.5,0.0,0.5317,0.5253,0.0064,8.3825,8.6578,-0.2753,-0.041046,8.5198,9.0339,0.5141,0.0,-0.002488,0.5,0.5,0.0,0.1667,0.625,-0.4583,126,158,-32,0
1136610,Mumbai Indians,Kings XI Punjab,2018-05-16,Wankhede Stadium,Kings XI Punjab,field,1563.4117,1477.0678,86.3439,0.6,0.2,0.4,0.5,0.5,0.0,0.5714,0.4684,0.1031,8.3447,8.2044,0.1403,0.011114,8.0317,8.4778,0.4461,0.7,0.004724,0.5238,0.4762,0.0476,0.6102,0.5556,0.0546,168,158,10,1
1136611,Royal Challengers Bangalore,Sunrisers Hyderabad,2018-05-17,M.Chinnaswamy Stadium,Sunrisers Hyderabad,field,1475.7938,1598.9155,-123.1217,0.6,0.8,-0.2,0.4,0.7,-0.3,0.4813,0.5747,-0.0935,8.5827,7.7255,0.8572,0.031477,8.3111,7.6436,-0.6675,0.2,0.00109,0.4,0.6,-0.2,0.5714,0.5,0.0714,160,87,73,1
1136612,Delhi Daredevils,Chennai Super Kings,2018-05-18,Arun Jaitley Stadium,Chennai Super Kings,field,1424.4209,1600.1146,-175.6937,0.2,0.6,-0.4,0.3,0.6,-0.3,0.4167,0.6127,-0.196,8.9874,8.8761,0.1113,0.007424,9.1783,8.6115,-0.5668,-0.6,-0.002627,0.2941,0.7059,-0.4118,0.4,0.5,-0.1,156,142,14,1
1136613,Rajasthan Royals,Royal Challengers Bangalore,2018-05-19,Sawai Mansingh Stadium,Rajasthan Royals,bat,1520.8677,1489.1963,31.6714,0.6,0.6,0.0,0.4,0.5,-0.1,0.5276,0.4845,0.0431,8.0867,8.6953,-0.6085,-0.026039,8.3539,8.281,-0.0729,-0.6,-0.00452,0.5,0.5,0.0,0.7179,0.6,0.1179,127,161,-34,1
1136614,Sunrisers Hyderabad,Kolkata Knight Riders,2018-05-19,Rajiv Gandhi International Stadium,Sunrisers Hyderabad,bat,1585.513,1549.9616,35.5514,0.6,0.6,0.0,0.6,0.6,0.0,0.5682,0.5283,0.0399,8.0179,8.7953,-0.7774,-0.054263,8.05,9.0812,1.0312,-0.4,-0.005735,0.3846,0.6154,-0.2308,0.8333,0.5,0.3333,88,159,-71,0
1136615,Delhi Daredevils,Mumbai Indians,2018-05-20,Arun Jaitley Stadium,Delhi Daredevils,bat,1439.0867,1570.9764,-131.8898,0.4,0.8,-0.4,0.3,0.6,-0.3,0.4204,0.574,-0.1536,8.7839,8.2991,0.4848,0.011488,8.8754,7.9451,-0.9303,-1.3,-0.008981,0.4762,0.5238,-0.0476,0.5,0.5,0.0,157,169,-12,1
1136616,Kings XI Punjab,Chennai Super Kings,2018-05-20,Maharashtra Cricket Association Stadium,Chennai Super Kings,field,1469.5031,1585.4488,-115.9457,0.2,0.4,-0.2,0.4,0.6,-0.2,0.4654,0.6084,-0.143,8.1018,8.6232,-0.5213,-0.020098,8.4636,8.4049,-0.0587,0.2,0.004018,0.4118,0.5882,-0.1765,0.0,0.8,-0.8,159,143,16,0
1136617,Sunrisers Hyderabad,Chennai Super Kings,2018-05-22,Wankhede Stadium,Chennai Super Kings,field,1574.4933,1592.2302,-17.7369,0.4,0.6,-0.2,0.6,0.6,0.0,0.5618,0.6111,-0.0493,8.0147,8.4235,-0.4088,-0.014849,7.95,8.4341,0.4841,-0.1,0.000366,0.25,0.75,-0.5,0.25,0.4545,-0.2045,89,144,-55,0
1136618,Kolkata Knight Riders,Rajasthan Royals,2018-05-23,Eden Gardens,Rajasthan Royals,field,1560.9813,1529.9586,31.0227,0.6,0.8,-0.2,0.6,0.5,0.1,0.5312,0.5312,0.0,8.6515,8.1075,0.544,0.048431,9.0305,8.195,-0.8355,-0.1,0.0,0.5333,0.4667,0.0667,0.6308,0.1429,0.4879,160,128,32,1
1136619,Sunrisers Hyderabad,Kolkata Knight Riders,2018-05-25,Eden Gardens,Kolkata Knight Riders,field,1565.0034,1570.0907,-5.0873,0.2,0.8,-0.6,0.6,0.6,0.0,0.5556,0.5342,0.0214,7.779,8.6022,-0.8231,-0.048323,7.7789,8.972,1.1931,0.8,0.006035,0.3571,0.6429,-0.2857,0.1667,0.6364,-0.4697,90,161,-71,1
1136620,Sunrisers Hyderabad,Chennai Super Kings,2018-05-27,Wankhede Stadium,Chennai Super Kings,field,1575.1498,1601.7201,-26.5703,0.2,0.6,-0.4,0.6,0.6,0.0,0.5604,0.6138,-0.0534,8.0,8.258,-0.258,-0.008655,8.0983,8.1973,0.099,0.2,0.003119,0.2222,0.7778,-0.5556,0.2,0.5,-0.3,91,145,-54,0
1175356,Royal Challengers Bangalore,Chennai Super Kings,2019-03-23,MA Chidambaram Stadium,Chennai Super Kings,field,1480.1054,1610.9569,-130.8515,0.6,0.8,-0.2,0.5,0.6,-0.1,0.4815,0.6164,-0.135,8.5744,8.2176,0.3568,0.012164,8.058,8.0468,-0.0112,0.0,0.001279,0.3333,0.6667,-0.3333,0.5,1.0,-0.5,162,146,16,0
1175357,Sunrisers Hyderabad,Kolkata Knight Riders,2019-03-24,Eden Gardens,Kolkata Knight Riders,field,1565.9131,1559.9443,5.9688,0.2,0.8,-0.6,0.5,0.6,-0.1,0.5543,0.5309,0.0235,8.1963,8.4966,-0.3003,-0.033166,8.422,8.8052,0.3832,-0.7,-0.004475,0.4,0.6,-0.2,0.2857,0.6269,-0.3412,92,162,-70,0
1175358,Delhi Capitals,Mumbai Indians,2019-03-24,Wankhede Stadium,Mumbai Indians,field,1500.0,1557.3527,-57.3527,0.5,0.6,-0.1,0.5,0.5,0.0,0.5,0.5706,-0.0706,0.0,8.0893,-8.0893,-0.170455,0.0,7.9734,7.9734,-6.3,-0.052326,0.0,0.0,0.0,0.5,0.6167,-0.1167,0,170,-170,1
1175359,Kings XI Punjab,Rajasthan Royals,2019-03-25,Sawai Mansingh Stadium,Rajasthan Royals,field,1462.7216,1520.8492,-58.1275,0.0,0.6,-0.6,0.3,0.5,-0.2,0.4625,0.5271,-0.0646,7.8842,8.1143,-0.2301,0.00033,8.4165,8.02,-0.3965,-0.1,0.000829,0.375,0.625,-0.25,0.0,0.725,-0.725,160,129,31,1
1175360,Delhi Capitals,Chennai Super Kings,2019-03-26,Arun Jaitley Stadium,Delhi Capitals,bat,1511.6359,1617.3592,-105.7233,1.0,0.8,0.2,1.0,0.7,0.3,1.0,0.619,0.381,10.3065,7.8202,2.4863,0.104784,8.6557,7.6806,-0.9751,2.4,0.019716,0.0,0.0,0.0,0.5,0.0,0.5,1,147,-146,0
1175361,Kolkata Knight Riders,Kings XI Punjab,2019-03-27,Eden Gardens,Kings XI Punjab,field,1570.1161,1474.3792,95.7369,0.8,0.2,0.6,0.7,0.3,0.4,0.5337,0.4658,0.0679,8.6067,7.7865,0.8202,0.052415,8.6201,8.3368,-0.2833,-0.3,-0.005703,0.6522,0.3478,0.3043,0.6324,0.3,0.3324,163,161,2,1
1175362,Mumbai Indians,Royal Challengers Bangalore,2019-03-28,M.Chinnaswamy Stadium,Royal Challengers Bangalore,field,1545.7168,1473.7031,72.0138,0.4,0.6,-0.2,0.5,0.4,0.1,0.5673,0.4785,0.0887,8.1463,8.0638,0.0825,0.008057,8.1977,7.6281,-0.5695,0.6,0.004594,0.6087,0.3913,0.2174,0.0,0.625,-0.625,171,163,8,1
1175363,Rajasthan Royals,Sunrisers Hyderabad,2019-03-29,Rajiv Gandhi International Stadium,Rajasthan Royals,bat,1509.1916,1555.7413,-46.5497,0.4,0.2,0.2,0.4,0.4,0.0,0.5231,0.5484,-0.0253,8.1247,8.321,-0.1964,-0.00824,8.0781,8.63,0.5519,0.7,0.00567,0.4444,0.5556,-0.1111,0.0,0.7143,-0.7143,130,93,37,0
1175364,Mumbai Indians,Kings XI Punjab,2019-03-30,Punjab Cricket Association IS Bindra Stadium,Kings XI Punjab,field,1553.6733,1467.0671,86.6062,0.4,0.2,0.2,0.6,0.2,0.4,0.5698,0.463,0.1068,8.5576,8.015,0.5426,0.02364,8.4624,8.7688,0.3064,-0.2,-0.004014,0.5455,0.4545,0.0909,0.5,1.0,-0.5,172,162,10,0
1175366,Sunrisers Hyderabad,Royal Challengers Bangalore,2019-03-31,Rajiv Gandhi International Stadium,Royal Challengers Bangalore,field,1564.4095,1465.7466,98.6628,0.4,0.4,0.0,0.4,0.4,0.0,0.5532,0.4756,0.0776,8.5334,7.9432,0.5902,0.012879,8.7903,7.5403,-1.2501,-1.0,-0.008731,0.5455,0.4545,0.0909,0.75,0.0,0.75,94,164,-70,1
1175367,Chennai Super Kings,Rajasthan Royals,2019-03-31,MA Chidambaram Stadium,Rajasthan Royals,field,1624.4068,1500.5234,123.8834,1.0,0.2,0.8,0.7,0.4,0.3,0.6216,0.5191,0.1025,7.5316,8.3969,-0.8653,-0.019255,7.4361,8.3342,0.8981,1.0,0.007536,0.6316,0.3684,0.2632,1.0,0.5,0.5,148,131,17,1
1175368,Kings XI Punjab,Delhi Capitals,2019-04-01,Punjab Cricket Association IS Bindra Stadium,Delhi Capitals,field,1479.5094,1504.5883,-25.0789,0.4,0.5,-0.1,0.3,0.5,-0.2,0.4663,0.5,-0.0337,8.2843,8.6747,-0.3904,-0.035243,8.9896,8.0494,-0.9402,-0.5,-0.001595,0.0,0.0,0.0,1.0,0.5,0.5,163,2,161,1
1175369,Royal Challengers Bangalore,Rajasthan Royals,2019-04-02,Sawai Mansingh Stadium,Rajasthan Royals,field,1458.5124,1493.9453,-35.4329,0.2,0.2,0.0,0.4,0.4,0.0,0.4727,0.5152,-0.0424,7.6199,8.1538,-0.534,-0.003914,7.8237,8.1148,0.2911,0.0,0.001118,0.4706,0.5294,-0.0588,0.5,0.7073,-0.2073,165,132,33,0
1175370,Mumbai Indians,Chennai Super Kings,2019-04-03,Wankhede Stadium,Chennai Super Kings,field,1541.2309,1630.9849,-89.754,0.4,1.0,-0.6,0.5,0.8,-0.3,0.5665,0.6242,-0.0577,8.5797,7.5025,1.0772,0.036305,8.5373,7.3003,-1.237,-1.7,-0.012854,0.5417,0.4583,0.0833,0.6066,0.5385,0.0681,173,149,24,1
1175371,Delhi Capitals,Sunrisers Hyderabad,2019-04-04,Arun Jaitley Stadium,Sunrisers Hyderabad,field,1493.8677,1571.6437,-77.7759,0.3333,0.6,-0.2667,0.3333,0.4,-0.0667,0.3333,0.5579,-0.2246,8.3027,8.9806,-0.6779,0.000953,8.0436,8.6506,0.607,2.0333,0.015852,0.0,0.0,0.0,0.0,1.0,-1.0,3,95,-92,0
1175372,Royal Challengers Bangalore,Kolkata Knight Riders,2019-04-05,M.Chinnaswamy Stadium,Kolkata Knight Riders,field,1449.5287,1577.4283,-127.8995,0.0,0.8,-0.8,0.3,0.7,-0.4,0.4699,0.5366,-0.0667,7.5787,8.8037,-1.225,-0.05057,7.919,8.6861,0.7671,-0.8,-0.00478,0.4091,0.5909,-0.1818,0.5556,1.0,-0.4444,166,164,2,0
1178393,Chennai Super Kings,Kings XI Punjab,2019-04-06,MA Chidambaram Stadium,Chennai Super Kings,bat,1618.4576,1490.23,128.2276,0.8,0.6,0.2,0.7,0.4,0.3,0.62,0.4695,0.1505,7.434,8.2512,-0.8172,-0.019512,7.4854,8.8269,1.3414,0.1,-0.00264,0.6111,0.3889,0.2222,1.0,0.5,0.5,150,164,-14,1
1178394,Mumbai Indians,Sunrisers Hyderabad,2019-04-06,Rajiv Gandhi International Stadium,Sunrisers Hyderabad,field,1553.7583,1579.4417,-25.6835,0.4,0.6,-0.2,0.6,0.4,0.2,0.569,0.5625,0.0065,8.6968,8.6893,0.0075,0.011978,8.3405,8.3541,0.0136,-0.1,-0.001096,0.4167,0.5833,-0.1667,0.0,0.7778,-0.7778,174,96,78,1
1178395,Royal Challengers Bangalore,Delhi Capitals,2019-04-07,M.Chinnaswamy Stadium,Delhi Capitals,field,1443.0522,1486.0696,-43.0174,0.0,0.25,-0.25,0.3,0.25,0.05,0.4671,0.25,0.2171,7.9734,7.8171,0.1563,0.000368,8.2444,7.7713,-0.473,-1.45,-0.011782,0.0,0.0,0.0,0.5,0.5,0.0,167,4,163,0
1178396,Rajasthan Royals,Kolkata Knight Riders,2019-04-07,Sawai Mansingh Stadium,Kolkata Knight Riders,field,1502.9289,1583.9048,-80.9758,0.2,0.8,-0.6,0.5,0.7,-0.2,0.5188,0.5394,-0.0206,8.1931,8.8676,-0.6745,-0.043151,8.0831,8.8152,0.7321,-0.2,-0.001362,0.4375,0.5625,-0.125,0.7143,0.4,0.3143,133,165,-32,0
1178397,Sunrisers Hyderabad,Kings XI Punjab,2019-04-08,Punjab Cricket Association IS Bindra Stadium,Kings XI Punjab,field,1568.7039,1483.7618,84.9421,0.6,0.6,0.0,0.4,0.3,0.1,0.5567,0.4667,0.09,8.4296,8.1057,0.3239,0.010984,8.0743,8.8378,0.7635,0.1,-0.001172,0.75,0.25,0.5,0.0,1.0,-1.0,97,165,-68,0
1178398,Kolkata Knight Riders,Chennai Super Kings,2019-04-09,MA Chidambaram Stadium,Chennai Super Kings,field,1591.6154,1624.9258,-33.3104,0.8,0.8,0.0,0.8,0.8,0.0,0.5422,0.6225,-0.0803,8.9897,7.3912,1.5985,0.059185,8.611,7.2785,-1.3326,-0.9,-0.007078,0.3889,0.6111,-0.2222,0.0,1.0,-1.0,166,151,15,0
1178399,Kings XI Punjab,Mumbai Indians,2019-04-10,Wankhede Stadium,Mumbai Indians,field,1496.159,1564.4962,-68.3371,0.6,0.6,0.0,0.4,0.6,-0.2,0.4699,0.5714,-0.1015,8.1656,8.4482,-0.2826,-0.02161,8.789,8.0603,-0.7287,-0.3,-0.001386,0.4783,0.5217,-0.0435,0.5,0.6129,-0.1129,166,175,-9,0
1178400,Rajasthan Royals,Chennai Super Kings,2019-04-11,Sawai Mansingh Stadium,Chennai Super Kings,field,1495.2183,1633.97,-138.7517,0.2,0.8,-0.6,0.4,0.8,-0.4,0.5149,0.625,-0.1101,8.079,7.0872,0.9918,0.022007,8.3123,6.974,-1.3383,-2.0,-0.014809,0.35,0.65,-0.3,0.6977,0.4,0.2977,134,152,-18,0
1178401,Kolkata Knight Riders,Delhi Capitals,2019-04-12,Eden Gardens,Delhi Capitals,field,1582.5712,1494.8378,87.7334,0.8,0.4,0.4,0.8,0.4,0.4,0.5389,0.4,0.1389,8.8831,7.7745,1.1085,0.035211,8.2432,7.6562,-0.587,-1.6,-0.01348,0.0,0.0,0.0,0.6377,0.5,0.1377,167,5,162,0
1178402,Mumbai Indians,Rajasthan Royals,2019-04-13,Wankhede Stadium,Rajasthan Royals,field,1572.5543,1489.0123,83.5419,0.8,0.2,0.6,0.6,0.3,0.3,0.5739,0.5111,0.0628,8.5164,7.9441,0.5724,0.028131,8.1786,8.2551,0.0764,0.4,0.002816,0.5556,0.4444,0.1111,0.619,0.4286,0.1905,176,135,41,0
1178403,Kings XI Punjab,Royal Challengers Bangalore,2019-04-13,Punjab Cricket Association IS Bindra Stadium,Royal Challengers Bangalore,field,1488.101,1434.2841,53.8169,0.6,0.0,0.6,0.4,0.3,0.1,0.4671,0.4643,0.0028,8.0878,8.0089,0.079,-0.006847,8.5325,8.3162,-0.2163,0.8,0.00759,0.5455,0.4545,0.0909,1.0,0.5,0.5,167,168,-1,0
1178404,Kolkata Knight Riders,Chennai Super Kings,2019-04-14,Eden Gardens,Chennai Super Kings,field,1570.0984,1640.176,-70.0776,0.6,0.8,-0.2,0.7,0.9,-0.2,0.5357,0.6275,-0.0917,8.5496,7.199,1.3506,0.052928,8.1493,6.943,-1.2063,-2.4,-0.018816,0.3684,0.6316,-0.2632,0.6286,0.4,0.2286,168,153,15,0
1178405,Delhi Capitals,Sunrisers Hyderabad,2019-04-14,Rajiv Gandhi International Stadium,Sunrisers Hyderabad,field,1507.3106,1556.3066,-48.996,0.4,0.6,-0.2,0.5,0.4,0.1,0.5,0.551,-0.051,8.0303,8.163,-0.1327,0.014479,7.8189,7.7618,-0.0571,1.1,0.008813,0.0,1.0,-1.0,0.5,0.7,-0.2,6,98,-92,1
1178406,Royal Challengers Bangalore,Mumbai Indians,2019-04-15,Wankhede Stadium,Mumbai Indians,field,1445.8208,1560.195,-114.3742,0.2,0.6,-0.4,0.3,0.5,-0.2,0.4675,0.5706,-0.1032,7.9539,8.4193,-0.4654,-0.01205,8.2828,8.5083,0.2254,-0.4,-0.002628,0.375,0.625,-0.25,0.3333,0.6094,-0.276,169,177,-8,0
1178407,Kings XI Punjab,Rajasthan Royals,2019-04-16,Punjab Cricket Association IS Bindra Stadium,Rajasthan Royals,field,1476.5643,1501.3716,-24.8073,0.4,0.4,0.0,0.4,0.3,0.1,0.4643,0.5147,-0.0504,8.2973,7.982,0.3152,0.007731,8.4749,8.3797,-0.0952,0.7,0.003744,0.4118,0.5882,-0.1765,0.8571,0.5,0.3571,168,136,32,1
1178408,Chennai Super Kings,Sunrisers Hyderabad,2019-04-17,Rajiv Gandhi International Stadium,Chennai Super Kings,bat,1648.1859,1544.9057,103.2802,0.8,0.4,0.4,0.9,0.4,0.5,0.6299,0.5455,0.0844,7.2322,7.9453,-0.7131,-0.009198,6.9764,7.6661,0.6897,1.0,0.007357,0.8,0.2,0.6,1.0,0.6364,0.3636,154,99,55,0
1178409,Mumbai Indians,Delhi Capitals,2019-04-18,Arun Jaitley Stadium,Mumbai Indians,bat,1567.017,1518.7116,48.3055,0.8,0.6,0.2,0.6,0.5714,0.0286,0.573,0.5714,0.0016,8.4863,7.953,0.5333,0.012238,8.4454,7.5603,-0.8851,-1.7286,-0.014629,0.0,1.0,-1.0,0.0,0.0,0.0,178,7,171,1
1178410,Royal Challengers Bangalore,Kolkata Knight Riders,2019-04-19,Eden Gardens,Kolkata Knight Riders,field,1438.9988,1562.0885,-123.0897,0.2,0.4,-0.2,0.2,0.6,-0.4,0.4647,0.5325,-0.0678,7.8847,8.5155,-0.6308,-0.025381,8.5206,8.2147,-0.3059,0.0,-9e-05,0.3913,0.6087,-0.2174,0.3333,0.6197,-0.2864,170,169,1,1
1178411,Mumbai Indians,Rajasthan Royals,2019-04-20,Sawai Mansingh Stadium,Rajasthan Royals,field,1575.6356,1490.6587,84.9768,0.8,0.4,0.4,0.6,0.3,0.3,0.5754,0.5109,0.0645,8.4126,8.047,0.3656,0.026446,8.1877,8.4744,0.2868,0.7,0.004942,0.5263,0.4737,0.0526,0.3333,0.6818,-0.3485,179,137,42,0
1178412,Kings XI Punjab,Delhi Capitals,2019-04-20,Arun Jaitley Stadium,Delhi Capitals,field,1487.2771,1510.093,-22.816,0.4,0.6,-0.2,0.5,0.5,0.0,0.4675,0.5,-0.0325,8.3126,7.7372,0.5754,0.005177,8.3971,7.633,-0.7641,-1.325,-0.011761,1.0,0.0,1.0,1.0,0.0,1.0,169,8,161,0
1178413,Kolkata Knight Riders,Sunrisers Hyderabad,2019-04-21,Rajiv Gandhi International Stadium,Sunrisers Hyderabad,field,1548.6868,1557.7937,-9.1069,0.2,0.4,-0.2,0.5,0.5,0.0,0.5294,0.55,-0.0206,8.63,8.1033,0.5267,0.037466,8.4248,7.5951,-0.8297,-1.9,-0.015505,0.625,0.375,0.25,1.0,0.6667,0.3333,170,100,70,0
1178414,Royal Challengers Bangalore,Chennai Super Kings,2019-04-21,M.Chinnaswamy Stadium,Chennai Super Kings,field,1452.4004,1635.2978,-182.8974,0.4,0.8,-0.4,0.2,0.8,-0.6,0.4678,0.6258,-0.158,7.84,7.1619,0.6781,0.020595,8.4807,7.1113,-1.3694,-2.2,-0.018743,0.3182,0.6818,-0.3636,0.4545,1.0,-0.5455,171,155,16,1
1178415,Rajasthan Royals,Delhi Capitals,2019-04-22,Sawai Mansingh Stadium,Delhi Capitals,field,1503.0569,1519.4373,-16.3803,0.4,0.8,-0.4,0.3,0.5556,-0.2556,0.5145,0.5556,-0.0411,8.0963,7.7564,0.34,-0.002004,8.56,7.6758,-0.8842,-2.2111,-0.017775,0.0,0.0,0.0,0.6889,0.5,0.1889,138,9,129,0
1178416,Sunrisers Hyderabad,Chennai Super Kings,2019-04-23,MA Chidambaram Stadium,Chennai Super Kings,field,1567.5317,1620.4714,-52.9398,0.4,0.6,-0.2,0.5,0.7,-0.2,0.5545,0.6218,-0.0673,8.2467,7.0041,1.2426,0.025684,7.5714,7.0559,-0.5155,-1.2,-0.01075,0.2727,0.7273,-0.4545,0.5,1.0,-0.5,101,156,-55,0
1178417,Royal Challengers Bangalore,Kings XI Punjab,2019-04-24,M.Chinnaswamy Stadium,Kings XI Punjab,field,1467.2268,1477.9328,-10.706,0.6,0.4,0.2,0.3,0.5,-0.2,0.4709,0.4647,0.0062,7.9419,8.3747,-0.4328,-0.006793,8.468,8.4107,-0.0573,-0.9,-0.006658,0.4783,0.5217,-0.0435,0.5,0.0,0.5,172,170,2,1
1178418,Kolkata Knight Riders,Rajasthan Royals,2019-04-25,Eden Gardens,Rajasthan Royals,field,1538.9489,1493.5281,45.4208,0.0,0.4,-0.4,0.4,0.3,0.1,0.5263,0.5108,0.0155,8.5943,8.3062,0.2881,0.026779,8.7033,8.7456,0.0423,-1.0,-0.008192,0.5882,0.4118,0.1765,0.6111,0.125,0.4861,171,139,32,0
1178419,Mumbai Indians,Chennai Super Kings,2019-04-26,MA Chidambaram Stadium,Chennai Super Kings,field,1563.2374,1628.9594,-65.722,0.6,0.6,0.0,0.6,0.7,-0.1,0.5722,0.6242,-0.052,8.3893,7.4581,0.9312,0.033154,8.1959,7.4631,-0.7328,0.0,0.000549,0.56,0.44,0.12,0.5,1.0,-0.5,180,157,23,1
1178420,Sunrisers Hyderabad,Rajasthan Royals,2019-04-27,Sawai Mansingh Stadium,Rajasthan Royals,field,1559.0437,1504.828,54.2157,0.4,0.6,-0.2,0.5,0.4,0.1,0.549,0.5143,0.0347,8.2598,8.3608,-0.101,-0.016075,7.5037,8.7369,1.2333,1.1,0.007691,0.6,0.4,0.2,0.5,0.6739,-0.1739,102,140,-38,0
1178421,Delhi Capitals,Royal Challengers Bangalore,2019-04-28,Arun Jaitley Stadium,Delhi Capitals,bat,1528.9661,1477.5349,51.4313,0.8,0.8,0.0,0.6,0.4,0.2,0.6,0.474,0.126,7.9622,8.4519,-0.4897,-0.010986,7.8355,8.9269,1.0914,1.7,0.014546,1.0,0.0,1.0,0.25,1.0,-0.75,10,173,-163,1
1178422,Kolkata Knight Riders,Mumbai Indians,2019-04-28,Eden Gardens,Mumbai Indians,field,1527.6489,1575.1068,-47.4578,0.0,0.6,-0.6,0.4,0.7,-0.3,0.5233,0.5746,-0.0513,8.655,8.2809,0.3741,0.023192,8.7407,7.7552,-0.9854,-3.0,-0.024814,0.2174,0.7826,-0.5652,0.6027,0.8333,-0.2306,172,181,-9,1
1178423,Sunrisers Hyderabad,Kings XI Punjab,2019-04-29,Rajiv Gandhi International Stadium,Kings XI Punjab,field,1547.4958,1467.6248,79.871,0.4,0.2,0.2,0.5,0.4,0.1,0.5437,0.462,0.0817,8.15,8.4068,-0.2569,-0.024924,7.4141,8.559,1.1449,0.5,0.004652,0.6923,0.3077,0.3846,0.6923,0.0,0.6923,103,171,-68,1
1178425,Chennai Super Kings,Delhi Capitals,2019-05-01,MA Chidambaram Stadium,Delhi Capitals,field,1617.09,1537.4966,79.5934,0.4,0.8,-0.4,0.6,0.6,0.0,0.6203,0.6364,-0.0161,7.3102,7.8599,-0.5497,-0.023441,7.5148,7.8109,0.2961,-0.8,-0.006579,1.0,0.0,1.0,0.8571,0.5,0.3571,158,11,147,1
1178427,Kings XI Punjab,Kolkata Knight Riders,2019-05-03,Punjab Cricket Association IS Bindra Stadium,Kolkata Knight Riders,field,1459.884,1539.0065,-79.1225,0.2,0.2,0.0,0.4,0.4,0.0,0.4593,0.526,-0.0667,8.2811,8.8631,-0.582,-0.035216,8.4887,8.8496,0.3609,1.5,0.010228,0.3333,0.6667,-0.3333,0.875,0.5,0.375,172,173,-1,0
1178428,Rajasthan Royals,Delhi Capitals,2019-05-04,Arun Jaitley Stadium,Rajasthan Royals,bat,1516.3759,1529.7482,-13.3723,0.6,0.6,0.0,0.5,0.6,-0.1,0.5177,0.5833,-0.0656,8.2199,7.796,0.4239,0.0079,8.5008,7.9279,-0.573,-1.7,-0.012881,0.0,1.0,-1.0,0.0,0.4,-0.4,141,12,129,0
1178429,Sunrisers Hyderabad,Royal Challengers Bangalore,2019-05-04,M.Chinnaswamy Stadium,Royal Challengers Bangalore,field,1555.2366,1469.0045,86.2321,0.6,0.6,0.0,0.5,0.4,0.1,0.5481,0.4713,0.0768,8.1295,8.4098,-0.2803,-0.032881,7.2441,8.9633,1.7192,1.4,0.011495,0.5833,0.4167,0.1667,0.0,0.5385,-0.5385,104,174,-70,0
1178430,Chennai Super Kings,Kings XI Punjab,2019-05-05,Punjab Cricket Association IS Bindra Stadium,Kings XI Punjab,field,1624.8384,1452.1227,172.7156,0.4,0.2,0.2,0.6,0.3,0.3,0.6226,0.4566,0.166,7.3361,8.2968,-0.9607,-0.027088,7.3423,8.6083,1.266,1.1,0.010782,0.6316,0.3684,0.2632,0.0,0.7778,-0.7778,159,173,-14,0
1178431,Kolkata Knight Riders,Mumbai Indians,2019-05-05,Wankhede Stadium,Mumbai Indians,field,1546.7677,1563.7493,-16.9816,0.4,0.6,-0.2,0.4,0.6,-0.2,0.5287,0.5714,-0.0427,8.7789,8.3679,0.411,0.025208,8.844,7.9916,-0.8524,-2.1,-0.01687,0.25,0.75,-0.5,0.125,0.6154,-0.4904,174,182,-8,0
1181764,Chennai Super Kings,Mumbai Indians,2019-05-07,MA Chidambaram Stadium,Chennai Super Kings,bat,1610.2399,1573.2609,36.979,0.4,0.6,-0.2,0.6,0.7,-0.1,0.6188,0.5738,0.045,7.5574,8.3256,-0.7682,-0.028767,7.4325,7.7129,0.2804,-0.7,-0.004605,0.4231,0.5769,-0.1538,0.875,1.0,-0.125,160,183,-23,0
1181766,Sunrisers Hyderabad,Delhi Capitals,2019-05-08,Dr. Y.S. Rajasekhara Reddy ACA-VDCA Cricket Stadium,Delhi Capitals,field,1542.8044,1539.3635,3.4409,0.4,0.8,-0.4,0.4,0.7,-0.3,0.5429,0.6154,-0.0725,7.8259,7.7902,0.0357,-0.021138,7.5624,7.6645,0.102,-0.8,-0.006667,0.5,0.5,0.0,0.6,0.5,0.1,105,13,92,0
1181767,Delhi Capitals,Chennai Super Kings,2019-05-10,Dr. Y.S. Rajasekhara Reddy ACA-VDCA Cricket Stadium,Chennai Super Kings,field,1549.4625,1599.1796,-49.717,0.8,0.4,0.4,0.8,0.5,0.3,0.6429,0.6149,0.028,7.9622,7.4188,0.5434,0.022528,7.7282,7.4717,-0.2565,1.1,0.005985,0.0,1.0,-1.0,1.0,1.0,0.0,14,161,-147,0
1181768,Mumbai Indians,Chennai Super Kings,2019-05-12,Rajiv Gandhi International Stadium,Mumbai Indians,bat,1584.3212,1607.7583,-23.4371,0.6,0.4,0.2,0.7,0.5,0.2,0.5761,0.6173,-0.0412,8.2187,7.5682,0.6505,0.022258,7.7221,7.6724,-0.0497,0.4,0.001787,0.5926,0.4074,0.1852,0.5,0.5,0.0,184,162,22,1
1216492,Mumbai Indians,Chennai Super Kings,2020-09-19,Sheikh Zayed Stadium,Chennai Super Kings,field,1594.9948,1597.0847,-2.09,0.8,0.4,0.4,0.7,0.4,0.3,0.5784,0.6135,-0.0351,8.2907,7.5335,0.7572,0.021601,7.8833,7.6555,-0.2278,0.0,-0.002148,0.6071,0.3929,0.2143,0.0,0.5,-0.5,185,163,22,0
1216534,Royal Challengers Bangalore,Sunrisers Hyderabad,2020-09-21,Dubai International Cricket Stadium,Sunrisers Hyderabad,field,1481.4367,1532.7053,-51.2687,0.8,0.2,0.6,0.5,0.3,0.2,0.4743,0.5377,-0.0635,8.7282,7.891,0.8372,0.047245,8.6753,7.7262,-0.9492,-0.5,-0.004148,0.4615,0.5385,-0.0769,0.5,1.0,-0.5,175,106,69,1
1216496,Rajasthan Royals,Chennai Super Kings,2020-09-22,Sharjah Cricket Stadium,Chennai Super Kings,field,1506.7606,1607.0246,-100.264,0.6,0.4,0.2,0.5,0.4,0.1,0.5141,0.6159,-0.1018,7.9574,7.5533,0.404,0.012562,8.4269,7.6672,-0.7596,-1.1,-0.009283,0.3333,0.6667,-0.3333,0.0,1.0,-1.0,142,164,-22,1
1216508,Mumbai Indians,Kolkata Knight Riders,2020-09-23,Sheikh Zayed Stadium,Kolkata Knight Riders,field,1585.0549,1537.2561,47.7988,0.6,0.4,0.2,0.6,0.3,0.3,0.5753,0.5257,0.0496,8.1307,8.37,-0.2393,-0.019146,7.7624,8.658,0.8956,2.2,0.016342,0.76,0.24,0.52,0.0,0.5,-0.5,186,175,11,1
1216510,Kings XI Punjab,Royal Challengers Bangalore,2020-09-24,Dubai International Cricket Stadium,Royal Challengers Bangalore,field,1466.7212,1492.9017,-26.1805,0.2,0.8,-0.6,0.3,0.6,-0.3,0.4598,0.4773,-0.0175,8.4059,8.7384,-0.3325,-0.00907,8.6959,8.6357,-0.0602,-1.6,-0.013222,0.5,0.5,0.0,1.0,0.6667,0.3333,174,176,-2,1
1216539,Delhi Capitals,Chennai Super Kings,2020-09-25,Dubai International Cricket Stadium,Chennai Super Kings,field,1540.8838,1594.2163,-53.3325,0.6,0.4,0.2,0.7,0.4,0.3,0.6,0.6121,-0.0121,7.9161,7.8843,0.0318,0.003227,7.7883,7.9109,0.1227,0.2,-6.2e-05,0.0,1.0,-1.0,0.5,1.0,-0.5,15,165,-150,1
1216545,Sunrisers Hyderabad,Kolkata Knight Riders,2020-09-26,Sheikh Zayed Stadium,Sunrisers Hyderabad,bat,1521.2403,1528.6232,-7.3829,0.2,0.4,-0.2,0.3,0.2,0.1,0.5327,0.5227,0.01,8.0927,8.1487,-0.0561,-0.038605,7.8582,8.9039,1.0457,1.6,0.010906,0.4118,0.5882,-0.1765,0.0,0.3333,-0.3333,107,176,-69,0
1216527,Kings XI Punjab,Rajasthan Royals,2020-09-27,Sharjah Cricket Stadium,Rajasthan Royals,field,1477.4733,1519.5689,-42.0956,0.4,0.6,-0.2,0.4,0.5,-0.1,0.4629,0.5175,-0.0546,8.7326,8.1863,0.5464,0.018127,8.5658,8.6289,0.0631,0.0,-0.001947,0.4444,0.5556,-0.1111,1.0,0.5,0.5,175,143,32,0
1216532,Sunrisers Hyderabad,Delhi Capitals,2020-09-29,Sheikh Zayed Stadium,Delhi Capitals,field,1511.4528,1552.4069,-40.9541,0.2,0.6,-0.4,0.3,0.7,-0.4,0.5278,0.625,-0.0972,8.0522,7.8367,0.2155,-0.018346,7.8738,7.5586,-0.3151,-1.0,-0.007839,0.3333,0.6667,-0.3333,0.0,0.5,-0.5,108,16,92,1
1216504,Kolkata Knight Riders,Rajasthan Royals,2020-09-30,Dubai International Cricket Stadium,Rajasthan Royals,field,1538.4108,1528.3632,10.0476,0.6,0.8,-0.2,0.3,0.6,-0.3,0.5254,0.5208,0.0046,8.4029,8.6268,-0.2239,0.005112,8.9487,8.7485,-0.2002,-1.0,-0.007231,0.5556,0.4444,0.1111,0.0,0.0,0.0,177,144,33,1
1216503,Mumbai Indians,Kings XI Punjab,2020-10-01,Sheikh Zayed Stadium,Kings XI Punjab,field,1593.6878,1468.679,125.0088,0.8,0.4,0.4,0.7,0.3,0.4,0.5775,0.4602,0.1173,8.1165,9.0268,-0.9103,-0.029328,7.5296,8.9408,1.4112,1.0,0.008224,0.5417,0.4583,0.0833,0.3333,1.0,-0.6667,187,176,11,1
1216516,Sunrisers Hyderabad,Chennai Super Kings,2020-10-02,Dubai International Cricket Stadium,Sunrisers Hyderabad,bat,1522.6261,1582.6932,-60.0671,0.2,0.4,-0.2,0.4,0.4,0.0,0.5321,0.6084,-0.0763,8.2431,7.7341,0.509,-0.010206,7.8344,7.9748,0.1404,-0.4,-0.004496,0.25,0.75,-0.5,0.6667,0.6667,0.0,109,166,-57,1
1216514,Rajasthan Royals,Royal Challengers Bangalore,2020-10-03,Sheikh Zayed Stadium,Rajasthan Royals,bat,1518.6523,1482.1496,36.5027,0.6,0.6,0.0,0.6,0.6,0.0,0.5172,0.4746,0.0427,8.5651,8.3782,0.1869,0.004306,8.8139,8.6146,-0.1993,-0.7,-0.004943,0.5556,0.4444,0.1111,1.0,0.0,1.0,145,177,-32,0
1216515,Delhi Capitals,Kolkata Knight Riders,2020-10-03,Sharjah Cricket Stadium,Kolkata Knight Riders,field,1541.2336,1548.1216,-6.8881,0.6,0.6,0.0,0.6,0.4,0.2,0.5882,0.5281,0.0601,7.7959,8.3561,-0.5602,-0.02639,7.7455,8.6837,0.9381,1.2,0.007766,1.0,0.0,1.0,0.5,1.0,-0.5,17,178,-161,1
1216513,Kings XI Punjab,Chennai Super Kings,2020-10-04,Dubai International Cricket Stadium,Kings XI Punjab,bat,1462.1294,1570.9813,-108.8519,0.4,0.2,0.2,0.3,0.3,0.0,0.4576,0.6048,-0.1472,8.7636,7.6211,1.1425,0.035264,8.9209,7.8863,-1.0346,-1.1,-0.009842,0.4,0.6,-0.2,1.0,0.5,0.5,177,167,10,0
1216538,Mumbai Indians,Sunrisers Hyderabad,2020-10-04,Sharjah Cricket Stadium,Mumbai Indians,bat,1600.2374,1534.338,65.8994,0.8,0.4,0.4,0.7,0.4,0.3,0.5798,0.5364,0.0434,8.1773,8.2136,-0.0363,0.02276,7.3672,7.9509,0.5836,0.9,0.007415,0.4615,0.5385,-0.0769,0.0,0.0,0.0,188,110,78,1
1216519,Delhi Capitals,Royal Challengers Bangalore,2020-10-05,Dubai International Cricket Stadium,Royal Challengers Bangalore,field,1551.4318,1493.1964,58.2354,0.6,0.6,0.0,0.7,0.7,0.0,0.6111,0.4775,0.1336,8.3132,8.4788,-0.1656,-0.003401,7.9305,8.6104,0.6799,0.4,0.003037,1.0,0.0,1.0,1.0,0.5,0.5,18,178,-160,1
1216511,Mumbai Indians,Rajasthan Royals,2020-10-06,Sheikh Zayed Stadium,Mumbai Indians,bat,1608.363,1507.6055,100.7575,0.8,0.4,0.4,0.7,0.5,0.2,0.582,0.5137,0.0683,8.3831,8.3775,0.0056,0.008328,7.5563,8.7205,1.1642,1.4,0.010605,0.5,0.5,0.0,0.5,0.6667,-0.1667,189,146,43,1
1216501,Kolkata Knight Riders,Chennai Super Kings,2020-10-07,Sheikh Zayed Stadium,Kolkata Knight Riders,bat,1537.9234,1577.947,-40.0236,0.4,0.4,0.0,0.4,0.4,0.0,0.5251,0.6071,-0.082,8.5812,7.9704,0.6108,0.023691,9.0051,8.0017,-1.0034,-1.5,-0.011929,0.35,0.65,-0.3,0.5,0.6667,-0.1667,179,168,11,1
1216542,Sunrisers Hyderabad,Kings XI Punjab,2020-10-08,Dubai International Cricket Stadium,Sunrisers Hyderabad,bat,1526.2123,1455.1638,71.0485,0.4,0.4,0.0,0.3,0.3,0.0,0.5315,0.4551,0.0765,8.0463,8.8023,-0.756,-0.042545,8.1984,8.9851,0.7868,0.4,0.00294,0.7143,0.2857,0.4286,0.75,0.6667,0.0833,111,178,-67,1
1216500,Delhi Capitals,Rajasthan Royals,2020-10-09,Sharjah Cricket Stadium,Rajasthan Royals,field,1559.7712,1500.4269,59.3443,0.6,0.4,0.2,0.7,0.5,0.2,0.6316,0.5102,0.1214,8.4664,8.3195,0.1468,0.00571,7.7792,8.739,0.9598,1.8,0.013415,1.0,0.0,1.0,1.0,0.6667,0.3333,19,147,-128,1
1216523,Kolkata Knight Riders,Kings XI Punjab,2020-10-10,Sheikh Zayed Stadium,Kolkata Knight Riders,bat,1549.0703,1447.1807,101.8896,0.6,0.2,0.4,0.5,0.2,0.3,0.5278,0.4525,0.0753,8.4195,8.6926,-0.273,-0.005449,8.7421,9.1464,0.4043,0.0,0.001173,0.68,0.32,0.36,0.6,0.6667,-0.0667,180,179,1,1
1216525,Royal Challengers Bangalore,Chennai Super Kings,2020-10-10,Dubai International Cricket Stadium,Royal Challengers Bangalore,bat,1484.857,1566.8001,-81.9431,0.6,0.2,0.4,0.6,0.3,0.3,0.4749,0.6036,-0.1287,8.2327,7.8812,0.3515,0.006601,8.7153,8.152,-0.5634,-0.3,-0.002809,0.3478,0.6522,-0.3043,0.4,0.6,-0.2,179,169,10,1
1216507,Sunrisers Hyderabad,Rajasthan Royals,2020-10-11,Dubai International Cricket Stadium,Sunrisers Hyderabad,bat,1534.1954,1492.1185,42.0768,0.6,0.2,0.4,0.4,0.4,0.0,0.5357,0.5068,0.029,8.1579,8.1263,0.0316,-0.017361,8.1015,8.8314,0.7299,0.9,0.007768,0.5455,0.4545,0.0909,0.8,0.0,0.8,112,148,-36,0
1216529,Delhi Capitals,Mumbai Indians,2020-10-11,Sheikh Zayed Stadium,Delhi Capitals,bat,1568.0795,1615.5417,-47.4621,0.8,0.8,0.0,0.7,0.8,-0.1,0.65,0.5842,0.0658,8.3494,8.5211,-0.1717,-0.011454,7.5109,7.4595,-0.0514,0.1,-0.000196,0.5,0.5,0.0,0.0,0.6,-0.6,20,190,-170,0
1216540,Royal Challengers Bangalore,Kolkata Knight Riders,2020-10-12,Sharjah Cricket Stadium,Royal Challengers Bangalore,bat,1497.1727,1556.219,-59.0462,0.6,0.8,-0.2,0.7,0.6,0.1,0.4778,0.5304,-0.0526,8.1555,8.4439,-0.2884,-0.018458,8.4863,8.5579,0.0716,1.0,0.006759,0.4167,0.5833,-0.1667,0.5,0.5,0.0,180,181,-1,1
1216528,Chennai Super Kings,Sunrisers Hyderabad,2020-10-13,Dubai International Cricket Stadium,Chennai Super Kings,bat,1554.4843,1522.9902,31.4941,0.2,0.6,-0.4,0.3,0.4,-0.1,0.6,0.531,0.069,7.6678,8.1483,-0.4806,0.005482,8.0145,8.0913,0.0768,0.1,-0.000728,0.6923,0.3077,0.3846,0.5,0.6667,-0.1667,170,113,57,1
1216543,Delhi Capitals,Rajasthan Royals,2020-10-14,Dubai International Cricket Stadium,Delhi Capitals,bat,1559.4372,1503.3237,56.1134,0.6,0.2,0.4,0.6,0.5,0.1,0.619,0.5101,0.109,8.1882,8.0082,0.18,0.006829,7.4867,8.6151,1.1284,1.7,0.012766,1.0,0.0,1.0,1.0,0.3333,0.6667,21,149,-128,1
1216531,Royal Challengers Bangalore,Kings XI Punjab,2020-10-15,Sharjah Cricket Stadium,Royal Challengers Bangalore,bat,1508.856,1440.0321,68.824,0.6,0.0,0.6,0.7,0.2,0.5,0.4807,0.45,0.0307,8.0622,8.702,-0.6398,-0.027464,8.0779,9.1516,1.0738,1.7,0.012914,0.48,0.52,-0.04,0.6667,0.6667,0.0,181,180,1,0
1216526,Kolkata Knight Riders,Mumbai Indians,2020-10-16,Sheikh Zayed Stadium,Kolkata Knight Riders,bat,1544.5357,1624.184,-79.6484,0.6,1.0,-0.4,0.6,0.8,-0.2,0.5275,0.5864,-0.0589,8.1366,8.5828,-0.4462,-0.017966,8.6141,7.6386,-0.9755,-1.5,-0.011219,0.2308,0.7692,-0.5385,0.6667,0.6667,0.0,182,191,-9,0
1216509,Chennai Super Kings,Delhi Capitals,2020-10-17,Sharjah Cricket Stadium,Chennai Super Kings,bat,1563.5803,1567.836,-4.2556,0.4,0.8,-0.4,0.4,0.7,-0.3,0.6023,0.6364,-0.034,7.8583,8.2918,-0.4335,-0.004948,8.0032,7.343,-0.6602,-0.5,-0.004585,0.75,0.25,0.5,0.5,1.0,-0.5,171,22,149,0
1216522,Rajasthan Royals,Royal Challengers Bangalore,2020-10-17,Dubai International Cricket Stadium,Rajasthan Royals,bat,1494.9249,1496.9006,-1.9757,0.2,0.6,-0.4,0.4,0.6,-0.2,0.5067,0.478,0.0286,7.8458,8.0914,-0.2457,-7.3e-05,8.5111,8.1408,-0.3703,-0.9,-0.006765,0.5263,0.4737,0.0526,0.25,0.5,-0.25,150,182,-32,0
1216533,Chennai Super Kings,Rajasthan Royals,2020-10-19,Sheikh Zayed Stadium,Chennai Super Kings,bat,1553.7028,1484.9818,68.7211,0.4,0.2,0.2,0.3,0.3,0.0,0.5988,0.5033,0.0955,7.9444,7.8537,0.0907,0.010815,8.1914,8.5554,0.364,1.6,0.011966,0.6364,0.3636,0.2727,0.5,0.5,0.0,172,151,21,0
1216546,Delhi Capitals,Kings XI Punjab,2020-10-20,Dubai International Cricket Stadium,Delhi Capitals,bat,1577.7135,1451.9875,125.726,0.8,0.2,0.6,0.7,0.3,0.4,0.6522,0.453,0.1991,8.4405,8.6479,-0.2074,-0.004811,7.6645,8.9975,1.333,1.5,0.01095,0.5,0.5,0.0,1.0,0.5,0.5,23,181,-158,0
1216494,Kolkata Knight Riders,Royal Challengers Bangalore,2020-10-21,Sheikh Zayed Stadium,Kolkata Knight Riders,bat,1536.7888,1506.8438,29.945,0.4,0.6,-0.2,0.5,0.6,-0.1,0.5246,0.4809,0.0437,7.7331,7.9463,-0.2132,0.01232,8.5042,8.0693,-0.4349,-1.7,-0.012092,0.56,0.44,0.12,0.5714,0.5,0.0714,183,183,0,0
1216518,Rajasthan Royals,Sunrisers Hyderabad,2020-10-22,Dubai International Cricket Stadium,Sunrisers Hyderabad,field,1496.9343,1513.8942,-16.9599,0.4,0.4,0.0,0.4,0.3,0.1,0.5066,0.5263,-0.0197,8.038,7.8624,0.1756,0.013025,8.4105,8.125,-0.2855,-1.3,-0.01246,0.5,0.5,0.0,0.2,0.5714,-0.3714,152,114,38,0
1216521,Chennai Super Kings,Mumbai Indians,2020-10-23,Sharjah Cricket Stadium,Mumbai Indians,field,1541.7503,1631.9309,-90.1806,0.2,1.0,-0.8,0.3,0.9,-0.6,0.5954,0.5885,0.0068,7.8443,8.4727,-0.6284,-0.025193,8.1924,7.236,-0.9564,-0.8,-0.00664,0.4138,0.5862,-0.1724,0.3333,0.5,-0.1667,173,192,-19,0
1216497,Kolkata Knight Riders,Delhi Capitals,2020-10-24,Sheikh Zayed Stadium,Delhi Capitals,field,1525.929,1564.2449,-38.3159,0.4,0.6,-0.2,0.4,0.6,-0.2,0.5217,0.625,-0.1033,7.1932,8.4425,-1.2493,-0.029096,8.2663,7.7386,-0.5277,-2.5,-0.018005,0.0,1.0,-1.0,0.5,0.0,0.5,184,24,160,1
1216498,Kings XI Punjab,Sunrisers Hyderabad,2020-10-24,Dubai International Cricket Stadium,Sunrisers Hyderabad,field,1465.456,1523.4064,-57.9504,0.4,0.4,0.0,0.4,0.4,0.0,0.456,0.5304,-0.0744,8.6983,7.8276,0.8707,0.034456,8.81,8.005,-0.805,-0.9,-0.0075,0.2667,0.7333,-0.4667,0.6,0.625,-0.025,182,115,67,1
1216541,Mumbai Indians,Rajasthan Royals,2020-10-25,Sheikh Zayed Stadium,Mumbai Indians,bat,1639.3921,1487.4221,151.97,1.0,0.4,0.6,0.9,0.3,0.6,0.5907,0.5033,0.0874,8.5692,7.7627,0.8066,0.038929,7.161,8.2657,1.1047,2.5,0.020663,0.5238,0.4762,0.0476,0.7143,0.6,0.1143,193,153,40,0
1216544,Royal Challengers Bangalore,Chennai Super Kings,2020-10-25,Dubai International Cricket Stadium,Royal Challengers Bangalore,bat,1517.7035,1534.2891,-16.5856,0.8,0.2,0.6,0.7,0.2,0.5,0.4837,0.592,-0.1083,7.7668,7.5576,0.2092,-0.013414,7.5652,8.305,0.7398,1.4,0.009444,0.375,0.625,-0.25,0.5714,0.5714,0.0,184,174,10,0
1216520,Kolkata Knight Riders,Kings XI Punjab,2020-10-26,Sharjah Cricket Stadium,Kings XI Punjab,field,1537.0274,1477.1087,59.9187,0.4,0.6,-0.2,0.5,0.5,0.0,0.5243,0.459,0.0653,7.5073,8.3861,-0.8788,-0.01254,8.0954,8.3851,0.2897,-1.1,-0.0079,0.6923,0.3077,0.3846,0.3333,0.75,-0.4167,185,183,2,0
1216524,Sunrisers Hyderabad,Delhi Capitals,2020-10-27,Dubai International Cricket Stadium,Delhi Capitals,field,1511.7538,1553.1465,-41.3928,0.4,0.4,0.0,0.4,0.6,-0.2,0.5259,0.6,-0.0741,7.6262,8.3711,-0.7449,-0.025494,7.8035,7.8904,0.0869,-0.7,-0.004057,0.5,0.5,0.0,0.5556,0.75,-0.1944,116,25,91,1
1216499,Royal Challengers Bangalore,Mumbai Indians,2020-10-28,Sheikh Zayed Stadium,Mumbai Indians,field,1508.1805,1625.2771,-117.0966,0.6,0.8,-0.2,0.6,0.8,-0.2,0.4811,0.5876,-0.1065,7.5753,8.8034,-1.2282,-0.066131,7.5049,7.5209,0.016,-0.8,-0.006888,0.36,0.64,-0.28,0.6667,0.625,0.0417,185,194,-9,0
1216536,Kolkata Knight Riders,Chennai Super Kings,2020-10-29,Dubai International Cricket Stadium,Chennai Super Kings,field,1525.3197,1543.8121,-18.4924,0.2,0.4,-0.2,0.5,0.3,0.2,0.5215,0.5943,-0.0728,7.5219,7.3789,0.143,0.00489,7.981,7.9528,-0.0282,-0.4,-0.002443,0.381,0.619,-0.2381,0.5,0.625,-0.125,186,175,11,0
1216537,Kings XI Punjab,Rajasthan Royals,2020-10-30,Sheikh Zayed Stadium,Rajasthan Royals,field,1488.8164,1501.537,-12.7206,0.8,0.4,0.4,0.5,0.3,0.2,0.462,0.5065,-0.0445,8.2649,7.6514,0.6135,0.01629,8.2673,8.1435,-0.1238,1.6,0.014058,0.4211,0.5789,-0.1579,0.5,0.6667,-0.1667,184,154,30,0
1216502,Royal Challengers Bangalore,Sunrisers Hyderabad,2020-10-31,Sharjah Cricket Stadium,Sunrisers Hyderabad,field,1501.4288,1522.9396,-21.5108,0.4,0.4,0.0,0.5,0.5,0.0,0.4785,0.5299,-0.0514,7.5866,7.9338,-0.3472,-0.015514,7.5743,7.6756,0.1013,-1.1,-0.010457,0.5,0.5,0.0,0.5,0.0,0.5,186,117,69,0
1216535,Delhi Capitals,Mumbai Indians,2020-10-31,Dubai International Cricket Stadium,Mumbai Indians,field,1541.9608,1632.0289,-90.0681,0.4,0.8,-0.4,0.5,0.8,-0.3,0.5769,0.5897,-0.0128,8.1853,8.9054,-0.72,-0.037476,8.3159,7.6056,-0.7103,-0.4,-0.004038,0.3333,0.6667,-0.3333,0.6,0.0,0.6,26,195,-169,0
1216506,Kings XI Punjab,Chennai Super Kings,2020-11-01,Sheikh Zayed Stadium,Chennai Super Kings,field,1479.1824,1553.2804,-74.098,0.8,0.4,0.4,0.4,0.4,0.0,0.4595,0.5966,-0.1371,8.1337,7.6049,0.5287,0.00286,8.6485,7.951,-0.6975,0.5,0.00315,0.381,0.619,-0.2381,0.4,0.4,0.0,185,176,9,0
1216530,Kolkata Knight Riders,Rajasthan Royals,2020-11-01,Dubai International Cricket Stadium,Rajasthan Royals,field,1515.8515,1511.171,4.6804,0.2,0.6,-0.4,0.4,0.4,0.0,0.5187,0.5097,0.009,7.5977,7.9831,-0.3854,-0.003363,8.1536,8.1902,0.0366,0.0,0.002508,0.5789,0.4211,0.1579,0.3333,0.1667,0.1667,187,155,32,1
1216505,Royal Challengers Bangalore,Delhi Capitals,2020-11-02,Sheikh Zayed Stadium,Delhi Capitals,field,1492.0471,1534.4966,-42.4495,0.4,0.2,0.2,0.5,0.5,0.0,0.4759,0.5556,-0.0796,7.5409,8.0194,-0.4785,-0.027721,7.3696,8.3104,0.9408,-0.3,-0.002146,0.0,1.0,-1.0,0.5,0.0,0.5,187,27,160,0
1216495,Mumbai Indians,Sunrisers Hyderabad,2020-11-03,Sharjah Cricket Stadium,Sunrisers Hyderabad,field,1639.4931,1532.3212,107.1719,0.8,0.6,0.2,0.9,0.6,0.3,0.5918,0.5339,0.0579,8.9261,8.0465,0.8796,0.043858,7.3186,7.4752,0.1565,0.1,8.1e-05,0.5,0.5,0.0,0.6667,0.25,0.4167,196,118,78,0
1237177,Mumbai Indians,Delhi Capitals,2020-11-05,Dubai International Cricket Stadium,Delhi Capitals,field,1626.5027,1543.2808,83.2218,0.6,0.2,0.4,0.8,0.5,0.3,0.5888,0.5714,0.0174,8.768,7.6921,1.0759,0.053244,7.4404,8.0483,0.6079,0.3,0.002208,0.75,0.25,0.5,0.25,0.5,-0.25,197,28,169,1
1237178,Royal Challengers Bangalore,Sunrisers Hyderabad,2020-11-06,Sheikh Zayed Stadium,Sunrisers Hyderabad,field,1483.2629,1545.3116,-62.0488,0.2,0.8,-0.6,0.4,0.6,-0.2,0.4734,0.5378,-0.0644,7.468,8.0992,-0.6313,-0.035063,7.4005,7.51,0.1095,-1.6,-0.012809,0.4667,0.5333,-0.0667,0.4,0.3333,0.0667,188,119,69,0
1237180,Delhi Capitals,Sunrisers Hyderabad,2020-11-08,Sheikh Zayed Stadium,Delhi Capitals,bat,1535.6314,1553.5445,-17.9131,0.2,0.8,-0.6,0.4,0.6,-0.2,0.5517,0.5417,0.0101,7.4344,7.9713,-0.5369,-0.01609,8.398,7.3804,-1.0176,-1.8,-0.014656,0.4,0.6,-0.2,0.25,0.5,-0.25,29,120,-91,1
1237181,Delhi Capitals,Mumbai Indians,2020-11-10,Dubai International Cricket Stadium,Delhi Capitals,bat,1546.1465,1634.1521,-88.0057,0.4,0.6,-0.2,0.4,0.8,-0.4,0.5667,0.5909,-0.0242,7.4708,8.8475,-1.3767,-0.0594,8.5757,7.4342,-1.1415,-0.9,-0.00695,0.2,0.8,-0.6,0.4286,0.4,0.0286,30,198,-168,0
1254058,Mumbai Indians,Royal Challengers Bangalore,2021-04-09,"MA Chidambaram Stadium, Chepauk, Chennai",Royal Challengers Bangalore,field,1641.672,1475.03,166.6419,0.8,0.0,0.8,0.8,0.4,0.4,0.593,0.4709,0.1221,8.6595,7.4507,1.2088,0.068772,7.3815,7.096,-0.2856,0.7,0.005263,0.6538,0.3462,0.3077,0.5,0.5,0.0,199,189,10,0
1254059,Chennai Super Kings,Delhi Capitals,2021-04-10,"Wankhede Stadium, Mumbai",Delhi Capitals,field,1561.1794,1538.6267,22.5527,0.6,0.4,0.2,0.5,0.4,0.1,0.5989,0.5484,0.0505,7.6404,7.4537,0.1868,0.011809,7.9422,8.6025,0.6603,0.0,0.000293,0.6,0.4,0.2,0.5,0.5,0.0,177,31,146,0
1254060,Kolkata Knight Riders,Sunrisers Hyderabad,2021-04-11,"MA Chidambaram Stadium, Chepauk, Chennai",Sunrisers Hyderabad,field,1525.7168,1543.0293,-17.3126,0.4,0.8,-0.4,0.4,0.6,-0.2,0.5213,0.5372,-0.0159,7.7171,7.9881,-0.2711,0.005593,8.1085,7.2736,-0.8349,-2.5,-0.019316,0.6111,0.3889,0.2222,0.5,0.5,0.0,188,121,67,1
1254061,Punjab Kings,Rajasthan Royals,2021-04-12,"Wankhede Stadium, Mumbai",Rajasthan Royals,field,1500.0,1501.3057,-1.3057,0.5,0.6,-0.1,0.5,0.4,0.1,0.5,0.5064,-0.0064,0.0,7.8602,-7.8602,-0.159225,0.0,8.3095,8.3095,-4.9,-0.039294,0.0,0.0,0.0,0.5,0.5,0.0,0,156,-156,1
1254062,Mumbai Indians,Kolkata Knight Riders,2021-04-13,"MA Chidambaram Stadium, Chepauk, Chennai",Kolkata Knight Riders,field,1627.2125,1536.2146,90.9978,0.6,0.6,0.0,0.7,0.5,0.2,0.59,0.5238,0.0662,8.4986,7.6302,0.8685,0.025155,7.4028,7.8247,0.422,1.3,0.00892,0.7778,0.2222,0.5556,0.0,1.0,-1.0,200,189,11,1
1254063,Royal Challengers Bangalore,Sunrisers Hyderabad,2021-04-14,"MA Chidambaram Stadium, Chepauk, Chennai",Sunrisers Hyderabad,field,1489.4895,1532.5315,-43.0419,0.2,0.6,-0.4,0.4,0.5,-0.1,0.4737,0.5328,-0.0591,7.4368,7.8661,-0.4293,-0.027917,7.2384,7.4241,0.1857,-1.1,-0.007525,0.4375,0.5625,-0.125,1.0,0.0,1.0,190,122,68,1
1254064,Delhi Capitals,Rajasthan Royals,2021-04-15,"Wankhede Stadium, Mumbai",Rajasthan Royals,field,1549.2749,1491.2681,58.0068,0.6,0.4,0.2,0.4,0.4,0.0,0.5625,0.5032,0.0593,7.67,8.1528,-0.4829,-0.016735,8.8125,8.451,-0.3615,-0.1,0.001299,1.0,0.0,1.0,1.0,0.0,1.0,32,157,-125,0
1254065,Punjab Kings,Chennai Super Kings,2021-04-16,"Wankhede Stadium, Mumbai",Chennai Super Kings,field,1510.0376,1550.5312,-40.4936,1.0,0.6,0.4,1.0,0.4,0.6,1.0,0.5955,0.4045,10.5238,7.6122,2.9116,0.094019,10.252,8.0513,-2.2007,2.0,0.012383,0.0,0.0,0.0,1.0,0.0,1.0,1,178,-177,0
1254066,Mumbai Indians,Sunrisers Hyderabad,2021-04-17,"MA Chidambaram Stadium, Chepauk, Chennai",Mumbai Indians,bat,1634.6516,1521.2989,113.3527,0.6,0.4,0.2,0.7,0.5,0.2,0.592,0.5285,0.0636,8.4152,7.7701,0.6451,0.033937,7.3224,7.3198,-0.0026,-0.7,-0.00503,0.4667,0.5333,-0.0667,0.5,0.0,0.5,201,123,78,1
1254067,Royal Challengers Bangalore,Kolkata Knight Riders,2021-04-18,"MA Chidambaram Stadium, Chepauk, Chennai",Royal Challengers Bangalore,bat,1500.7221,1528.7755,-28.0534,0.4,0.4,0.0,0.4,0.4,0.0,0.4764,0.5211,-0.0446,7.202,7.533,-0.331,-0.040701,7.3765,7.7923,0.4158,0.4,0.00246,0.4615,0.5385,-0.0769,1.0,0.5,0.5,191,190,1,1
1254068,Punjab Kings,Delhi Capitals,2021-04-18,"Wankhede Stadium, Mumbai",Delhi Capitals,field,1501.1978,1537.6207,-36.4228,0.5,0.4,0.1,0.5,0.3,0.2,0.5,0.5455,-0.0455,7.848,7.4705,0.3775,0.022,8.7175,8.7023,-0.0152,0.2,0.004374,0.0,0.0,0.0,0.5,0.5,0.0,2,33,-31,0
1254069,Chennai Super Kings,Rajasthan Royals,2021-04-19,"Wankhede Stadium, Mumbai",Rajasthan Royals,field,1559.3709,1502.9224,56.4486,0.8,0.6,0.2,0.5,0.5,0.0,0.5978,0.5063,0.0914,7.5264,8.2607,-0.7342,-0.025145,7.7517,8.2928,0.5411,-0.3,6.6e-05,0.6087,0.3913,0.2174,0.5,0.5,0.0,179,158,21,1
1254070,Mumbai Indians,Delhi Capitals,2021-04-20,"MA Chidambaram Stadium, Chepauk, Chennai",Mumbai Indians,bat,1641.5001,1546.5762,94.9239,0.8,0.6,0.2,0.7,0.4,0.3,0.5941,0.5588,0.0352,8.242,7.6881,0.5539,0.020854,7.2981,8.8298,1.5317,1.4,0.01047,0.8333,0.1667,0.6667,0.6667,0.5,0.1667,202,34,168,0
1254071,Punjab Kings,Sunrisers Hyderabad,2021-04-21,"MA Chidambaram Stadium, Chepauk, Chennai",Punjab Kings,bat,1492.2423,1514.4504,-22.2081,0.3333,0.2,0.1333,0.3333,0.5,-0.1667,0.3333,0.5242,-0.1909,8.4194,7.7587,0.6606,0.032692,9.2663,7.2194,-2.0468,-1.7,-0.009872,0.0,0.0,0.0,0.5,0.0,0.5,3,124,-121,0
1254072,Chennai Super Kings,Kolkata Knight Riders,2021-04-21,"Wankhede Stadium, Mumbai",Kolkata Knight Riders,field,1567.7604,1517.9698,49.7906,0.8,0.4,0.4,0.6,0.3,0.3,0.6,0.5183,0.0817,7.7824,7.5489,0.2336,-0.009616,7.6312,7.954,0.3227,0.4,0.003681,0.6364,0.3636,0.2727,0.6667,0.5,0.1667,180,191,-11,1
1254073,Rajasthan Royals,Royal Challengers Bangalore,2021-04-22,"Wankhede Stadium, Mumbai",Royal Challengers Bangalore,field,1494.5329,1511.5278,-16.9948,0.4,0.6,-0.2,0.4,0.5,-0.1,0.5031,0.4792,0.024,8.1062,7.347,0.7592,0.038568,8.3971,7.3395,-1.0576,-0.4,-0.005712,0.5,0.5,0.0,0.3333,0.5,-0.1667,159,192,-33,0
1254074,Mumbai Indians,Punjab Kings,2021-04-23,"MA Chidambaram Stadium, Chepauk, Chennai",Punjab Kings,field,1628.834,1482.8807,145.9533,0.6,0.25,0.35,0.6,0.25,0.35,0.5911,0.25,0.3411,8.0272,7.8293,0.1979,0.007512,7.4416,8.4978,1.0562,2.1,0.015296,0.0,0.0,0.0,0.5,0.0,0.5,203,4,199,0
1254075,Kolkata Knight Riders,Rajasthan Royals,2021-04-24,"Wankhede Stadium, Mumbai",Rajasthan Royals,field,1509.3931,1485.0217,24.3714,0.4,0.2,0.2,0.3,0.4,-0.1,0.5156,0.5,0.0156,7.9886,8.2233,-0.2347,0.005392,8.0595,8.6809,0.6214,0.1,0.002383,0.6,0.4,0.2,0.0,0.25,-0.25,192,160,32,0
1254076,Chennai Super Kings,Royal Challengers Bangalore,2021-04-25,"Wankhede Stadium, Mumbai",Chennai Super Kings,bat,1576.337,1521.039,55.298,0.8,0.8,0.0,0.6,0.5,0.1,0.6022,0.4819,0.1203,8.0017,7.5366,0.465,0.018137,7.9347,7.3457,-0.589,-0.8,-0.005828,0.64,0.36,0.28,0.75,1.0,-0.25,181,193,-12,1
1254078,Punjab Kings,Kolkata Knight Riders,2021-04-26,"Narendra Modi Stadium, Ahmedabad",Kolkata Knight Riders,field,1496.8507,1498.6928,-1.8421,0.4,0.2,0.2,0.4,0.3,0.1,0.4,0.513,-0.113,7.7143,7.9089,-0.1946,-0.018691,8.0625,7.8562,-0.2063,-0.8,-0.005284,0.0,0.0,0.0,0.5,0.5,0.0,5,193,-188,0
1254079,Royal Challengers Bangalore,Delhi Capitals,2021-04-27,"Narendra Modi Stadium, Ahmedabad",Delhi Capitals,field,1512.6173,1559.2423,-46.625,0.8,0.6,0.2,0.4,0.5,-0.1,0.4794,0.5714,-0.092,7.4658,7.7285,-0.2627,-0.014804,7.8605,8.5765,0.716,0.4,0.002811,0.0,1.0,-1.0,0.5,0.5,0.0,194,35,159,1
1254080,Sunrisers Hyderabad,Chennai Super Kings,2021-04-28,"Arun Jaitley Stadium, Delhi",Sunrisers Hyderabad,bat,1523.8121,1584.7587,-60.9466,0.2,0.8,-0.6,0.5,0.7,-0.2,0.528,0.6044,-0.0764,7.5674,8.0549,-0.4874,-0.021196,7.0714,7.5901,0.5186,1.2,0.00703,0.2857,0.7143,-0.4286,0.5,0.5,0.0,125,182,-57,0
1254081,Rajasthan Royals,Mumbai Indians,2021-04-29,"Arun Jaitley Stadium, Delhi",Mumbai Indians,field,1495.722,1614.8639,-119.1419,0.4,0.4,0.0,0.5,0.6,-0.1,0.5031,0.5882,-0.0851,8.07,7.7209,0.3491,0.016738,8.4828,7.165,-1.3178,-0.5,-0.004844,0.5,0.5,0.0,0.5,0.5,0.0,161,204,-43,0
1254082,Kolkata Knight Riders,Delhi Capitals,2021-04-29,"Narendra Modi Stadium, Ahmedabad",Delhi Capitals,field,1508.6398,1547.9083,-39.2685,0.2,0.6,-0.4,0.4,0.5,-0.1,0.5155,0.5556,-0.0401,8.2481,7.9026,0.3456,0.030044,7.7864,8.3458,0.5594,0.1,-0.001669,0.3333,0.6667,-0.3333,1.0,0.0,1.0,194,36,158,0
1254083,Punjab Kings,Royal Challengers Bangalore,2021-04-30,"Narendra Modi Stadium, Ahmedabad",Royal Challengers Bangalore,field,1486.9037,1523.9513,-37.0476,0.2,0.8,-0.6,0.3333,0.5,-0.1667,0.3333,0.4821,-0.1487,7.4132,7.6239,-0.2107,0.002701,7.9764,7.9016,-0.0748,-1.6,-0.010994,0.0,0.0,0.0,0.0,1.0,-1.0,6,195,-189,1
1254084,Chennai Super Kings,Mumbai Indians,2021-05-01,"Arun Jaitley Stadium, Delhi",Mumbai Indians,field,1593.0223,1621.5631,-28.5408,1.0,0.6,0.4,0.8,0.6,0.2,0.6066,0.5902,0.0163,8.3498,7.8046,0.5452,0.023981,7.6897,7.194,-0.4957,0.1,0.001454,0.4,0.6,-0.2,1.0,1.0,0.0,183,205,-22,0
1254085,Rajasthan Royals,Sunrisers Hyderabad,2021-05-02,"Arun Jaitley Stadium, Delhi",Sunrisers Hyderabad,field,1489.0228,1515.5485,-26.5257,0.4,0.2,0.2,0.4,0.5,-0.1,0.5,0.5238,-0.0238,8.1724,7.8376,0.3349,0.026773,8.7792,7.3661,-1.4131,-1.4,-0.011035,0.4615,0.5385,-0.0769,0.0,0.0,0.0,162,126,36,1
1254086,Punjab Kings,Delhi Capitals,2021-05-02,"Narendra Modi Stadium, Ahmedabad",Delhi Capitals,field,1497.966,1556.7828,-58.8168,0.4,0.6,-0.2,0.4286,0.6,-0.1714,0.4286,0.5676,-0.139,7.5953,8.2531,-0.6578,-0.017542,7.8473,8.3245,0.4772,-1.3,-0.008348,0.0,1.0,-1.0,0.5,0.5,0.0,7,37,-30,0
1254104,Chennai Super Kings,Mumbai Indians,2021-09-19,Dubai International Cricket Stadium,Chennai Super Kings,bat,1583.8419,1630.7435,-46.9016,0.8,0.6,0.2,0.8,0.6,0.2,0.6033,0.5922,0.011,8.8497,8.0762,0.7736,0.030577,7.8532,7.6951,-0.1581,1.2,0.008509,0.3871,0.6129,-0.2258,0.6667,0.5,0.1667,184,206,-22,1
1254087,Royal Challengers Bangalore,Kolkata Knight Riders,2021-09-20,"Zayed Cricket Stadium, Abu Dhabi",Royal Challengers Bangalore,bat,1512.889,1499.7653,13.1237,0.6,0.2,0.4,0.5,0.3,0.2,0.4796,0.5128,-0.0332,7.5368,8.0763,-0.5395,-0.039353,7.9468,8.0247,0.0779,0.8,0.007127,0.4815,0.5185,-0.037,0.5,0.5,0.0,196,195,1,0
1254111,Rajasthan Royals,Punjab Kings,2021-09-21,Dubai International Cricket Stadium,Punjab Kings,field,1499.7848,1489.6429,10.1419,0.4,0.4,0.0,0.5,0.375,0.125,0.5031,0.375,0.1281,8.4628,7.6667,0.7961,0.030048,8.73,8.0088,-0.7211,1.15,0.006431,0.0,1.0,-1.0,0.1429,0.5,-0.3571,163,8,155,1
1254105,Sunrisers Hyderabad,Delhi Capitals,2021-09-22,Dubai International Cricket Stadium,Sunrisers Hyderabad,bat,1504.7865,1565.106,-60.3194,0.2,0.8,-0.6,0.4,0.6,-0.2,0.5197,0.5789,-0.0593,7.5443,8.3747,-0.8304,-0.038819,7.7463,8.401,0.6547,-0.2,-0.002587,0.5,0.5,0.0,0.6,0.375,0.225,127,38,89,0
1254096,Mumbai Indians,Kolkata Knight Riders,2021-09-23,"Zayed Cricket Stadium, Abu Dhabi",Kolkata Knight Riders,field,1619.4017,1510.1428,109.2589,0.4,0.4,0.0,0.6,0.4,0.2,0.5894,0.5153,0.0741,7.9851,8.197,-0.2119,-0.026508,7.6065,7.7129,0.1063,-0.1,-0.001061,0.7857,0.2143,0.5714,0.5,1.0,-0.5,207,196,11,0
1254113,Royal Challengers Bangalore,Chennai Super Kings,2021-09-24,Sharjah Cricket Stadium,Chennai Super Kings,field,1502.5114,1595.1837,-92.6723,0.4,0.8,-0.4,0.5,0.8,-0.3,0.4772,0.6054,-0.1282,7.4359,8.7917,-1.3559,-0.049462,7.9779,7.8286,-0.1493,-1.0,-0.005735,0.3462,0.6538,-0.3077,0.4,0.25,0.15,197,185,12,0
1254097,Delhi Capitals,Rajasthan Royals,2021-09-25,"Zayed Cricket Stadium, Abu Dhabi",Rajasthan Royals,field,1573.3871,1509.493,63.8941,0.8,0.6,0.2,0.7,0.5,0.2,0.5897,0.5061,0.0836,8.4615,8.3542,0.1074,-0.002394,8.0396,8.6498,0.6102,0.8,0.007109,0.8,0.2,0.6,0.5,0.5,0.0,39,164,-125,1
1254107,Punjab Kings,Sunrisers Hyderabad,2021-09-25,Sharjah Cricket Stadium,Sunrisers Hyderabad,field,1479.9347,1496.5054,-16.5707,0.4,0.2,0.2,0.3333,0.3,0.0333,0.3333,0.5156,-0.1823,7.7727,7.3857,0.387,0.022138,8.1142,7.9228,-0.1915,-0.1667,0.001274,0.0,1.0,-1.0,0.5,0.4,0.1,9,128,-119,1
1254098,Kolkata Knight Riders,Chennai Super Kings,2021-09-26,"Zayed Cricket Stadium, Abu Dhabi",Kolkata Knight Riders,bat,1523.1878,1602.5779,-79.3901,0.6,0.8,-0.2,0.5,0.8,-0.3,0.5178,0.6075,-0.0898,8.3324,8.7746,-0.4422,-0.002591,7.581,7.7447,0.1637,-0.5,-0.003372,0.3478,0.6522,-0.3043,1.0,0.5,0.5,197,186,11,0
1254108,Royal Challengers Bangalore,Mumbai Indians,2021-09-26,Dubai International Cricket Stadium,Mumbai Indians,field,1495.1173,1606.3567,-111.2394,0.2,0.4,-0.2,0.5,0.5,0.0,0.4747,0.5865,-0.1118,7.4617,7.7178,-0.2561,-0.008557,8.0205,7.8977,-0.1228,0.2,0.002452,0.3704,0.6296,-0.2593,0.5,0.4286,0.0714,198,208,-10,1
1254100,Rajasthan Royals,Sunrisers Hyderabad,2021-09-27,Dubai International Cricket Stadium,Rajasthan Royals,bat,1501.3115,1486.0288,15.2827,0.6,0.2,0.4,0.4,0.2,0.2,0.503,0.5116,-0.0086,7.9279,7.1399,0.788,0.043782,8.5188,7.7852,-0.7336,0.6,0.004838,0.5,0.5,0.0,0.25,0.5455,-0.2955,165,129,36,0
1254092,Delhi Capitals,Kolkata Knight Riders,2021-09-28,Sharjah Cricket Stadium,Kolkata Knight Riders,field,1581.5685,1515.4339,66.1346,0.8,0.6,0.2,0.7,0.4,0.3,0.6,0.5152,0.0848,8.275,8.1959,0.0791,-0.007446,7.7871,7.7823,-0.0048,0.2,0.002069,0.75,0.25,0.5,1.0,0.25,0.75,40,198,-158,0
1254099,Punjab Kings,Mumbai Indians,2021-09-28,"Zayed Cricket Stadium, Abu Dhabi",Mumbai Indians,field,1490.4113,1593.2601,-102.8488,0.4,0.4,0.0,0.4,0.4,0.0,0.4,0.5837,-0.1837,7.6043,7.4791,0.1251,0.006307,7.8737,7.9164,0.0427,0.1,0.002427,1.0,0.0,1.0,0.5,0.0,0.5,10,209,-199,0
1254103,Rajasthan Royals,Royal Challengers Bangalore,2021-09-29,Dubai International Cricket Stadium,Royal Challengers Bangalore,field,1490.872,1508.2139,-17.3419,0.4,0.4,0.0,0.4,0.6,-0.2,0.5,0.4774,0.0226,8.0865,7.6108,0.4757,0.020427,8.4217,7.9742,-0.4474,-0.7,-0.008184,0.4762,0.5238,-0.0476,0.2222,0.5556,-0.3333,166,199,-33,0
1254091,Sunrisers Hyderabad,Chennai Super Kings,2021-09-30,Sharjah Cricket Stadium,Chennai Super Kings,field,1496.4684,1610.3318,-113.8634,0.2,0.8,-0.6,0.2,0.8,-0.6,0.5154,0.6096,-0.0942,7.3333,8.8133,-1.4799,-0.066067,7.9541,7.8005,-0.1536,-1.6,-0.012048,0.2667,0.7333,-0.4667,0.3333,0.4,-0.0667,130,187,-57,0
1254102,Kolkata Knight Riders,Punjab Kings,2021-10-01,Dubai International Cricket Stadium,Punjab Kings,field,1527.3147,1483.288,44.0267,0.6,0.4,0.2,0.4,0.3,0.1,0.5176,0.3636,0.154,7.9623,7.2,0.7623,0.038979,7.543,7.5301,-0.0129,1.4,0.008639,1.0,0.0,1.0,0.5,0.0,0.5,199,11,188,0
1254089,Chennai Super Kings,Rajasthan Royals,2021-10-02,"Zayed Cricket Stadium, Abu Dhabi",Rajasthan Royals,field,1617.1671,1481.3707,135.7964,0.8,0.4,0.4,0.9,0.4,0.5,0.6117,0.497,0.1147,8.5835,7.7846,0.799,0.029504,7.476,8.215,0.739,1.9,0.013341,0.625,0.375,0.25,1.0,0.0,1.0,188,167,21,0
1254112,Mumbai Indians,Delhi Capitals,2021-10-02,Sharjah Cricket Stadium,Delhi Capitals,field,1600.3834,1569.6876,30.6957,0.4,0.8,-0.4,0.5,0.7,-0.2,0.5857,0.5854,0.0003,7.4196,8.1195,-0.6998,-0.029647,7.8106,7.6472,-0.1634,-1.4,-0.010823,0.7143,0.2857,0.4286,0.5,0.75,-0.25,210,41,169,0
1254090,Royal Challengers Bangalore,Punjab Kings,2021-10-03,Sharjah Cricket Stadium,Royal Challengers Bangalore,bat,1517.7152,1494.5485,23.1667,0.4,0.4,0.0,0.6,0.4,0.2,0.48,0.4167,0.0633,7.6964,7.5234,0.173,0.017097,7.9295,7.6471,-0.2824,0.8,0.007282,0.0,1.0,-1.0,0.3333,1.0,-0.6667,200,12,188,1
1254109,Sunrisers Hyderabad,Kolkata Knight Riders,2021-10-03,Dubai International Cricket Stadium,Sunrisers Hyderabad,bat,1489.6332,1516.0543,-26.4211,0.2,0.6,-0.4,0.2,0.4,-0.2,0.5115,0.515,-0.0035,7.1484,8.0717,-0.9233,-0.054044,7.7333,7.6341,-0.0992,-0.8,-0.00642,0.3684,0.6316,-0.2632,0.5833,0.4,0.1833,131,200,-69,0
1254110,Chennai Super Kings,Delhi Capitals,2021-10-04,Dubai International Cricket Stadium,Delhi Capitals,field,1603.4461,1580.5688,22.8773,0.8,0.8,0.0,0.8,0.7,0.1,0.6085,0.5952,0.0132,8.7808,7.8026,0.9783,0.035002,7.9613,7.3372,-0.6241,0.0,-0.001023,0.5,0.5,0.0,0.7,0.4444,0.2556,189,42,147,0
1254093,Rajasthan Royals,Mumbai Indians,2021-10-05,Sharjah Cricket Stadium,Mumbai Indians,field,1495.0916,1589.5022,-94.4105,0.4,0.2,0.2,0.4,0.4,0.0,0.5,0.5829,-0.0829,8.0291,7.2878,0.7413,0.030167,8.418,7.7798,-0.6382,-0.2,-0.002058,0.4783,0.5217,-0.0435,0.5,0.4,0.1,168,211,-43,0
1254095,Sunrisers Hyderabad,Royal Challengers Bangalore,2021-10-06,"Zayed Cricket Stadium, Abu Dhabi",Royal Challengers Bangalore,field,1480.3922,1527.0494,-46.6572,0.2,0.6,-0.4,0.2,0.6,-0.4,0.5076,0.4826,0.025,6.869,7.7845,-0.9155,-0.042354,7.4158,8.0069,0.591,-0.9,-0.009512,0.5294,0.4706,0.0588,0.5,0.0,0.5,132,201,-69,1
1254094,Chennai Super Kings,Punjab Kings,2021-10-07,Dubai International Cricket Stadium,Punjab Kings,field,1592.7886,1485.2143,107.5743,0.6,0.4,0.2,0.7,0.4,0.3,0.6053,0.3846,0.2206,8.5484,7.317,1.2315,0.052855,7.9741,7.41,-0.5641,0.7,0.003646,1.0,0.0,1.0,0.6364,0.5,0.1364,190,13,177,0
1254106,Kolkata Knight Riders,Rajasthan Royals,2021-10-07,Sharjah Cricket Stadium,Rajasthan Royals,field,1525.2953,1487.744,37.5512,0.6,0.2,0.4,0.5,0.4,0.1,0.5174,0.497,0.0204,7.8399,7.8098,0.0302,0.008988,7.2376,8.4853,1.2477,2.3,0.016297,0.5714,0.4286,0.1429,0.4,0.4,0.0,201,169,32,1
1254088,Mumbai Indians,Sunrisers Hyderabad,2021-10-08,"Zayed Cricket Stadium, Abu Dhabi",Mumbai Indians,bat,1596.8498,1491.7271,105.1227,0.4,0.4,0.0,0.4,0.3,0.1,0.5849,0.5113,0.0736,7.4528,6.8704,0.5824,0.025938,7.5239,7.3869,-0.137,0.1,0.001315,0.5,0.5,0.0,0.5,1.0,-0.5,212,133,79,1
1254101,Delhi Capitals,Royal Challengers Bangalore,2021-10-08,Dubai International Cricket Stadium,Royal Challengers Bangalore,field,1591.2264,1515.7145,75.5119,0.8,0.6,0.2,0.8,0.5,0.3,0.6047,0.4802,0.1245,7.7617,7.4861,0.2756,0.004565,7.2265,7.8711,0.6446,0.6,0.002461,0.8,0.2,0.6,0.5,0.6,-0.1,43,202,-159,0
1254114,Delhi Capitals,Chennai Super Kings,2021-10-10,Dubai International Cricket Stadium,Chennai Super Kings,field,1579.0865,1579.7877,-0.7011,0.6,0.4,0.2,0.7,0.6,0.1,0.5909,0.6021,-0.0112,7.5177,8.1418,-0.6241,-0.026995,7.0669,7.9246,0.8577,0.5,0.002789,0.5714,0.4286,0.1429,0.4545,0.5833,-0.1288,44,191,-147,0
1254115,Royal Challengers Bangalore,Kolkata Knight Riders,2021-10-11,Sharjah Cricket Stadium,Royal Challengers Bangalore,bat,1527.8543,1534.2187,-6.3644,0.8,0.6,0.2,0.5,0.6,-0.1,0.4828,0.5198,-0.037,7.2642,7.6452,-0.381,-0.021227,7.8176,6.7475,-1.0701,-1.7,-0.013685,0.4643,0.5357,-0.0714,0.4286,0.5,-0.0714,203,202,1,0
1254116,Delhi Capitals,Kolkata Knight Riders,2021-10-13,Sharjah Cricket Stadium,Kolkata Knight Riders,field,1569.1067,1544.0355,25.0712,0.4,0.8,-0.4,0.6,0.7,-0.1,0.5778,0.5222,0.0556,7.6574,7.712,-0.0545,-0.011541,7.2372,6.7336,-0.5036,-1.4,-0.013523,0.6,0.4,0.2,0.8,0.5714,0.2286,45,203,-158,0
1254117,Chennai Super Kings,Kolkata Knight Riders,2021-10-15,Dubai International Cricket Stadium,Kolkata Knight Riders,field,1589.7675,1554.7559,35.0116,0.4,0.8,-0.4,0.6,0.7,-0.1,0.6042,0.5245,0.0797,8.0801,7.6085,0.4717,0.018591,8.169,6.7943,-1.3748,-1.6,-0.01384,0.6667,0.3333,0.3333,0.6154,0.5,0.1154,192,204,-12,1
1304047,Chennai Super Kings,Kolkata Knight Riders,2022-03-26,"Wankhede Stadium, Mumbai",Kolkata Knight Riders,field,1598.7632,1545.7602,53.003,0.4,0.8,-0.4,0.6,0.7,-0.1,0.6062,0.522,0.0843,8.1071,7.613,0.4941,0.012404,8.1185,6.8607,-1.2578,-1.0,-0.007954,0.68,0.32,0.36,0.8,0.0,0.8,193,205,-12,0
1304048,Mumbai Indians,Delhi Capitals,2022-03-27,"Brabourne Stadium, Mumbai",Delhi Capitals,field,1603.9132,1558.3864,45.5268,0.6,0.4,0.2,0.5,0.6,-0.1,0.5869,0.5652,0.0216,7.9321,7.4686,0.4635,0.021929,7.7809,7.0545,-0.7264,-0.9,-0.006111,0.625,0.375,0.25,1.0,0.5,0.5,213,46,167,0
1304049,Royal Challengers Bangalore,Punjab Kings,2022-03-27,"Dr DY Patil Sports Academy, Mumbai",Punjab Kings,field,1518.0375,1498.2152,19.8222,0.6,0.6,0.0,0.5,0.5,0.0,0.4804,0.4286,0.0518,7.3372,7.6419,-0.3047,-0.006223,7.5751,7.407,-0.1681,-0.6,-0.003541,0.5,0.5,0.0,0.5,0.5,0.0,204,14,190,0
1304050,Lucknow Super Giants,Gujarat Titans,2022-03-28,"Wankhede Stadium, Mumbai",Gujarat Titans,field,1500.0,1500.0,0.0,0.5,0.5,0.0,0.5,0.5,0.0,0.5,0.5,0.0,0.0,0.0,0.0,0.0,0.0,0.0,0.0,0.0,0.0,0.0,0.0,0.0,0.5,0.5,0.0,0,0,0,0
1304051,Rajasthan Royals,Sunrisers Hyderabad,2022-03-29,"Maharashtra Cricket Association Stadium, Pune",Sunrisers Hyderabad,field,1478.8207,1484.6637,-5.843,0.2,0.4,-0.2,0.4,0.3,0.1,0.4941,0.5075,-0.0133,7.5513,7.121,0.4303,0.029172,8.2415,7.8094,-0.4321,-0.7,-0.003945,0.4667,0.5333,-0.0667,0.5,0.5,0.0,170,134,36,1
1304052,Kolkata Knight Riders,Royal Challengers Bangalore,2022-03-30,"Dr DY Patil Sports Academy, Mumbai",Royal Challengers Bangalore,field,1557.274,1507.4675,49.8064,0.8,0.4,0.4,0.7,0.4,0.3,0.5243,0.478,0.0462,7.5152,7.4742,0.041,0.005551,7.0082,7.7453,0.737,0.8,0.004452,0.5517,0.4483,0.1034,0.5,0.0,0.5,206,205,1,0
1304053,Chennai Super Kings,Lucknow Super Giants,2022-03-31,"Brabourne Stadium, Mumbai",Lucknow Super Giants,field,1587.2493,1490.0,97.2493,0.4,0.0,0.4,0.6,0.0,0.6,0.6031,0.0,0.6031,7.6962,7.6452,0.051,-0.026323,7.7985,7.9835,0.185,0.9,0.008635,0.0,0.0,0.0,0.0,0.5,-0.5,194,1,193,0
1304054,Punjab Kings,Kolkata Knight Riders,2022-04-01,"Wankhede Stadium, Mumbai",Kolkata Knight Riders,field,1508.7851,1545.8502,-37.0651,0.6,0.6,0.0,0.5,0.6,-0.1,0.4667,0.5217,-0.0551,7.92,7.2248,0.6952,0.007824,7.7465,6.9345,-0.8119,-0.8,-0.006302,0.5,0.5,0.0,0.3333,0.3333,0.0,15,207,-192,0
1304055,Rajasthan Royals,Mumbai Indians,2022-04-02,"Dr DY Patil Sports Academy, Mumbai",Mumbai Indians,field,1488.9888,1592.6103,-103.6215,0.4,0.6,-0.2,0.4,0.5,-0.1,0.4971,0.5841,-0.087,7.866,8.1723,-0.3063,-0.008595,8.3322,7.9701,-0.3621,-1.5,-0.010783,0.4583,0.5417,-0.0833,0.5,0.5,0.0,171,214,-43,1
1304056,Gujarat Titans,Delhi Capitals,2022-04-02,"Maharashtra Cricket Association Stadium, Pune",Delhi Capitals,field,1510.0,1569.6893,-59.6893,1.0,0.4,0.6,1.0,0.6,0.4,1.0,0.5745,0.4255,7.9835,7.5025,0.481,0.049121,7.6452,7.161,-0.4842,-0.2,-0.002019,0.0,0.0,0.0,0.5,0.5,0.0,1,47,-46,1
1304057,Punjab Kings,Chennai Super Kings,2022-04-03,"Brabourne Stadium, Mumbai",Chennai Super Kings,field,1499.8479,1574.5212,-74.6732,0.6,0.4,0.2,0.5,0.5,0.0,0.4375,0.6,-0.1625,8.0302,7.9723,0.0578,-0.010305,7.8807,8.145,0.2644,0.3,0.002365,0.5,0.5,0.0,0.5,0.0,0.5,16,195,-179,1
1304058,Lucknow Super Giants,Sunrisers Hyderabad,2022-04-04,"Dr DY Patil Sports Academy, Mumbai",Sunrisers Hyderabad,field,1502.7282,1474.4955,28.2327,0.5,0.2,0.3,0.5,0.2,0.3,0.5,0.5037,-0.0037,8.751,7.2048,1.5461,0.064644,9.123,8.189,-0.934,1.1,0.008917,0.0,0.0,0.0,0.5,0.5,0.0,2,135,-133,1
1304059,Rajasthan Royals,Royal Challengers Bangalore,2022-04-05,"Wankhede Stadium, Mumbai",Royal Challengers Bangalore,field,1501.8859,1518.8913,-17.0055,0.6,0.4,0.2,0.5,0.5,0.0,0.5,0.4806,0.0194,7.962,7.4164,0.5456,0.030763,8.2005,7.5403,-0.6602,-1.4,-0.012652,0.4545,0.5455,-0.0909,0.4,0.5,-0.1,172,206,-34,0
1304060,Mumbai Indians,Kolkata Knight Riders,2022-04-06,"Maharashtra Cricket Association Stadium, Pune",Kolkata Knight Riders,field,1579.7132,1554.7874,24.9258,0.4,0.6,-0.2,0.4,0.7,-0.3,0.5814,0.524,0.0574,8.0429,7.2806,0.7623,0.030377,8.0664,6.7887,-1.2777,-0.6,-0.005122,0.7586,0.2414,0.5172,0.5,0.5,0.0,215,208,7,0
1304061,Delhi Capitals,Lucknow Super Giants,2022-04-07,"Dr DY Patil Sports Academy, Mumbai",Lucknow Super Giants,field,1557.988,1511.9174,46.0706,0.2,0.6667,-0.4667,0.5,0.6667,-0.1667,0.5625,0.6667,-0.1042,7.3672,8.631,-1.2638,-0.044328,7.1737,8.5622,1.3885,-0.8,-0.006432,0.0,0.0,0.0,0.5,1.0,-0.5,48,3,45,0
1304062,Punjab Kings,Gujarat Titans,2022-04-08,"Brabourne Stadium, Mumbai",Gujarat Titans,field,1511.9647,1521.7013,-9.7366,0.6,1.0,-0.4,0.5,1.0,-0.5,0.4706,1.0,-0.5294,7.9751,8.1306,-0.1555,-0.020971,7.8508,7.6518,-0.199,-1.5,-0.009881,0.0,0.0,0.0,1.0,0.5,0.5,17,2,15,0
1304063,Chennai Super Kings,Sunrisers Hyderabad,2022-04-09,"Dr DY Patil Sports Academy, Mumbai",Sunrisers Hyderabad,field,1562.4044,1465.3063,97.0981,0.4,0.2,0.2,0.4,0.2,0.2,0.5969,0.5,0.0969,7.8274,7.1371,0.6903,0.03219,8.1905,8.1225,-0.0679,0.4,0.004318,0.75,0.25,0.5,0.5,0.0,0.5,196,136,60,0
1304064,Mumbai Indians,Royal Challengers Bangalore,2022-04-09,"Maharashtra Cricket Association Stadium, Pune",Royal Challengers Bangalore,field,1568.997,1528.4023,40.5947,0.4,0.6,-0.2,0.3,0.6,-0.3,0.5787,0.4831,0.0956,7.7912,7.7892,0.002,0.012019,7.9932,7.5383,-0.4549,-0.1,0.000928,0.6071,0.3929,0.2143,0.0,0.5,-0.5,216,207,9,0
1304065,Delhi Capitals,Kolkata Knight Riders,2022-04-10,"Brabourne Stadium, Mumbai",Kolkata Knight Riders,field,1546.6697,1565.5036,-18.8339,0.2,0.6,-0.4,0.4,0.7,-0.3,0.551,0.5263,0.0247,7.3382,7.5466,-0.2084,-0.012227,7.2997,6.9758,-0.3239,-0.7,-0.006961,0.5,0.5,0.0,1.0,0.5,0.5,49,209,-160,1
1304066,Rajasthan Royals,Lucknow Super Giants,2022-04-10,"Wankhede Stadium, Mumbai",Lucknow Super Giants,field,1492.375,1523.2357,-30.8607,0.4,0.75,-0.35,0.4,0.75,-0.35,0.4971,0.75,-0.2529,7.7285,8.3831,-0.6546,-0.010775,8.2771,8.2227,-0.0544,-1.3,-0.008135,0.0,0.0,0.0,0.3333,0.0,0.3333,173,4,169,1
1304067,Gujarat Titans,Sunrisers Hyderabad,2022-04-11,"Dr DY Patil Sports Academy, Mumbai",Sunrisers Hyderabad,field,1531.4211,1478.0305,53.3906,1.0,0.4,0.6,1.0,0.3,0.7,1.0,0.5036,0.4964,8.4878,7.1872,1.3006,0.055909,8.173,7.8182,-0.3548,2.3,0.018182,0.0,0.0,0.0,0.5,0.5,0.0,3,137,-134,0
1304068,Chennai Super Kings,Royal Challengers Bangalore,2022-04-12,"Dr DY Patil Sports Academy, Mumbai",Royal Challengers Bangalore,field,1549.6802,1539.5654,10.1148,0.2,0.6,-0.4,0.3,0.7,-0.4,0.5939,0.4856,0.1083,7.7268,7.8207,-0.0939,0.002315,8.2202,7.4534,-0.7668,-1.4,-0.009951,0.6667,0.3333,0.3333,0.0,0.5,-0.5,197,208,-11,1
1304069,Punjab Kings,Mumbai Indians,2022-04-13,"Maharashtra Cricket Association Stadium, Pune",Mumbai Indians,field,1502.2449,1557.8339,-55.589,0.6,0.2,0.4,0.5,0.3,0.2,0.4444,0.576,-0.1316,8.0831,7.8825,0.2006,-0.012461,7.8678,8.0482,0.1804,0.1,-0.000545,0.5,0.5,0.0,0.5,0.0,0.5,18,217,-199,1
1304070,Gujarat Titans,Rajasthan Royals,2022-04-14,"Dr DY Patil Sports Academy, Mumbai",Rajasthan Royals,field,1519.8964,1503.2609,16.6355,0.75,0.6,0.15,0.75,0.4,0.35,0.75,0.5,0.25,8.2575,7.6228,0.6347,0.017538,8.2623,8.1969,-0.0654,1.65,0.011286,0.0,0.0,0.0,0.0,1.0,-1.0,4,174,-170,1
1304071,Kolkata Knight Riders,Sunrisers Hyderabad,2022-04-15,"Brabourne Stadium, Mumbai",Sunrisers Hyderabad,field,1554.962,1489.5552,65.4068,0.6,0.4,0.2,0.7,0.4,0.3,0.5238,0.5072,0.0166,7.5972,7.4025,0.1948,0.020554,7.187,7.8223,0.6353,0.2,0.00312,0.65,0.35,0.3,0.0,0.5,-0.5,210,138,72,0
1304072,Lucknow Super Giants,Mumbai Indians,2022-04-16,"Brabourne Stadium, Mumbai",Mumbai Indians,field,1512.3498,1546.2474,-33.8977,0.6,0.0,0.6,0.6,0.3,0.3,0.6,0.5734,0.0266,8.2742,8.0641,0.2101,-0.010768,8.1484,8.015,-0.1333,-0.2,-0.003409,0.0,0.0,0.0,1.0,0.5,0.5,5,218,-213,1
1304073,Royal Challengers Bangalore,Delhi Capitals,2022-04-16,"Wankhede Stadium, Mumbai",Delhi Capitals,field,1529.8565,1557.2112,-27.3548,0.6,0.4,0.2,0.6,0.4,0.2,0.4833,0.56,-0.0767,7.9458,7.6412,0.3046,0.003396,7.885,7.5686,-0.3164,0.0,-0.000444,0.3333,0.6667,-0.3333,0.6667,0.6667,0.0,209,50,159,1
1304074,Punjab Kings,Sunrisers Hyderabad,2022-04-17,"Dr DY Patil Sports Academy, Mumbai",Sunrisers Hyderabad,field,1513.8313,1501.4158,12.4155,0.6,0.6,0.0,0.6,0.5,0.1,0.4737,0.5108,-0.0371,8.1646,7.7556,0.409,0.010806,7.8728,8.0646,0.1918,-0.3,-0.000679,0.5,0.5,0.0,1.0,0.6667,0.3333,19,139,-120,0
1304075,Chennai Super Kings,Gujarat Titans,2022-04-17,"Maharashtra Cricket Association Stadium, Pune",Gujarat Titans,field,1559.3892,1529.418,29.9712,0.2,0.8,-0.6,0.3,0.8,-0.5,0.596,0.8,-0.204,8.0631,8.4638,-0.4007,-0.020137,8.4911,8.1344,-0.3567,-1.7,-0.012603,0.0,0.0,0.0,0.5,1.0,-0.5,198,5,193,0
1304076,Rajasthan Royals,Kolkata Knight Riders,2022-04-18,"Brabourne Stadium, Mumbai",Kolkata Knight Riders,field,1493.7393,1543.1014,-49.3621,0.6,0.4,0.2,0.4,0.6,-0.2,0.4971,0.5213,-0.0242,7.8109,7.8672,-0.0563,0.003005,8.4083,7.5541,-0.8542,-1.0,-0.007068,0.4091,0.5909,-0.1818,0.5,0.0,0.5,175,211,-36,1
1304077,Royal Challengers Bangalore,Lucknow Super Giants,2022-04-19,"Dr DY Patil Sports Academy, Mumbai",Lucknow Super Giants,field,1540.6422,1523.3223,17.3198,0.8,0.8,0.0,0.6,0.6667,-0.0667,0.4857,0.6667,-0.181,7.9984,8.5,-0.5016,-0.018163,7.9951,8.2389,0.2438,-0.6,-0.004614,0.0,0.0,0.0,0.3333,1.0,-0.6667,210,6,204,1
1304078,Punjab Kings,Delhi Capitals,2022-04-20,"Brabourne Stadium, Mumbai",Delhi Capitals,field,1503.4741,1546.4255,-42.9514,0.4,0.4,0.0,0.5,0.4,0.1,0.45,0.549,-0.099,8.2736,7.8653,0.4084,0.009217,8.0808,7.7753,-0.3055,-0.3,-0.000558,0.0,1.0,-1.0,0.5,1.0,-0.5,20,51,-31,0
1304079,Mumbai Indians,Chennai Super Kings,2022-04-21,"Dr DY Patil Sports Academy, Mumbai",Chennai Super Kings,field,1535.2749,1548.5287,-13.2538,0.0,0.2,-0.2,0.3,0.3,0.0,0.5708,0.593,-0.0222,8.3485,7.966,0.3825,0.024454,8.206,8.3197,0.1136,0.1,0.000879,0.5938,0.4062,0.1875,0.0,0.5,-0.5,219,199,20,0
1304080,Rajasthan Royals,Delhi Capitals,2022-04-22,"Wankhede Stadium, Mumbai",Delhi Capitals,field,1505.1506,1555.1955,-50.045,0.6,0.4,0.2,0.5,0.4,0.1,0.5,0.5577,-0.0577,8.0479,8.132,-0.084,0.000178,8.5428,7.7386,-0.8042,-0.5,-0.001568,0.1667,0.8333,-0.6667,0.4286,0.5,-0.0714,176,52,124,1
1304081,Gujarat Titans,Kolkata Knight Riders,2022-04-23,"Dr DY Patil Sports Academy, Mumbai",Gujarat Titans,bat,1540.2785,1531.6901,8.5883,0.8,0.4,0.4,0.8333,0.5,0.3333,0.8333,0.5189,0.3145,8.4582,8.0412,0.417,0.016622,8.1306,8.0164,-0.1143,1.4333,0.011629,0.0,0.0,0.0,0.5,0.0,0.5,6,212,-206,1
1304082,Royal Challengers Bangalore,Sunrisers Hyderabad,2022-04-23,"Brabourne Stadium, Mumbai",Sunrisers Hyderabad,field,1550.1441,1511.773,38.371,0.8,0.8,0.0,0.6,0.5,0.1,0.4882,0.5143,-0.0261,8.0678,7.7,0.3678,0.013973,8.0129,7.9823,-0.0307,-0.7,-0.005482,0.4444,0.5556,-0.1111,0.5,1.0,-0.5,211,140,71,0
1304083,Lucknow Super Giants,Mumbai Indians,2022-04-24,"Wankhede Stadium, Mumbai",Mumbai Indians,field,1513.8204,1525.6561,-11.8357,0.6,0.0,0.6,0.5714,0.2,0.3714,0.5714,0.5682,0.0032,8.3835,8.3908,-0.0073,-0.011495,8.2844,8.2838,-0.0006,0.3286,0.000687,1.0,0.0,1.0,0.0,0.5,-0.5,7,220,-213,1
1304084,Punjab Kings,Chennai Super Kings,2022-04-25,"Wankhede Stadium, Mumbai",Chennai Super Kings,field,1494.7041,1558.1474,-63.4433,0.4,0.4,0.0,0.5,0.4,0.1,0.4286,0.595,-0.1664,8.1877,8.0566,0.1311,0.003756,8.319,8.407,0.088,-0.6,-0.002963,0.6667,0.3333,0.3333,0.25,0.6667,-0.4167,21,200,-179,1
1304085,Rajasthan Royals,Royal Challengers Bangalore,2022-04-26,"Maharashtra Cricket Association Stadium, Pune",Royal Challengers Bangalore,field,1516.5811,1539.0441,-22.463,0.6,0.6,0.0,0.6,0.6,0.0,0.5028,0.4858,0.017,8.403,7.8412,0.5617,0.031951,8.6644,8.1738,-0.4906,0.6,0.003971,0.4348,0.5652,-0.1304,1.0,1.0,0.0,177,212,-35,1
1304086,Sunrisers Hyderabad,Gujarat Titans,2022-04-27,"Wankhede Stadium, Mumbai",Gujarat Titans,field,1522.873,1550.0313,-27.1584,1.0,0.8,0.2,0.6,0.8571,-0.2571,0.5177,0.8571,-0.3394,7.8897,8.2992,-0.4095,-0.017179,7.7388,7.9721,0.2333,0.4,0.003498,1.0,0.0,1.0,0.5,1.0,-0.5,141,7,134,0
1304087,Kolkata Knight Riders,Delhi Capitals,2022-04-28,"Wankhede Stadium, Mumbai",Delhi Capitals,field,1521.9373,1543.765,-21.8277,0.2,0.4,-0.2,0.4,0.3,0.1,0.5164,0.5472,-0.0307,8.053,8.4486,-0.3955,-0.00934,8.098,8.1707,0.0727,-0.2,-0.001403,0.4286,0.5714,-0.1429,0.5,0.4,0.1,213,53,160,0
1304088,Lucknow Super Giants,Punjab Kings,2022-04-29,"Maharashtra Cricket Association Stadium, Pune",Punjab Kings,field,1524.1609,1506.5101,17.6508,0.6,0.4,0.2,0.625,0.5,0.125,0.625,0.4545,0.1705,8.3434,8.2007,0.1427,-7e-06,8.016,8.3622,0.3462,1.425,0.007506,0.0,0.0,0.0,0.5,1.0,-0.5,8,22,-14,1
1304089,Royal Challengers Bangalore,Gujarat Titans,2022-04-30,"Brabourne Stadium, Mumbai",Royal Challengers Bangalore,bat,1528.3985,1559.2512,-30.8527,0.4,0.8,-0.4,0.5,0.875,-0.375,0.4836,0.875,-0.3914,7.6033,8.4567,-0.8535,-0.029074,8.0915,8.1398,0.0484,-1.075,-0.005681,0.0,0.0,0.0,0.0,1.0,-1.0,213,8,205,0
1304090,Rajasthan Royals,Mumbai Indians,2022-04-30,"Dr DY Patil Sports Academy, Mumbai",Mumbai Indians,field,1527.2268,1515.3156,11.9111,0.8,0.0,0.8,0.6,0.2,0.4,0.5056,0.5656,-0.06,8.0948,8.3918,-0.297,-0.008189,8.305,8.4219,0.117,0.6,0.00578,0.48,0.52,-0.04,0.5,0.0,0.5,178,221,-43,0
1304091,Lucknow Super Giants,Delhi Capitals,2022-05-01,"Wankhede Stadium, Mumbai",Lucknow Super Giants,bat,1533.6533,1553.1376,-19.4842,0.6,0.6,0.0,0.6667,0.4,0.2667,0.6667,0.5556,0.1111,8.2393,8.4418,-0.2025,-0.01566,7.8069,8.0797,0.2728,0.3778,0.001955,1.0,0.0,1.0,0.3333,0.5,-0.1667,9,54,-45,1
1304092,Chennai Super Kings,Sunrisers Hyderabad,2022-05-01,"Maharashtra Cricket Association Stadium, Pune",Sunrisers Hyderabad,field,1546.3414,1513.6531,32.6883,0.4,0.8,-0.4,0.4,0.6,-0.2,0.592,0.5141,0.078,8.267,8.2799,-0.0129,0.008315,8.3006,8.0976,-0.2031,-1.6,-0.013548,0.7059,0.2941,0.4118,0.0,0.0,0.0,201,142,59,1
1304093,Rajasthan Royals,Kolkata Knight Riders,2022-05-02,"Wankhede Stadium, Mumbai",Kolkata Knight Riders,field,1516.8841,1512.5647,4.3193,0.6,0.0,0.6,0.6,0.3,0.3,0.5028,0.514,-0.0112,8.401,8.1044,0.2966,0.008866,8.1818,8.2186,0.0368,1.3,0.008985,0.4348,0.5652,-0.1304,0.5,0.4,0.1,179,214,-35,0
1304094,Gujarat Titans,Punjab Kings,2022-05-03,"Dr DY Patil Sports Academy, Mumbai",Gujarat Titans,bat,1568.3655,1497.0177,71.3478,1.0,0.4,0.6,0.8889,0.5,0.3889,0.8889,0.4348,0.4541,8.4677,8.0574,0.4103,0.006939,8.1641,8.3117,0.1476,1.4778,0.008595,1.0,0.0,1.0,0.6667,0.5,0.1667,9,23,-14,0
1304095,Royal Challengers Bangalore,Chennai Super Kings,2022-05-04,"Maharashtra Cricket Association Stadium, Pune",Chennai Super Kings,field,1519.2842,1555.4033,-36.1191,0.4,0.6,-0.2,0.5,0.4,0.1,0.4813,0.5941,-0.1128,7.7862,8.3942,-0.608,-0.017373,8.2655,8.4029,0.1374,-0.4,-7.2e-05,0.3214,0.6786,-0.3571,0.5,0.5,0.0,214,202,12,1
1304096,Delhi Capitals,Sunrisers Hyderabad,2022-05-05,"Brabourne Stadium, Mumbai",Sunrisers Hyderabad,field,1542.5774,1504.5911,37.9862,0.4,0.6,-0.2,0.4,0.5,-0.1,0.5455,0.5105,0.035,8.5503,8.5426,0.0077,0.017146,8.1145,8.4078,0.2933,-1.0,-0.008483,0.5714,0.4286,0.1429,1.0,1.0,0.0,55,143,-88,1
1304097,Mumbai Indians,Gujarat Titans,2022-05-06,"Brabourne Stadium, Mumbai",Gujarat Titans,field,1525.6583,1556.3404,-30.6821,0.2,0.8,-0.6,0.2,0.8,-0.6,0.5676,0.8,-0.2324,8.2627,8.2795,-0.0168,0.006998,8.7318,8.2084,-0.5234,-0.5,-0.004096,0.0,0.0,0.0,0.3333,1.0,-0.6667,222,10,212,1
1304098,Punjab Kings,Rajasthan Royals,2022-05-07,"Wankhede Stadium, Mumbai",Punjab Kings,bat,1509.0429,1506.7597,2.2831,0.4,0.6,-0.2,0.5,0.6,-0.1,0.4583,0.5,-0.0417,7.9757,8.5203,-0.5446,-0.013854,8.3444,8.1391,-0.2053,-1.4,-0.007079,0.5,0.5,0.0,0.4,0.4444,-0.0444,24,180,-156,0
1304099,Lucknow Super Giants,Kolkata Knight Riders,2022-05-07,"Maharashtra Cricket Association Stadium, Pune",Kolkata Knight Riders,field,1544.2136,1522.689,21.5245,0.8,0.2,0.6,0.7,0.4,0.3,0.7,0.5163,0.1837,8.3051,8.1031,0.202,-0.005808,7.9457,8.0016,0.056,0.9,0.005952,0.0,0.0,0.0,1.0,1.0,0.0,10,215,-205,1
1304100,Royal Challengers Bangalore,Sunrisers Hyderabad,2022-05-08,"Wankhede Stadium, Mumbai",Royal Challengers Bangalore,bat,1530.32,1495.6801,34.6399,0.4,0.4,0.0,0.6,0.5,0.1,0.4837,0.5069,-0.0232,7.6283,8.4903,-0.862,-0.016316,8.0589,8.2579,0.199,-0.6,-0.00159,0.4211,0.5789,-0.1579,0.75,0.0,0.75,215,144,71,1
1304101,Chennai Super Kings,Delhi Capitals,2022-05-08,"Dr DY Patil Sports Academy, Mumbai",Delhi Capitals,field,1544.3674,1551.4884,-7.121,0.4,0.6,-0.2,0.3,0.5,-0.2,0.5911,0.5536,0.0376,8.2658,8.8955,-0.6297,-0.028018,8.4552,8.343,-0.1122,-0.3,-0.0023,0.5,0.5,0.0,0.6667,0.0,0.6667,203,56,147,1
1304102,Kolkata Knight Riders,Mumbai Indians,2022-05-09,"Dr DY Patil Sports Academy, Mumbai",Mumbai Indians,field,1513.3078,1536.5391,-23.2314,0.2,0.4,-0.2,0.3,0.2,0.1,0.5139,0.5695,-0.0556,8.0911,7.9823,0.1088,0.010818,8.25,8.649,0.399,0.6,0.004521,0.2667,0.7333,-0.4667,0.0,0.3333,-0.3333,216,223,-7,1
1304103,Gujarat Titans,Lucknow Super Giants,2022-05-10,"Maharashtra Cricket Association Stadium, Pune",Gujarat Titans,bat,1545.4596,1553.5948,-8.1353,0.6,0.8,-0.2,0.7,0.8,-0.1,0.7273,0.7273,0.0,8.3325,8.4048,-0.0723,0.004688,8.2959,7.859,-0.4369,-1.0,-0.00777,1.0,0.0,1.0,1.0,1.0,0.0,11,11,0,1
1304104,Rajasthan Royals,Delhi Capitals,2022-05-11,"Dr DY Patil Sports Academy, Mumbai",Delhi Capitals,field,1516.8255,1541.2835,-24.458,0.6,0.4,0.2,0.6,0.4,0.2,0.5028,0.5439,-0.0411,8.4652,8.6455,-0.1803,-0.013122,8.2912,8.4317,0.1405,0.4,0.002942,0.2857,0.7143,-0.4286,0.3333,0.0,0.3333,181,57,124,0
1304105,Chennai Super Kings,Mumbai Indians,2022-05-12,"Wankhede Stadium, Mumbai",Mumbai Indians,field,1554.5724,1525.8715,28.7009,0.6,0.4,0.2,0.4,0.2,0.2,0.5931,0.567,0.0262,8.6053,7.7667,0.8386,0.02822,8.3981,8.5157,0.1176,0.7,0.004813,0.4242,0.5758,-0.1515,0.5714,0.0,0.5714,204,224,-20,0
1304106,Punjab Kings,Royal Challengers Bangalore,2022-05-13,"Brabourne Stadium, Mumbai",Royal Challengers Bangalore,field,1498.9772,1539.3263,-40.3491,0.4,0.4,0.0,0.4,0.6,-0.2,0.44,0.4861,-0.0461,7.8517,7.8919,-0.0402,0.007836,8.2875,8.0086,-0.2788,-0.2,-0.00095,0.6667,0.3333,0.3333,0.3333,0.0,0.3333,25,216,-191,1
1304107,Kolkata Knight Riders,Sunrisers Hyderabad,2022-05-14,"Maharashtra Cricket Association Stadium, Pune",Kolkata Knight Riders,bat,1523.9754,1486.6739,37.3016,0.4,0.2,0.2,0.4,0.5,-0.1,0.5161,0.5034,0.0127,8.2064,8.4,-0.1936,0.006241,8.2512,8.1969,-0.0543,0.2,0.002797,0.619,0.381,0.2381,0.5,0.0,0.5,217,145,72,1
1304108,Chennai Super Kings,Gujarat Titans,2022-05-15,"Wankhede Stadium, Mumbai",Chennai Super Kings,bat,1543.7482,1555.6937,-11.9455,0.4,0.6,-0.2,0.4,0.7,-0.3,0.5902,0.75,-0.1598,8.1836,8.1893,-0.0056,0.002105,8.1032,8.1739,0.0707,0.2,0.000393,0.0,1.0,-1.0,0.5,1.0,-0.5,205,12,193,0
1304109,Rajasthan Royals,Lucknow Super Giants,2022-05-15,"Brabourne Stadium, Mumbai",Rajasthan Royals,bat,1507.5283,1543.3607,-35.8325,0.4,0.8,-0.4,0.5,0.7,-0.2,0.5,0.6667,-0.1667,8.3136,8.063,0.2506,0.019328,8.3546,7.5159,-0.8386,-0.9,-0.008082,1.0,0.0,1.0,1.0,1.0,0.0,182,12,170,1
1304110,Delhi Capitals,Punjab Kings,2022-05-16,"Dr DY Patil Sports Academy, Mumbai",Punjab Kings,field,1550.5807,1510.1333,40.4473,0.6,0.6,0.0,0.5,0.5,0.0,0.5517,0.4615,0.0902,8.7334,8.1604,0.573,0.018816,8.3722,8.1054,-0.2669,0.1,-0.002357,1.0,0.0,1.0,0.3333,0.6667,-0.3333,58,26,32,1
1304111,Sunrisers Hyderabad,Mumbai Indians,2022-05-17,"Wankhede Stadium, Mumbai",Mumbai Indians,field,1477.7434,1536.6957,-58.9523,0.0,0.6,-0.6,0.5,0.3,0.2,0.5,0.5689,-0.0689,8.2406,7.6639,0.5768,0.013827,8.1893,8.1896,0.0003,0.1,-0.000983,0.4706,0.5294,-0.0588,0.0,0.5,-0.5,146,225,-79,1
1304112,Lucknow Super Giants,Kolkata Knight Riders,2022-05-18,"Dr DY Patil Sports Academy, Mumbai",Lucknow Super Giants,bat,1532.333,1532.9059,-0.5729,0.6,0.6,0.0,0.6,0.4,0.2,0.6154,0.5183,0.097,7.9423,8.1396,-0.1973,-0.019219,7.6377,8.1475,0.5098,0.5,0.003551,1.0,0.0,1.0,0.6667,0.3333,0.3333,13,218,-205,1
1304113,Gujarat Titans,Royal Challengers Bangalore,2022-05-19,"Wankhede Stadium, Mumbai",Gujarat Titans,bat,1565.35,1528.1702,37.1798,0.6,0.4,0.2,0.7,0.5,0.2,0.7692,0.4839,0.2854,7.9662,7.7653,0.2009,0.004542,7.874,8.2228,0.3488,-0.5,-0.005067,1.0,0.0,1.0,1.0,0.8,0.2,13,217,-204,0
1304114,Chennai Super Kings,Rajasthan Royals,2022-05-20,"Brabourne Stadium, Mumbai",Chennai Super Kings,bat,1534.0918,1518.556,15.5359,0.4,0.4,0.0,0.4,0.6,-0.2,0.5874,0.5027,0.0846,8.1314,8.3702,-0.2388,-0.020447,7.9815,8.2229,0.2415,-0.2,0.000869,0.6,0.4,0.2,0.0,1.0,-1.0,206,183,23,0
1304115,Delhi Capitals,Mumbai Indians,2022-05-21,"Wankhede Stadium, Mumbai",Mumbai Indians,field,1559.4217,1525.015,34.4067,0.6,0.6,0.0,0.6,0.3,0.3,0.5593,0.5664,-0.007,8.7927,7.7515,1.0413,0.041791,8.2834,8.1541,-0.1293,0.7,0.00414,0.4444,0.5556,-0.1111,0.4286,0.3333,0.0952,59,226,-167,0
1304116,Sunrisers Hyderabad,Punjab Kings,2022-05-22,"Wankhede Stadium, Mumbai",Sunrisers Hyderabad,bat,1489.4241,1501.2923,-11.8682,0.2,0.4,-0.2,0.5,0.4,0.1,0.5034,0.4444,0.059,8.3325,8.0226,0.3099,-0.005109,8.3304,8.197,-0.1334,0.2,-0.000509,0.6667,0.3333,0.3333,0.3333,0.3333,0.0,147,27,120,0
1312197,Rajasthan Royals,Gujarat Titans,2022-05-24,"Eden Gardens, Kolkata",Gujarat Titans,field,1529.0028,1554.2839,-25.2811,0.6,0.4,0.2,0.6,0.7,-0.1,0.5054,0.7143,-0.2089,8.3296,8.034,0.2956,0.019839,8.1587,7.9044,-0.2542,0.2,-0.001463,0.0,1.0,-1.0,0.5,0.5,0.0,184,14,170,0
1312198,Royal Challengers Bangalore,Lucknow Super Giants,2022-05-25,"Eden Gardens, Kolkata",Lucknow Super Giants,field,1539.2362,1542.3495,-3.1133,0.6,0.6,0.0,0.5,0.6,-0.1,0.4862,0.6429,-0.1566,7.8469,8.2142,-0.3673,-0.001859,8.3109,7.9084,-0.4025,-0.8,-0.003604,1.0,0.0,1.0,0.5,0.5,0.0,218,14,204,1
1312199,Royal Challengers Bangalore,Rajasthan Royals,2022-05-27,"Narendra Modi Stadium, Ahmedabad",Rajasthan Royals,field,1549.3258,1519.7292,29.5966,0.8,0.6,0.2,0.6,0.6,0.0,0.4886,0.5027,-0.0141,7.9347,8.4548,-0.5201,-0.023221,8.1705,8.1473,-0.0232,0.6,0.008809,0.5417,0.4583,0.0833,0.5,0.5,0.0,219,185,34,0
1312200,Rajasthan Royals,Gujarat Titans,2022-05-29,"Narendra Modi Stadium, Ahmedabad",Rajasthan Royals,bat,1530.579,1563.5576,-32.9786,0.6,0.6,0.0,0.6,0.7,-0.1,0.5054,0.7333,-0.228,8.3054,8.0226,0.2828,0.025158,7.9181,8.0391,0.121,0.2,-0.000992,0.0,1.0,-1.0,1.0,0.5,0.5,186,15,171,0
1359475,Chennai Super Kings,Gujarat Titans,2023-03-31,"Narendra Modi Stadium, Ahmedabad",Gujarat Titans,field,1523.645,1572.6112,-48.9662,0.2,0.8,-0.6,0.4,0.7,-0.3,0.5845,0.75,-0.1655,8.1119,7.8942,0.2177,0.010845,7.8816,7.8737,-0.0078,0.4,0.002183,0.0,1.0,-1.0,0.5,1.0,-0.5,207,16,191,0
1359476,Punjab Kings,Kolkata Knight Riders,2023-04-01,"Punjab Cricket Association IS Bindra Stadium, Mohali, Chandigarh",Kolkata Knight Riders,field,1510.9508,1522.8894,-11.9386,0.6,0.6,0.0,0.5,0.3,0.2,0.4643,0.516,-0.0517,8.0644,8.1657,-0.1014,0.003484,8.0235,8.3841,0.3606,0.5,0.004972,0.3333,0.6667,-0.3333,0.5,0.5,0.0,28,219,-191,1
1359477,Lucknow Super Giants,Delhi Capitals,2023-04-01,"Bharat Ratna Shri Atal Bihari Vajpayee Ekana Cricket Stadium, Lucknow",Delhi Capitals,field,1532.2599,1548.4346,-16.1747,0.4,0.6,-0.2,0.6,0.5,0.1,0.6,0.55,0.05,8.3262,8.4806,-0.1544,-0.023793,8.1145,8.244,0.1295,0.7,0.006997,1.0,0.0,1.0,0.5,0.5,0.0,15,60,-45,1
1359478,Rajasthan Royals,Sunrisers Hyderabad,2023-04-02,"Rajiv Gandhi International Stadium, Uppal, Hyderabad",Sunrisers Hyderabad,field,1521.5253,1479.7655,41.7598,0.6,0.2,0.4,0.5,0.4,0.1,0.5027,0.5,0.0027,7.8826,8.2238,-0.3411,0.000695,7.6537,8.548,0.8944,-0.6,-0.005752,0.5,0.5,0.0,0.5,0.5,0.0,187,148,39,1
1359479,Mumbai Indians,Royal Challengers Bangalore,2023-04-02,"M Chinnaswamy Stadium, Bengaluru",Royal Challengers Bangalore,field,1536.0021,1538.476,-2.474,0.6,0.6,0.0,0.4,0.5,-0.1,0.5683,0.4864,0.0819,7.8161,7.7716,0.0444,-0.001068,8.0956,8.2147,0.119,0.3,-0.001427,0.5862,0.4138,0.1724,0.5,0.5,0.0,227,220,7,0
1359480,Chennai Super Kings,Lucknow Super Giants,2023-04-03,"MA Chidambaram Stadium, Chepauk, Chennai",Lucknow Super Giants,field,1515.0451,1542.7251,-27.68,0.2,0.4,-0.2,0.3,0.6,-0.3,0.5817,0.625,-0.0433,7.9658,8.2899,-0.3242,0.006566,7.8725,7.9216,0.0491,-1.0,-0.006854,0.0,1.0,-1.0,0.5,0.5,0.0,208,16,192,1
1359481,Delhi Capitals,Gujarat Titans,2023-04-04,"Arun Jaitley Stadium, Delhi",Gujarat Titans,field,1537.9694,1581.2111,-43.2417,0.4,0.8,-0.4,0.5,0.7,-0.2,0.541,0.7647,-0.2237,8.3113,8.0539,0.2573,0.018931,8.2698,8.0617,-0.2081,0.5,0.00052,0.0,1.0,-1.0,0.5,0.5,0.0,61,17,44,0
1359482,Punjab Kings,Rajasthan Royals,2023-04-05,"Barsapara Cricket Stadium, Guwahati",Rajasthan Royals,field,1521.2943,1530.3292,-9.0349,0.6,0.6,0.0,0.5,0.5,0.0,0.4828,0.5053,-0.0226,8.0563,8.1778,-0.1215,0.000215,7.9966,7.7129,-0.2837,1.0,0.011088,0.3333,0.6667,-0.3333,0.5,0.5,0.0,29,188,-159,1
1359483,Kolkata Knight Riders,Royal Challengers Bangalore,2023-04-06,"Eden Gardens, Kolkata",Royal Challengers Bangalore,field,1512.5459,1548.4048,-35.8589,0.4,0.6,-0.2,0.3,0.5,-0.2,0.5136,0.4887,0.0249,8.1905,7.8884,0.302,0.013077,8.2786,8.235,-0.0436,-0.3,-0.004997,0.5333,0.4667,0.0667,0.5,1.0,-0.5,220,221,-1,1
1359484,Sunrisers Hyderabad,Lucknow Super Giants,2023-04-07,"Bharat Ratna Shri Atal Bihari Vajpayee Ekana Cricket Stadium, Lucknow",Sunrisers Hyderabad,bat,1470.9617,1531.9301,-60.9684,0.2,0.4,-0.2,0.3,0.6,-0.3,0.4966,0.5882,-0.0916,7.8844,8.4341,-0.5498,0.001897,8.6943,8.1179,-0.5763,-1.5,-0.011753,0.0,1.0,-1.0,0.5,1.0,-0.5,149,17,132,0
1359485,Rajasthan Royals,Delhi Capitals,2023-04-08,"Barsapara Cricket Stadium, Guwahati",Delhi Capitals,field,1520.0692,1529.2076,-9.1385,0.4,0.4,0.0,0.5,0.4,0.1,0.5026,0.5323,-0.0296,8.3578,8.1411,0.2167,0.009907,7.8435,8.5405,0.6969,-0.7,-0.005383,0.25,0.75,-0.5,0.0,0.5,-0.5,189,62,127,1
1359486,Mumbai Indians,Chennai Super Kings,2023-04-08,"Wankhede Stadium, Mumbai",Chennai Super Kings,field,1526.0733,1525.8401,0.2332,0.4,0.2,0.2,0.4,0.4,0.0,0.5658,0.5837,-0.0179,7.7086,8.2072,-0.4986,-0.0181,8.134,7.9486,-0.1854,0.2,0.001572,0.5882,0.4118,0.1765,0.5,0.4444,0.0556,228,209,19,0
1359487,Gujarat Titans,Kolkata Knight Riders,2023-04-09,"Narendra Modi Stadium, Ahmedabad",Gujarat Titans,bat,1589.9729,1523.5744,66.3985,0.8,0.6,0.2,0.7,0.4,0.3,0.7778,0.5158,0.2619,7.9423,8.2943,-0.3519,-0.018086,7.8988,8.0416,0.1428,-0.4,-0.001761,1.0,0.0,1.0,1.0,0.5,0.5,18,221,-203,0
1359488,Punjab Kings,Sunrisers Hyderabad,2023-04-09,"Rajiv Gandhi International Stadium, Uppal, Hyderabad",Sunrisers Hyderabad,field,1531.5543,1462.6987,68.8555,0.8,0.2,0.6,0.6,0.2,0.4,0.5,0.4933,0.0067,8.2779,7.6841,0.5938,0.029881,8.1399,8.7563,0.6164,1.4,0.012314,0.5,0.5,0.0,0.5,0.0,0.5,30,150,-120,0
1359489,Royal Challengers Bangalore,Lucknow Super Giants,2023-04-10,"M Chinnaswamy Stadium, Bengaluru",Lucknow Super Giants,field,1537.3764,1540.1931,-2.8167,0.6,0.6,0.0,0.5,0.6,-0.1,0.4865,0.6111,-0.1246,8.1496,8.398,-0.2484,0.013693,8.3434,8.1037,-0.2397,-0.4,-0.00392,1.0,0.0,1.0,1.0,0.5,0.5,222,18,204,0
1359490,Delhi Capitals,Mumbai Indians,2023-04-11,"Arun Jaitley Stadium, Delhi",Mumbai Indians,field,1518.9447,1516.0666,2.8781,0.2,0.4,-0.2,0.4,0.4,0.0,0.5238,0.5633,-0.0395,7.8212,7.5887,0.2325,0.014206,8.4298,8.0017,-0.4282,-0.1,-0.00276,0.4,0.6,-0.2,0.0,1.0,-1.0,63,229,-166,0
1359491,Rajasthan Royals,Chennai Super Kings,2023-04-12,"MA Chidambaram Stadium, Chepauk, Chennai",Chennai Super Kings,field,1530.3321,1535.8468,-5.5147,0.6,0.4,0.2,0.6,0.4,0.2,0.5053,0.5857,-0.0805,8.6093,8.31,0.2994,0.022622,7.7412,7.9454,0.2043,-0.4,-0.004635,0.4231,0.5769,-0.1538,0.5,1.0,-0.5,190,210,-20,1
1359492,Punjab Kings,Gujarat Titans,2023-04-13,"Punjab Cricket Association IS Bindra Stadium, Mohali, Chandigarh",Gujarat Titans,field,1519.598,1578.0847,-58.4867,0.6,0.8,-0.2,0.6,0.6,0.0,0.4839,0.7368,-0.253,8.3891,8.0574,0.3317,0.029653,8.0398,8.0823,0.0425,0.4,0.001599,0.5,0.5,0.0,1.0,0.5,0.5,31,19,12,0
1359493,Sunrisers Hyderabad,Kolkata Knight Riders,2023-04-14,"Eden Gardens, Kolkata",Kolkata Knight Riders,field,1474.655,1535.4625,-60.8075,0.4,0.6,-0.2,0.2,0.5,-0.3,0.4967,0.518,-0.0213,7.703,8.3347,-0.6317,-0.021623,8.985,7.9767,-1.0083,-1.4,-0.011647,0.3636,0.6364,-0.2727,0.5,1.0,-0.5,151,222,-71,1
1359494,Royal Challengers Bangalore,Delhi Capitals,2023-04-15,"M Chinnaswamy Stadium, Bengaluru",Delhi Capitals,field,1527.4574,1508.8618,18.5956,0.4,0.0,0.4,0.5,0.3,0.2,0.4843,0.5156,-0.0313,8.6262,7.8842,0.7421,0.015514,8.6381,8.5735,-0.0646,1.3,0.010884,0.4286,0.5714,-0.1429,0.5,0.5,0.0,223,64,159,1
1359495,Lucknow Super Giants,Punjab Kings,2023-04-15,"Bharat Ratna Shri Atal Bihari Vajpayee Ekana Cricket Stadium, Lucknow",Punjab Kings,field,1550.112,1511.2657,38.8464,0.6,0.6,0.0,0.6,0.5,0.1,0.6316,0.4688,0.1628,8.6606,8.2481,0.4125,-0.024264,8.5289,7.9766,-0.5523,0.1,0.000341,1.0,0.0,1.0,1.0,0.5,0.5,19,32,-13,0
1359496,Kolkata Knight Riders,Mumbai Indians,2023-04-16,"Wankhede Stadium, Mumbai",Mumbai Indians,field,1523.73,1526.1494,-2.4194,0.4,0.4,0.0,0.5,0.5,0.0,0.5157,0.5652,-0.0495,8.6065,7.685,0.9215,0.033805,8.3292,8.102,-0.2272,-0.5,-0.004468,0.2903,0.7097,-0.4194,0.5,0.4,0.1,223,230,-7,0
1359497,Gujarat Titans,Rajasthan Royals,2023-04-16,"Narendra Modi Stadium, Ahmedabad",Rajasthan Royals,field,1586.4171,1540.4908,45.9262,0.8,0.6,0.2,0.7,0.6,0.1,0.75,0.5079,0.2421,8.1787,8.5217,-0.343,-0.018529,7.9264,7.6839,-0.2426,1.0,0.010082,1.0,0.0,1.0,0.6667,0.5,0.1667,20,191,-171,0
1359498,Chennai Super Kings,Royal Challengers Bangalore,2023-04-17,"M Chinnaswamy Stadium, Bengaluru",Royal Challengers Bangalore,field,1525.6881,1536.9227,-11.2346,0.4,0.4,0.0,0.4,0.6,-0.2,0.5829,0.4866,0.0963,8.2834,8.6318,-0.3485,-0.013553,7.9318,8.5194,0.5876,-0.8,-0.004985,0.6552,0.3448,0.3103,0.5,0.6667,-0.1667,211,224,-13,1
1359499,Mumbai Indians,Sunrisers Hyderabad,2023-04-18,"Rajiv Gandhi International Stadium, Uppal, Hyderabad",Sunrisers Hyderabad,field,1536.0798,1486.3875,49.6922,0.6,0.4,0.2,0.6,0.3,0.3,0.5671,0.5,0.0671,8.083,7.8526,0.2304,0.003965,8.1668,8.9925,0.8257,1.2,0.010224,0.5,0.5,0.0,0.5,0.5,0.0,231,152,79,1
1359500,Lucknow Super Giants,Rajasthan Royals,2023-04-19,"Sawai Mansingh Stadium, Jaipur",Rajasthan Royals,field,1538.9986,1551.8051,-12.8065,0.6,0.8,-0.2,0.5,0.7,-0.2,0.6,0.5104,0.0896,8.5174,8.6645,-0.1471,-0.02661,8.397,7.6992,-0.6978,0.3,0.004191,0.0,1.0,-1.0,0.5,0.5,0.0,20,192,-172,1
1359501,Royal Challengers Bangalore,Punjab Kings,2023-04-20,"Punjab Cricket Association IS Bindra Stadium, Mohali, Chandigarh",Punjab Kings,field,1526.5995,1522.3791,4.2204,0.4,0.6,-0.2,0.5,0.6,-0.1,0.4844,0.4848,-0.0004,8.8631,8.4359,0.4271,-0.00796,8.7971,7.9867,-0.8104,0.7,0.003921,0.25,0.75,-0.5,0.5,0.5,0.0,225,33,192,1
1359502,Kolkata Knight Riders,Delhi Capitals,2023-04-20,"Arun Jaitley Stadium, Delhi",Delhi Capitals,field,1513.7997,1499.3965,14.4031,0.4,0.0,0.4,0.5,0.3,0.2,0.5134,0.5077,0.0057,8.7727,7.6982,1.0745,0.032521,8.5657,8.5271,-0.0386,0.0,0.001648,0.375,0.625,-0.25,0.5,0.0,0.5,224,65,159,0
1359503,Sunrisers Hyderabad,Chennai Super Kings,2023-04-21,"MA Chidambaram Stadium, Chepauk, Chennai",Chennai Super Kings,field,1477.8081,1536.0113,-58.2032,0.4,0.6,-0.2,0.3,0.4,-0.1,0.4967,0.5849,-0.0882,7.7731,8.3813,-0.6082,-0.004381,8.9502,8.0564,-0.8937,-1.2,-0.009921,0.2778,0.7222,-0.4444,0.25,0.5,-0.25,153,212,-59,0
1359504,Gujarat Titans,Lucknow Super Giants,2023-04-22,"Bharat Ratna Shri Atal Bihari Vajpayee Ekana Cricket Stadium, Lucknow",Gujarat Titans,bat,1575.1028,1549.367,25.7359,0.6,0.6,0.0,0.7,0.5,0.2,0.7143,0.619,0.0952,8.1832,8.408,-0.2248,0.001675,7.9832,8.3749,0.3917,0.7,0.008153,1.0,0.0,1.0,0.5,0.6667,-0.1667,21,21,0,1
1359505,Punjab Kings,Mumbai Indians,2023-04-22,"Wankhede Stadium, Mumbai",Mumbai Indians,field,1512.5006,1544.6592,-32.1586,0.4,0.6,-0.2,0.5,0.6,-0.1,0.4706,0.569,-0.0984,8.3704,8.2265,0.1438,0.015879,8.1823,8.2669,0.0846,-0.8,-0.006547,0.6667,0.3333,0.3333,0.4286,0.5,-0.0714,34,232,-198,1
1359506,Royal Challengers Bangalore,Rajasthan Royals,2023-04-23,"M Chinnaswamy Stadium, Bengaluru",Rajasthan Royals,field,1536.478,1541.4366,-4.9586,0.4,0.6,-0.2,0.5,0.6,-0.1,0.4867,0.5078,-0.021,8.7953,8.4967,0.2986,-0.00036,8.9684,7.7363,-1.2321,0.9,0.007651,0.52,0.48,0.04,0.5,0.5,0.0,226,193,33,1
1359507,Chennai Super Kings,Kolkata Knight Riders,2023-04-23,"Eden Gardens, Kolkata",Kolkata Knight Riders,field,1544.3516,1503.3853,40.9663,0.8,0.4,0.4,0.5,0.4,0.1,0.5869,0.5111,0.0757,8.3275,8.575,-0.2474,-0.02265,7.895,8.4878,0.5928,0.7,0.005378,0.6538,0.3462,0.3077,0.5,0.5,0.0,213,225,-12,1
1359508,Delhi Capitals,Sunrisers Hyderabad,2023-04-24,"Rajiv Gandhi International Stadium, Uppal, Hyderabad",Delhi Capitals,bat,1509.8109,1469.4678,40.343,0.2,0.4,-0.2,0.3,0.3,0.0,0.5152,0.4935,0.0216,7.3475,7.543,-0.1955,-0.003151,8.2143,8.7149,0.5005,0.5,0.002091,0.625,0.375,0.25,0.5,0.3333,0.1667,66,154,-88,1
1359509,Gujarat Titans,Mumbai Indians,2023-04-25,"Narendra Modi Stadium, Ahmedabad",Mumbai Indians,field,1584.3635,1533.7362,50.6272,0.6,0.6,0.0,0.7,0.5,0.2,0.7273,0.5665,0.1607,8.1791,8.3624,-0.1833,-0.022051,7.9804,8.4209,0.4405,-0.5,-0.004902,0.0,1.0,-1.0,0.5,0.5,0.0,22,233,-211,1
1359510,Kolkata Knight Riders,Royal Challengers Bangalore,2023-04-26,"M Chinnaswamy Stadium, Bengaluru",Royal Challengers Bangalore,field,1494.559,1546.6207,-52.0617,0.2,0.6,-0.4,0.4,0.6,-0.2,0.5088,0.489,0.0199,8.7089,8.9875,-0.2786,0.007179,8.7782,8.823,0.0448,-1.2,-0.007913,0.5484,0.4516,0.0968,0.5,0.6,-0.1,226,227,-1,1
1359511,Rajasthan Royals,Chennai Super Kings,2023-04-27,"Sawai Mansingh Stadium, Jaipur",Rajasthan Royals,bat,1531.2939,1553.1779,-21.884,0.6,0.8,-0.2,0.5,0.5,0.0,0.5052,0.5888,-0.0836,8.6213,8.5179,0.1034,0.013683,7.9244,8.0983,0.1738,0.1,-0.000165,0.4444,0.5556,-0.1111,0.0,0.5,-0.5,194,214,-20,1
1359512,Lucknow Super Giants,Punjab Kings,2023-04-28,"Punjab Cricket Association IS Bindra Stadium, Mohali, Chandigarh",Punjab Kings,field,1540.1064,1523.4235,16.6828,0.6,0.4,0.2,0.5,0.6,-0.1,0.5909,0.4857,0.1052,8.3932,8.5078,-0.1146,-0.036678,8.3719,8.2444,-0.1275,0.2,-0.000145,0.5,0.5,0.0,0.5,0.3333,0.1667,22,35,-13,1
1359513,Kolkata Knight Riders,Gujarat Titans,2023-04-29,"Eden Gardens, Kolkata",Gujarat Titans,field,1506.0463,1592.9165,-86.8702,0.2,0.6,-0.4,0.4,0.7,-0.3,0.511,0.7391,-0.2281,8.8844,8.4851,0.3993,0.0315,8.9975,8.1,-0.8975,-1.6,-0.012564,0.5,0.5,0.0,0.3333,1.0,-0.6667,227,23,204,0
1359514,Sunrisers Hyderabad,Delhi Capitals,2023-04-29,"Arun Jaitley Stadium, Delhi",Sunrisers Hyderabad,bat,1460.6238,1518.6549,-58.0311,0.4,0.4,0.0,0.3,0.4,-0.1,0.4903,0.5224,-0.0321,7.5957,7.4015,0.1943,0.003813,8.5084,7.935,-0.5734,0.1,0.002779,0.3333,0.6667,-0.3333,0.0,0.3333,-0.3333,155,67,88,1
1359515,Chennai Super Kings,Punjab Kings,2023-04-30,"MA Chidambaram Stadium, Chepauk, Chennai",Chennai Super Kings,bat,1542.5489,1513.9033,28.6456,0.6,0.4,0.2,0.5,0.5,0.0,0.586,0.4722,0.1138,8.7586,8.4404,0.3182,-0.014937,8.3789,8.7492,0.3703,0.6,0.002664,0.25,0.75,-0.5,0.6667,0.5,0.1667,215,36,179,0
1359516,Rajasthan Royals,Mumbai Indians,2023-04-30,"Wankhede Stadium, Mumbai",Rajasthan Royals,bat,1541.923,1525.1832,16.7398,0.6,0.6,0.0,0.6,0.5,0.1,0.5077,0.5641,-0.0564,8.7116,8.4603,0.2513,0.002378,7.8484,8.6368,0.7884,0.0,-0.001546,0.4615,0.5385,-0.0769,0.5,0.4286,0.0714,195,234,-39,0
1359517,Royal Challengers Bangalore,Lucknow Super Giants,2023-05-01,"Bharat Ratna Shri Atal Bihari Vajpayee Ekana Cricket Stadium, Lucknow",Royal Challengers Bangalore,bat,1535.1334,1549.6266,-14.4932,0.6,0.6,0.0,0.5,0.6,-0.1,0.4868,0.6087,-0.1219,8.9801,8.8841,0.096,0.003749,8.9565,8.4493,-0.5072,0.0,8.8e-05,0.6667,0.3333,0.3333,0.5,0.5,0.0,228,23,205,1
1359518,Delhi Capitals,Gujarat Titans,2023-05-02,"Narendra Modi Stadium, Ahmedabad",Delhi Capitals,bat,1507.0,1600.467,-93.467,0.4,0.8,-0.4,0.3,0.8,-0.5,0.5147,0.75,-0.2353,7.4783,8.63,-1.1517,-0.021131,8.0891,8.0912,0.0021,-1.5,-0.012492,0.0,1.0,-1.0,0.6667,0.6,0.0667,68,24,44,1
1359520,Punjab Kings,Mumbai Indians,2023-05-03,"Punjab Cricket Association IS Bindra Stadium, Mohali, Chandigarh",Mumbai Indians,field,1524.726,1535.6646,-10.9386,0.6,0.6,0.0,0.6,0.5,0.1,0.4865,0.566,-0.0795,8.7385,8.7896,-0.0511,-2.8e-05,8.925,8.9927,0.0677,-1.0,-0.006798,0.75,0.25,0.5,0.25,0.5,-0.25,37,235,-198,0
1359521,Kolkata Knight Riders,Sunrisers Hyderabad,2023-05-04,"Rajiv Gandhi International Stadium, Uppal, Hyderabad",Kolkata Knight Riders,bat,1498.4958,1472.2787,26.2171,0.2,0.4,-0.2,0.3,0.4,-0.1,0.5088,0.4936,0.0152,8.9299,7.9202,1.0097,0.039373,9.3826,8.6005,-0.782,-1.2,-0.010631,0.6087,0.3913,0.2174,0.5,0.25,0.25,228,156,72,1
1359522,Rajasthan Royals,Gujarat Titans,2023-05-05,"Sawai Mansingh Stadium, Jaipur",Rajasthan Royals,bat,1531.4415,1587.8399,-56.3984,0.4,0.6,-0.2,0.5,0.7,-0.2,0.5051,0.72,-0.2149,8.7897,8.3069,0.4828,0.030757,8.1373,7.8269,-0.3104,-1.3,-0.011161,0.25,0.75,-0.5,0.5,0.5,0.0,196,25,171,0
1359523,Mumbai Indians,Chennai Super Kings,2023-05-06,"MA Chidambaram Stadium, Chepauk, Chennai",Chennai Super Kings,field,1545.3499,1531.7263,13.6236,0.6,0.6,0.0,0.6,0.5,0.1,0.5678,0.5833,-0.0155,9.0198,9.0738,-0.054,0.013648,9.0727,8.6444,-0.4283,-0.5,-0.003221,0.5714,0.4286,0.1429,0.4,0.5,-0.1,236,216,20,0
1359524,Royal Challengers Bangalore,Delhi Capitals,2023-05-06,"Arun Jaitley Stadium, Delhi",Royal Challengers Bangalore,bat,1545.5503,1519.6271,25.9232,0.6,0.6,0.0,0.5,0.3,0.2,0.4891,0.5217,-0.0327,8.6057,7.3323,1.2734,0.019192,8.5867,8.0195,-0.5672,1.5,0.012118,0.5,0.5,0.0,0.5,0.25,0.25,229,69,160,0
1359525,Gujarat Titans,Lucknow Super Giants,2023-05-07,"Narendra Modi Stadium, Ahmedabad",Lucknow Super Giants,field,1596.2307,1539.2097,57.0211,0.8,0.4,0.4,0.7,0.5,0.2,0.7308,0.5833,0.1474,8.441,8.3778,0.0632,0.00042,7.8064,8.0857,0.2793,0.9,0.008207,1.0,0.0,1.0,0.5,0.5,0.0,26,24,2,1
1359526,Rajasthan Royals,Sunrisers Hyderabad,2023-05-07,"Sawai Mansingh Stadium, Jaipur",Rajasthan Royals,bat,1523.0507,1463.0319,60.0188,0.2,0.2,0.0,0.5,0.3,0.2,0.5025,0.4904,0.0121,8.7741,7.7756,0.9985,0.03174,8.263,8.5255,0.2625,-0.1,-0.002289,0.5294,0.4706,0.0588,0.3333,0.5,-0.1667,197,157,40,0
1359527,Punjab Kings,Kolkata Knight Riders,2023-05-08,"Eden Gardens, Kolkata",Punjab Kings,bat,1515.0407,1507.7427,7.298,0.4,0.4,0.0,0.5,0.4,0.1,0.4737,0.5109,-0.0372,8.767,8.751,0.016,-0.002861,9.2897,9.1228,-0.1669,-0.6,-0.004798,0.5,0.5,0.0,0.5,0.25,0.25,38,229,-191,0
1359528,Royal Challengers Bangalore,Mumbai Indians,2023-05-09,"Wankhede Stadium, Mumbai",Mumbai Indians,field,1534.8055,1534.9579,-0.1524,0.6,0.4,0.2,0.5,0.5,0.0,0.487,0.5654,-0.0784,8.74,8.8938,-0.1538,-0.029146,8.7557,9.1206,0.3649,1.3,0.010232,0.4333,0.5667,-0.1333,0.8333,0.5,0.3333,230,237,-7,0
1359529,Chennai Super Kings,Delhi Capitals,2023-05-10,"MA Chidambaram Stadium, Chepauk, Chennai",Chennai Super Kings,bat,1542.1182,1530.3719,11.7463,0.6,0.8,-0.2,0.6,0.4,0.2,0.5853,0.5286,0.0567,9.1445,7.6207,1.5238,0.032583,8.5871,8.0823,-0.5048,1.4,0.01049,0.5556,0.4444,0.1111,0.6,1.0,-0.4,217,70,147,1
1359530,Kolkata Knight Riders,Rajasthan Royals,2023-05-11,"Eden Gardens, Kolkata",Rajasthan Royals,field,1517.9527,1511.3402,6.6125,0.6,0.2,0.4,0.5,0.4,0.1,0.513,0.5,0.013,8.7557,8.8061,-0.0504,0.005383,9.04,8.697,-0.343,-0.1,-0.000502,0.5833,0.4167,0.1667,0.4,0.0,0.4,230,198,32,0
1359531,Mumbai Indians,Gujarat Titans,2023-05-12,"Wankhede Stadium, Mumbai",Gujarat Titans,field,1544.9536,1604.6041,-59.6506,0.6,0.8,-0.2,0.6,0.7,-0.1,0.5672,0.7407,-0.1735,9.2191,8.6496,0.5695,0.037674,9.0968,7.7465,-1.3502,-1.5,-0.012971,0.5,0.5,0.0,0.5556,0.75,-0.1944,238,27,211,1
1359532,Sunrisers Hyderabad,Lucknow Super Giants,2023-05-13,"Rajiv Gandhi International Stadium, Uppal, Hyderabad",Sunrisers Hyderabad,bat,1474.7424,1530.8363,-56.0939,0.4,0.4,0.0,0.4,0.5,-0.1,0.4937,0.56,-0.0663,8.0683,8.3051,-0.2368,-0.004433,8.5821,8.1893,-0.3928,-0.7,-0.004456,0.0,1.0,-1.0,0.2,0.5,-0.3,158,25,133,0
1359533,Punjab Kings,Delhi Capitals,2023-05-13,"Arun Jaitley Stadium, Delhi",Delhi Capitals,field,1504.8307,1520.7098,-15.8791,0.4,0.6,-0.2,0.4,0.4,0.0,0.4615,0.5211,-0.0596,8.6885,7.6122,1.0763,0.035503,9.284,7.9244,-1.3595,-0.9,-0.006295,0.0,1.0,-1.0,0.5,0.4,0.1,39,71,-32,1
1359534,Royal Challengers Bangalore,Rajasthan Royals,2023-05-14,"Sawai Mansingh Stadium, Jaipur",Royal Challengers Bangalore,bat,1524.8099,1521.5305,3.2794,0.4,0.4,0.0,0.4,0.5,-0.1,0.4848,0.5025,-0.0177,8.7224,8.9172,-0.1948,-0.027209,9.0748,8.5008,-0.5739,0.6,0.004896,0.5385,0.4615,0.0769,0.5,0.25,0.25,231,199,32,1
1359535,Chennai Super Kings,Kolkata Knight Riders,2023-05-14,"MA Chidambaram Stadium, Chepauk, Chennai",Chennai Super Kings,bat,1551.7802,1507.7624,44.0178,0.6,0.6,0.0,0.7,0.4,0.3,0.5872,0.5108,0.0763,9.0223,8.5489,0.4733,-0.004645,8.3667,9.3753,1.0087,2.3,0.015383,0.6667,0.3333,0.3333,0.6667,0.3333,0.3333,218,231,-13,0
1359536,Gujarat Titans,Sunrisers Hyderabad,2023-05-15,"Narendra Modi Stadium, Ahmedabad",Sunrisers Hyderabad,field,1592.9039,1466.343,126.5609,0.6,0.4,0.2,0.6,0.4,0.2,0.7143,0.4906,0.2237,8.7333,8.3374,0.3959,0.001025,8.0542,8.4996,0.4454,1.7,0.013444,0.5,0.5,0.0,0.5714,0.5,0.0714,28,159,-131,1
1359537,Lucknow Super Giants,Mumbai Indians,2023-05-16,"Bharat Ratna Shri Atal Bihari Vajpayee Ekana Cricket Stadium, Lucknow",Mumbai Indians,field,1539.2357,1556.6538,-17.4181,0.4,0.8,-0.4,0.5,0.7,-0.2,0.5769,0.569,0.0079,8.2931,9.5666,-1.2735,-0.049418,8.399,9.1849,0.7859,-0.4,-0.002538,1.0,0.0,1.0,0.4,0.5,-0.1,26,239,-213,1
1359538,Delhi Capitals,Punjab Kings,2023-05-17,"Himachal Pradesh Cricket Association Stadium, Dharamsala",Punjab Kings,field,1510.2531,1515.2874,-5.0343,0.4,0.4,0.0,0.4,0.4,0.0,0.5139,0.475,0.0389,7.4963,8.5447,-1.0484,-0.032071,7.8678,9.0223,1.1544,1.1,0.007347,0.8,0.2,0.6,0.5,0.5,0.0,72,40,32,1
1359539,Sunrisers Hyderabad,Royal Challengers Bangalore,2023-05-18,"Rajiv Gandhi International Stadium, Uppal, Hyderabad",Royal Challengers Bangalore,field,1459.8327,1534.7155,-74.8828,0.4,0.4,0.0,0.4,0.5,-0.1,0.4875,0.4871,0.0004,8.478,8.8352,-0.3572,0.008447,8.6104,8.8211,0.2107,-1.0,-0.012833,0.55,0.45,0.1,0.1667,0.5,-0.3333,160,232,-72,0
1359540,Punjab Kings,Rajasthan Royals,2023-05-19,"Himachal Pradesh Cricket Association Stadium, Dharamsala",Rajasthan Royals,field,1505.1425,1511.6249,-6.4824,0.4,0.2,0.2,0.4,0.4,0.0,0.4634,0.5,-0.0366,8.8153,8.6408,0.1745,0.002343,9.1919,8.6745,-0.5174,-0.9,-0.008763,0.5,0.5,0.0,0.0,0.5,-0.5,41,200,-159,0
1359541,Chennai Super Kings,Delhi Capitals,2023-05-20,"Arun Jaitley Stadium, Delhi",Chennai Super Kings,bat,1540.52,1520.398,20.1221,0.4,0.6,-0.2,0.6,0.5,0.1,0.5845,0.5205,0.0639,8.654,7.8663,0.7877,0.000541,8.2077,7.8631,-0.3447,0.5,0.004609,0.6,0.4,0.2,0.5,0.3333,0.1667,219,73,146,1
1359542,Lucknow Super Giants,Kolkata Knight Riders,2023-05-20,"Eden Gardens, Kolkata",Kolkata Knight Riders,field,1549.7366,1519.0226,30.714,0.6,0.6,0.0,0.6,0.4,0.2,0.5926,0.5129,0.0797,8.2304,8.2955,-0.0651,-0.007309,8.1404,9.0844,0.944,1.0,0.00571,1.0,0.0,1.0,0.0,0.3333,-0.3333,27,232,-205,1
1359543,Sunrisers Hyderabad,Mumbai Indians,2023-05-21,"Wankhede Stadium, Mumbai",Mumbai Indians,field,1451.9553,1546.1528,-94.1976,0.2,0.6,-0.4,0.3,0.6,-0.3,0.4845,0.5667,-0.0822,8.5324,9.4975,-0.9651,-0.041972,8.8534,9.2016,0.3482,-0.7,-0.004812,0.4737,0.5263,-0.0526,0.25,0.6,-0.35,161,240,-79,0
1359544,Royal Challengers Bangalore,Gujarat Titans,2023-05-21,"M Chinnaswamy Stadium, Bengaluru",Gujarat Titans,field,1542.593,1599.4142,-56.8212,0.6,0.6,0.0,0.6,0.7,-0.1,0.4893,0.7241,-0.2349,8.7352,8.6447,0.0906,-0.005232,8.7172,7.7803,-0.9369,-0.9,-0.003203,0.5,0.5,0.0,0.5,0.5,0.0,233,29,204,0
1370350,Chennai Super Kings,Gujarat Titans,2023-05-23,"MA Chidambaram Stadium, Chepauk, Chennai",Gujarat Titans,field,1549.9415,1607.7932,-57.8516,0.6,0.8,-0.2,0.6,0.7,-0.1,0.5864,0.7333,-0.147,8.8609,8.8381,0.0228,-0.00399,8.1415,8.023,-0.1185,-0.3,-0.003781,0.0,1.0,-1.0,0.5714,0.5,0.0714,220,30,190,1
1370351,Mumbai Indians,Lucknow Super Giants,2023-05-24,"MA Chidambaram Stadium, Chepauk, Chennai",Mumbai Indians,bat,1553.5062,1558.8549,-5.3487,0.6,0.6,0.0,0.6,0.6,0.0,0.5685,0.6071,-0.0387,9.5409,8.2944,1.2465,0.046802,9.2885,8.3816,-0.9068,0.0,-0.000236,0.0,1.0,-1.0,0.3333,0.0,0.3333,241,28,213,1
1370352,Gujarat Titans,Mumbai Indians,2023-05-26,"Narendra Modi Stadium, Ahmedabad",Mumbai Indians,field,1596.1433,1563.6601,32.4832,0.6,0.8,-0.2,0.7,0.6,0.1,0.7097,0.5702,0.1394,8.6784,9.4592,-0.7808,-0.035402,7.9623,9.1006,1.1383,1.3,0.010778,0.3333,0.6667,-0.3333,0.625,0.0,0.625,31,242,-211,1
1370353,Gujarat Titans,Chennai Super Kings,2023-05-29,"Narendra Modi Stadium, Ahmedabad",Chennai Super Kings,field,1605.2111,1561.5914,43.6197,0.6,0.8,-0.2,0.7,0.7,0.0,0.7188,0.5882,0.1305,9.1174,8.8971,0.2203,0.014282,8.2142,8.016,-0.1982,0.4,0.005027,0.75,0.25,0.5,0.6667,0.0,0.6667,32,221,-189,0
1422119,Royal Challengers Bengaluru,Chennai Super Kings,2024-03-22,"MA Chidambaram Stadium, Chepauk, Chennai",Royal Challengers Bengaluru,bat,1500.0,1572.8403,-72.8403,0.5,0.8,-0.3,0.5,0.7,-0.2,0.5,0.5901,-0.0901,0.0,8.8591,-8.8591,-0.178691,0.0,8.0225,8.0225,-6.9,-0.055377,0.0,0.0,0.0,0.5,0.625,-0.125,0,222,-222,0
1422120,Delhi Capitals,Punjab Kings,2024-03-23,"Maharaja Yadavindra Singh International Cricket Stadium, Mullanpur",Punjab Kings,field,1510.9765,1495.3291,15.6474,0.4,0.2,0.2,0.5,0.4,0.1,0.5135,0.4524,0.0611,7.7185,9.0,-1.2815,-0.034109,8.057,9.3092,1.2522,1.2,0.008805,0.8333,0.1667,0.6667,0.5,0.5,0.0,74,42,32,0
1422121,Kolkata Knight Riders,Sunrisers Hyderabad,2024-03-23,"Eden Gardens, Kolkata",Sunrisers Hyderabad,field,1509.9043,1444.602,65.3024,0.6,0.2,0.4,0.4,0.2,0.2,0.5107,0.4815,0.0292,8.1713,8.4115,-0.2402,0.003203,8.8259,8.9431,0.1172,0.6,0.006561,0.625,0.375,0.25,0.2857,1.0,-0.7143,233,162,71,1
1422122,Rajasthan Royals,Lucknow Super Giants,2024-03-24,"Sawai Mansingh Stadium, Jaipur",Rajasthan Royals,bat,1521.4383,1548.7009,-27.2626,0.4,0.6,-0.2,0.4,0.5,-0.1,0.5025,0.5862,-0.0837,8.7148,7.928,0.7867,0.036292,8.7569,8.2235,-0.5334,-0.9,-0.005404,0.6667,0.3333,0.3333,0.2,1.0,-0.8,201,29,172,1
1422123,Gujarat Titans,Mumbai Indians,2024-03-24,"Narendra Modi Stadium, Ahmedabad",Mumbai Indians,field,1593.9621,1554.5923,39.3698,0.6,0.6,0.0,0.6,0.6,0.0,0.697,0.5679,0.1291,9.1753,9.3719,-0.1966,-0.016576,8.4971,9.2088,0.7118,1.7,0.015636,0.5,0.5,0.0,0.6,0.0,0.6,33,243,-210,1
1422124,Punjab Kings,Royal Challengers Bengaluru,2024-03-25,"M Chinnaswamy Stadium, Bengaluru",Royal Challengers Bengaluru,field,1505.7791,1492.0663,13.7128,0.4,0.0,0.4,0.4,0.0,0.4,0.4651,0.0,0.4651,9.0769,8.0465,1.0304,0.029778,9.4044,8.8,-0.6044,1.3,0.009443,0.0,0.0,0.0,0.5,0.5,0.0,43,1,42,0
1422125,Chennai Super Kings,Gujarat Titans,2024-03-26,"MA Chidambaram Stadium, Chepauk, Chennai",Gujarat Titans,field,1580.774,1602.8338,-22.0598,0.8,0.6,0.2,0.7,0.6,0.1,0.5919,0.7059,-0.114,8.99,9.0099,-0.0199,-0.012252,8.1644,8.4111,0.2467,-0.7,-0.008915,0.4,0.6,-0.2,0.6667,0.0,0.6667,223,34,189,1
1422126,Sunrisers Hyderabad,Mumbai Indians,2024-03-27,"Rajiv Gandhi International Stadium, Uppal, Hyderabad",Mumbai Indians,field,1436.4597,1545.7207,-109.261,0.0,0.4,-0.4,0.2,0.6,-0.4,0.4785,0.5656,-0.087,8.5707,9.4064,-0.8356,-0.039771,8.9779,9.0246,0.0467,-0.4,-0.003244,0.45,0.55,-0.1,0.1429,1.0,-0.8571,163,244,-81,1
1422127,Rajasthan Royals,Delhi Capitals,2024-03-28,"Sawai Mansingh Stadium, Jaipur",Delhi Capitals,field,1532.2214,1500.5264,31.695,0.6,0.2,0.4,0.4,0.5,-0.1,0.505,0.5067,-0.0017,8.7197,7.8257,0.894,0.026997,8.7368,8.0841,-0.6528,-0.7,-0.003134,0.3333,0.6667,-0.3333,0.3333,0.5,-0.1667,202,75,127,1
1422128,Royal Challengers Bengaluru,Kolkata Knight Riders,2024-03-29,"M Chinnaswamy Stadium, Bengaluru",Kolkata Knight Riders,field,1502.4608,1518.0466,-15.5858,0.5,0.6,-0.1,0.5,0.5,0.0,0.5,0.5128,-0.0128,8.3571,8.2818,0.0753,0.001595,8.6204,8.8203,0.1998,-0.8,-0.008129,0.0,0.0,0.0,1.0,1.0,0.0,2,234,-232,0
1422129,Lucknow Super Giants,Punjab Kings,2024-03-30,"Bharat Ratna Shri Atal Bihari Vajpayee Ekana Cricket Stadium, Lucknow",Lucknow Super Giants,bat,1537.9178,1495.3846,42.5332,0.6,0.4,0.2,0.5,0.4,0.1,0.5667,0.4545,0.1121,8.0164,9.1143,-1.0979,-0.036014,8.3443,9.4237,1.0795,0.8,0.00605,0.6667,0.3333,0.3333,0.5,1.0,-0.5,30,44,-14,1
1422130,Sunrisers Hyderabad,Gujarat Titans,2024-03-31,"Narendra Modi Stadium, Ahmedabad",Sunrisers Hyderabad,bat,1449.5047,1592.1997,-142.695,0.2,0.4,-0.2,0.3,0.6,-0.3,0.4817,0.6857,-0.204,9.2013,9.0691,0.1322,0.003229,9.4015,8.7879,-0.6136,-1.9,-0.017652,0.3333,0.6667,-0.3333,0.0,0.6364,-0.6364,164,35,129,0
1422131,Delhi Capitals,Chennai Super Kings,2024-03-31,"Dr. Y.S. Rajasekhara Reddy ACA-VDCA Cricket Stadium, Visakhapatnam",Delhi Capitals,bat,1491.4362,1591.4081,-99.9719,0.2,1.0,-0.8,0.4,0.7,-0.3,0.5,0.5938,-0.0938,8.0279,8.8303,-0.8024,-0.004089,8.3933,7.9649,-0.4285,-0.9,-0.007339,0.3636,0.6364,-0.2727,0.5,0.5,0.0,76,224,-148,1
1422132,Mumbai Indians,Rajasthan Royals,2024-04-01,"Wankhede Stadium, Mumbai",Rajasthan Royals,field,1532.6756,1541.3117,-8.6361,0.4,0.8,-0.4,0.5,0.5,0.0,0.5633,0.5074,0.0559,9.5589,8.9189,0.64,0.017486,9.3673,8.8173,-0.5499,-0.3,-0.003144,0.5556,0.4444,0.1111,0.6364,0.4545,0.1818,245,203,42,0
1422133,Lucknow Super Giants,Royal Challengers Bengaluru,2024-04-02,"M Chinnaswamy Stadium, Bengaluru",Royal Challengers Bengaluru,field,1546.6997,1492.9091,53.7906,0.6,0.3333,0.2667,0.5,0.3333,0.1667,0.5806,0.3333,0.2473,8.2175,8.528,-0.3105,-0.010442,8.5144,9.2229,0.7084,1.8667,0.012537,0.0,0.0,0.0,1.0,0.5,0.5,31,3,28,1
1422134,Kolkata Knight Riders,Delhi Capitals,2024-04-03,"Dr. Y.S. Rajasekhara Reddy ACA-VDCA Cricket Stadium, Visakhapatnam",Kolkata Knight Riders,bat,1527.5983,1504.2367,23.3616,0.6,0.4,0.2,0.6,0.4,0.2,0.5149,0.5065,0.0084,8.7402,8.2188,0.5214,0.0124,9.0783,8.5016,-0.5768,-0.1,0.002185,0.3333,0.6667,-0.3333,0.5,1.0,-0.5,235,77,158,1
1422135,Gujarat Titans,Punjab Kings,2024-04-04,"Narendra Modi Stadium, Ahmedabad",Punjab Kings,field,1598.309,1486.6028,111.7062,0.6,0.2,0.4,0.6,0.3,0.3,0.6944,0.4444,0.25,9.0504,8.9928,0.0575,-0.009275,8.9498,9.3989,0.449,1.4,0.013434,0.6667,0.3333,0.3333,0.6667,0.3333,0.3333,36,45,-9,0
1422136,Chennai Super Kings,Sunrisers Hyderabad,2024-04-05,"Rajiv Gandhi International Stadium, Uppal, Hyderabad",Sunrisers Hyderabad,field,1578.6075,1443.3955,135.212,0.8,0.2,0.6,0.7,0.3,0.4,0.5911,0.4788,0.1123,8.7769,9.3136,-0.5368,-0.025141,7.8932,9.5337,1.6405,2.0,0.015191,0.7368,0.2632,0.4737,0.5,0.25,0.25,225,165,60,0
1422137,Royal Challengers Bengaluru,Rajasthan Royals,2024-04-06,"Sawai Mansingh Stadium, Jaipur",Rajasthan Royals,field,1484.4451,1551.0631,-66.6181,0.25,0.8,-0.55,0.25,0.6,-0.35,0.25,0.5098,-0.2598,8.2817,8.8393,-0.5576,-0.02495,9.063,8.5042,-0.5589,-1.0,-0.008095,0.0,0.0,0.0,0.5,0.4286,0.0714,4,204,-200,0
1422138,Mumbai Indians,Delhi Capitals,2024-04-07,"Wankhede Stadium, Mumbai",Delhi Capitals,field,1522.9241,1494.9081,28.016,0.2,0.2,0.0,0.4,0.4,0.0,0.561,0.5,0.061,9.0423,8.198,0.8443,0.021792,9.1566,8.8227,-0.3339,-0.7,-0.002669,0.6364,0.3636,0.2727,0.5833,0.375,0.2083,246,78,168,1
1422139,Lucknow Super Giants,Gujarat Titans,2024-04-07,"Bharat Ratna Shri Atal Bihari Vajpayee Ekana Cricket Stadium, Lucknow",Lucknow Super Giants,bat,1555.1638,1585.2002,-30.0365,0.6,0.4,0.2,0.6,0.5,0.1,0.5938,0.6757,-0.0819,8.443,8.9232,-0.4802,-0.008861,8.5872,9.1106,0.5234,-0.5,-0.006664,0.0,1.0,-1.0,0.5714,1.0,-0.4286,32,37,-5,1
1426260,Kolkata Knight Riders,Chennai Super Kings,2024-04-08,"MA Chidambaram Stadium, Chepauk, Chennai",Chennai Super Kings,field,1536.9269,1564.9011,-27.9742,0.8,0.6,0.2,0.7,0.7,0.0,0.5169,0.5885,-0.0715,9.1245,8.6462,0.4783,0.032389,8.8262,7.8131,-1.0132,-0.2,0.001332,0.3571,0.6429,-0.2857,0.5,0.7,-0.2,236,226,10,0
1426261,Sunrisers Hyderabad,Punjab Kings,2024-04-09,"Maharaja Yadavindra Singh International Cricket Stadium, Mullanpur",Punjab Kings,field,1457.1019,1499.7115,-42.6096,0.4,0.4,0.0,0.3,0.4,-0.1,0.4819,0.4565,0.0254,9.2988,9.024,0.2747,-0.001948,9.4369,9.1553,-0.2816,-0.9,-0.007065,0.6,0.4,0.2,0.5,1.0,-0.5,166,46,120,1
1426262,Rajasthan Royals,Gujarat Titans,2024-04-10,"Sawai Mansingh Stadium, Jaipur",Gujarat Titans,field,1559.1689,1574.3378,-15.169,1.0,0.4,0.6,0.6,0.5,0.1,0.5122,0.6579,-0.1457,8.8169,8.6373,0.1796,0.024839,8.5408,8.8268,0.286,-1.9,-0.016153,0.2,0.8,-0.6,0.5,1.0,-0.5,205,38,167,0
1426263,Royal Challengers Bengaluru,Mumbai Indians,2024-04-11,"Wankhede Stadium, Mumbai",Mumbai Indians,field,1476.3393,1532.1195,-55.7802,0.2,0.2,0.0,0.2,0.5,-0.3,0.2,0.5628,-0.3628,8.3826,9.4604,-1.0778,-0.040888,9.1717,9.3822,0.2105,-1.3,-0.010423,0.0,0.0,0.0,0.5,0.6154,-0.1154,5,247,-242,0
1426264,Lucknow Super Giants,Delhi Capitals,2024-04-12,"Bharat Ratna Shri Atal Bihari Vajpayee Ekana Cricket Stadium, Lucknow",Lucknow Super Giants,bat,1566.0261,1485.7127,80.3134,0.6,0.2,0.4,0.6,0.3,0.3,0.6061,0.4937,0.1124,8.0361,8.5835,-0.5474,-0.032726,8.2862,9.3014,1.0152,0.7,0.006744,1.0,0.0,1.0,0.625,0.0,0.625,33,79,-46,0
1426265,Punjab Kings,Rajasthan Royals,2024-04-13,"Maharaja Yadavindra Singh International Cricket Stadium, Mullanpur",Rajasthan Royals,field,1488.4913,1549.6052,-61.114,0.4,0.8,-0.4,0.3,0.6,-0.3,0.4468,0.5097,-0.0629,8.9159,8.778,0.138,0.007718,9.0827,8.4448,-0.6378,0.6,0.00379,0.4,0.6,-0.2,0.5,0.5,0.0,47,206,-159,0
1426266,Lucknow Super Giants,Kolkata Knight Riders,2024-04-14,"Eden Gardens, Kolkata",Kolkata Knight Riders,field,1553.7548,1527.7303,26.0245,0.6,0.6,0.0,0.6,0.6,0.0,0.5882,0.5148,0.0735,8.3058,8.7955,-0.4896,-0.023956,8.5673,8.7287,0.1614,0.2,-0.001386,1.0,0.0,1.0,0.5,0.375,0.125,34,237,-203,0
1426267,Chennai Super Kings,Mumbai Indians,2024-04-14,"Wankhede Stadium, Mumbai",Mumbai Indians,field,1574.0976,1540.5277,33.57,0.6,0.4,0.2,0.7,0.5,0.2,0.5903,0.5645,0.0258,8.6512,9.5341,-0.8829,-0.050199,7.7658,9.3284,1.5625,0.8,0.004807,0.4444,0.5556,-0.1111,0.5,0.6429,-0.1429,227,248,-21,1
1426268,Sunrisers Hyderabad,Royal Challengers Bengaluru,2024-04-15,"M Chinnaswamy Stadium, Bengaluru",Royal Challengers Bengaluru,field,1468.3222,1467.9312,0.3911,0.6,0.2,0.4,0.4,0.1667,0.2333,0.485,0.1667,0.3184,9.3917,8.52,0.8717,0.024091,9.4886,9.6261,0.1375,0.2333,-0.000401,0.0,0.0,0.0,0.5,0.3333,0.1667,167,6,161,1
1426269,Kolkata Knight Riders,Rajasthan Royals,2024-04-16,"Eden Gardens, Kolkata",Rajasthan Royals,field,1538.478,1557.8641,-19.3861,0.8,0.8,0.0,0.7,0.7,0.0,0.5168,0.5121,0.0047,8.8418,8.8978,-0.056,-0.004381,8.5059,8.3018,-0.2042,0.1,0.003721,0.56,0.44,0.12,0.4444,0.5,-0.0556,238,207,31,0
1426270,Gujarat Titans,Delhi Capitals,2024-04-17,"Narendra Modi Stadium, Ahmedabad",Delhi Capitals,field,1583.9015,1497.984,85.9175,0.4,0.4,0.0,0.5,0.3,0.2,0.6667,0.5,0.1667,8.6902,8.4364,0.2537,-0.011698,9.0226,9.221,0.1984,0.3,0.005713,0.6667,0.3333,0.3333,0.6154,0.75,-0.1346,39,80,-41,0
1426271,Mumbai Indians,Punjab Kings,2024-04-18,"Maharaja Yadavindra Singh International Cricket Stadium, Mullanpur",Punjab Kings,field,1531.4909,1480.2323,51.2586,0.4,0.2,0.2,0.4,0.3,0.1,0.5622,0.4375,0.1247,9.3433,8.6148,0.7285,0.020485,9.3874,8.729,-0.6584,-0.9,-0.006083,0.4,0.6,-0.2,0.5,0.3333,0.1667,249,48,201,1
1426272,Chennai Super Kings,Lucknow Super Giants,2024-04-19,"Bharat Ratna Shri Atal Bihari Vajpayee Ekana Cricket Stadium, Lucknow",Lucknow Super Giants,field,1583.1344,1543.0072,40.1272,0.6,0.6,0.0,0.7,0.6,0.1,0.5921,0.5714,0.0207,8.8824,8.2433,0.6391,0.018535,7.9936,8.3871,0.3936,0.4,0.00192,0.5,0.5,0.0,0.5,0.5556,-0.0556,228,35,193,0
1426273,Sunrisers Hyderabad,Delhi Capitals,2024-04-20,"Arun Jaitley Stadium, Delhi",Delhi Capitals,field,1478.311,1510.4077,-32.0967,0.8,0.6,0.2,0.4,0.4,0.0,0.4881,0.5062,-0.0181,9.6774,8.6997,0.9777,0.014534,9.6602,8.9809,-0.6793,-1.5,-0.01123,0.4,0.6,-0.2,0.3333,0.2857,0.0476,168,81,87,1
1426274,Kolkata Knight Riders,Royal Challengers Bengaluru,2024-04-21,"Eden Gardens, Kolkata",Royal Challengers Bengaluru,field,1529.0354,1457.9424,71.093,0.6,0.0,0.6,0.6,0.1429,0.4571,0.5146,0.1429,0.3718,9.0839,9.017,0.0669,0.004425,8.779,10.1752,1.3962,2.3,0.019281,1.0,0.0,1.0,0.4,0.5,-0.1,239,7,232,1
1426275,Punjab Kings,Gujarat Titans,2024-04-21,"Maharaja Yadavindra Singh International Cricket Stadium, Mullanpur",Punjab Kings,bat,1471.6971,1571.4778,-99.7808,0.2,0.4,-0.2,0.3,0.4,-0.1,0.4286,0.65,-0.2214,8.6271,8.2391,0.388,0.024478,8.7633,9.024,0.2607,0.2,-0.003648,0.5,0.5,0.0,0.25,0.5,-0.25,49,40,9,0
1426276,Mumbai Indians,Rajasthan Royals,2024-04-22,"Sawai Mansingh Stadium, Jaipur",Mumbai Indians,bat,1540.0262,1567.3067,-27.2806,0.6,0.8,-0.2,0.5,0.8,-0.3,0.564,0.5144,0.0496,9.4821,8.9117,0.5704,0.020114,9.4017,8.304,-1.0977,-0.1,0.000813,0.5357,0.4643,0.0714,0.5,0.4444,0.0556,250,208,42,0
1426277,Chennai Super Kings,Lucknow Super Giants,2024-04-23,"MA Chidambaram Stadium, Chepauk, Chennai",Lucknow Super Giants,field,1571.9846,1554.157,17.8275,0.4,0.6,-0.2,0.7,0.6,0.1,0.5895,0.5833,0.0062,9.0576,8.1987,0.8589,0.028382,8.1134,8.3575,0.2441,0.2,7.2e-05,0.3333,0.6667,-0.3333,0.7273,0.0,0.7273,229,36,193,0
1426278,Delhi Capitals,Gujarat Titans,2024-04-24,"Arun Jaitley Stadium, Delhi",Gujarat Titans,field,1499.4865,1578.6823,-79.1958,0.4,0.4,0.0,0.4,0.5,-0.1,0.5,0.6585,-0.1585,9.0366,8.293,0.7436,0.042067,9.4833,8.8564,-0.6269,-0.3,-0.00836,0.5,0.5,0.0,0.25,1.0,-0.75,82,41,41,1
1426279,Royal Challengers Bengaluru,Sunrisers Hyderabad,2024-04-25,"Rajiv Gandhi International Stadium, Uppal, Hyderabad",Royal Challengers Bengaluru,bat,1449.9605,1489.2322,-39.2716,0.0,0.8,-0.8,0.125,0.5,-0.375,0.125,0.4911,-0.3661,9.2234,10.0839,-0.8604,-0.017826,10.1956,9.7203,-0.4753,-1.35,-0.009519,0.0,1.0,-1.0,0.5,0.3333,0.1667,8,169,-161,1
1426280,Kolkata Knight Riders,Punjab Kings,2024-04-26,"Eden Gardens, Kolkata",Punjab Kings,field,1537.0173,1464.4925,72.5247,0.6,0.2,0.4,0.6,0.2,0.4,0.5167,0.42,0.0967,9.2357,8.5342,0.7015,0.021197,9.0076,8.8615,-0.1461,0.1,0.003348,0.6,0.4,0.2,0.4545,0.0,0.4545,240,50,190,0
1426281,Delhi Capitals,Mumbai Indians,2024-04-27,"Arun Jaitley Stadium, Delhi",Mumbai Indians,field,1511.7273,1530.8097,-19.0825,0.6,0.6,0.0,0.4,0.4,0.0,0.506,0.5618,-0.0557,9.1099,9.2566,-0.1466,0.00311,9.5885,9.3872,-0.2013,0.7,0.003576,0.3333,0.6667,-0.3333,0.3333,1.0,-0.6667,83,251,-168,1
1426282,Lucknow Super Giants,Rajasthan Royals,2024-04-27,"Bharat Ratna Shri Atal Bihari Vajpayee Ekana Cricket Stadium, Lucknow",Rajasthan Royals,field,1564.6697,1576.5231,-11.8534,0.6,0.8,-0.2,0.6,0.8,-0.2,0.5946,0.5167,0.0778,8.3883,8.808,-0.4197,-0.022433,8.602,8.401,-0.201,-0.3,-0.000368,0.25,0.75,-0.5,0.6,0.5,0.1,37,209,-172,0
1426283,Gujarat Titans,Royal Challengers Bengaluru,2024-04-28,"Narendra Modi Stadium, Ahmedabad",Royal Challengers Bengaluru,field,1566.4416,1461.0861,105.3555,0.4,0.2,0.2,0.4,0.2222,0.1778,0.6429,0.2222,0.4206,8.2494,9.2968,-1.0474,-0.03848,9.0739,9.9278,0.8538,1.4333,0.014808,0.0,0.0,0.0,0.5714,0.5,0.0714,42,9,33,0
1426284,Chennai Super Kings,Sunrisers Hyderabad,2024-04-28,"MA Chidambaram Stadium, Chepauk, Chennai",Sunrisers Hyderabad,field,1561.4719,1478.1066,83.3653,0.4,0.8,-0.4,0.6,0.5,0.1,0.587,0.4882,0.0987,9.0454,10.1334,-1.0881,-0.035237,8.4615,9.8314,1.3699,0.4,0.002714,0.7,0.3,0.4,0.6667,0.2,0.4667,230,170,60,1
1426285,Delhi Capitals,Kolkata Knight Riders,2024-04-29,"Eden Gardens, Kolkata",Delhi Capitals,bat,1522.276,1524.9596,-2.6837,0.8,0.4,0.4,0.5,0.6,-0.1,0.5119,0.5145,-0.0026,9.6911,9.7062,-0.0151,0.005529,9.7111,9.3042,-0.4069,0.3,0.000631,0.6,0.4,0.2,0.5,0.4167,0.0833,84,241,-157,0
1426286,Mumbai Indians,Lucknow Super Giants,2024-04-30,"Bharat Ratna Shri Atal Bihari Vajpayee Ekana Cricket Stadium, Lucknow",Lucknow Super Giants,field,1520.2611,1555.0107,-34.7497,0.4,0.4,0.0,0.3,0.5,-0.2,0.5595,0.5789,-0.0194,9.5616,8.4792,1.0824,0.047236,9.9592,8.787,-1.1722,-0.5,-0.005185,0.25,0.75,-0.5,0.0,0.5455,-0.5455,252,38,214,0
1426287,Chennai Super Kings,Punjab Kings,2024-05-01,"MA Chidambaram Stadium, Chepauk, Chennai",Punjab Kings,field,1569.1175,1476.5502,92.5673,0.6,0.2,0.4,0.6,0.3,0.3,0.5887,0.4314,0.1574,9.2161,8.9004,0.3157,2.8e-05,8.4594,9.0508,0.5913,-1.1,-0.008522,0.2,0.8,-0.6,0.6923,0.6667,0.0256,231,51,180,0
1426288,Sunrisers Hyderabad,Rajasthan Royals,2024-05-02,"Rajiv Gandhi International Stadium, Uppal, Hyderabad",Sunrisers Hyderabad,bat,1470.4611,1586.1821,-115.721,0.6,0.8,-0.2,0.5,0.9,-0.4,0.4854,0.519,-0.0337,9.9466,9.1317,0.8149,0.015503,9.9128,8.4933,-1.4196,-0.8,-0.00557,0.5,0.5,0.0,0.3,1.0,-0.7,171,210,-39,1
1426289,Kolkata Knight Riders,Mumbai Indians,2024-05-03,"Wankhede Stadium, Mumbai",Mumbai Indians,field,1534.8824,1511.2579,23.6245,0.6,0.2,0.4,0.6,0.3,0.3,0.5165,0.5573,-0.0408,9.8914,9.3442,0.5472,0.023809,9.341,9.5676,0.2265,1.6,0.013435,0.2812,0.7188,-0.4375,0.4286,0.6,-0.1714,242,253,-11,1
1426290,Gujarat Titans,Royal Challengers Bengaluru,2024-05-04,"M Chinnaswamy Stadium, Bengaluru",Royal Challengers Bengaluru,field,1553.4989,1474.0288,79.47,0.4,0.4,0.0,0.4,0.3,0.1,0.6279,0.3,0.3279,8.1271,9.5455,-1.4183,-0.048851,9.2102,9.8529,0.6427,1.2,0.012722,0.0,1.0,-1.0,1.0,0.25,0.75,43,10,33,0
1426291,Chennai Super Kings,Punjab Kings,2024-05-05,"Himachal Pradesh Cricket Association Stadium, Dharamsala",Punjab Kings,field,1556.5145,1489.1532,67.3613,0.4,0.4,0.0,0.5,0.4,0.1,0.5862,0.4423,0.1439,8.9097,8.8555,0.0542,-0.007142,8.2512,8.8987,0.6475,-1.3,-0.009777,0.1667,0.8333,-0.6667,0.5,0.0,0.5,232,52,180,1
1426292,Kolkata Knight Riders,Lucknow Super Giants,2024-05-05,"Bharat Ratna Shri Atal Bihari Vajpayee Ekana Cricket Stadium, Lucknow",Lucknow Super Giants,field,1544.2035,1564.0139,-19.8104,0.6,0.6,0.0,0.7,0.6,0.1,0.5185,0.5897,-0.0712,9.8617,8.5549,1.3068,0.058039,9.2564,8.5965,-0.6599,1.7,0.013803,0.25,0.75,-0.5,0.5,0.5833,-0.0833,243,39,204,1
1426293,Sunrisers Hyderabad,Mumbai Indians,2024-05-06,"Wankhede Stadium, Mumbai",Mumbai Indians,field,1483.6739,1501.9368,-18.263,0.6,0.2,0.4,0.6,0.3,0.3,0.4884,0.5551,-0.0667,9.9354,9.299,0.6364,0.011404,9.7583,9.5646,-0.1937,0.2,0.000232,0.4762,0.5238,-0.0476,0.2,0.5625,-0.3625,172,254,-82,0
1426294,Delhi Capitals,Rajasthan Royals,2024-05-07,"Arun Jaitley Stadium, Delhi",Rajasthan Royals,field,1512.3532,1572.9693,-60.6161,0.6,0.8,-0.2,0.5,0.8,-0.3,0.5059,0.5166,-0.0107,9.5645,9.141,0.4235,0.027022,9.7792,8.5463,-1.2329,0.6,0.006085,0.6,0.4,0.2,0.4,0.5,-0.1,85,211,-126,1
1426295,Lucknow Super Giants,Sunrisers Hyderabad,2024-05-08,"Rajiv Gandhi International Stadium, Uppal, Hyderabad",Lucknow Super Giants,bat,1553.4443,1474.199,79.2453,0.6,0.4,0.2,0.6,0.6,0.0,0.575,0.4855,0.0895,8.5253,9.7145,-1.1892,-0.034765,8.7923,9.7512,0.9589,0.1,0.002305,1.0,0.0,1.0,1.0,0.3636,0.6364,40,173,-133,0
1426296,Royal Challengers Bengaluru,Punjab Kings,2024-05-09,"Himachal Pradesh Cricket Association Stadium, Dharamsala",Punjab Kings,field,1486.2771,1481.0681,5.209,0.6,0.4,0.2,0.4,0.3,0.1,0.3636,0.434,-0.0703,9.8094,8.6553,1.1542,0.035176,9.7011,8.8578,-0.8432,-1.9,-0.014111,1.0,0.0,1.0,0.5,0.0,0.5,11,53,-42,1
1426297,Gujarat Titans,Chennai Super Kings,2024-05-10,"Narendra Modi Stadium, Ahmedabad",Chennai Super Kings,field,1541.2506,1564.5996,-23.349,0.2,0.4,-0.2,0.3,0.5,-0.2,0.6136,0.588,0.0257,8.0441,8.8298,-0.7857,-0.020529,9.49,8.1179,-1.3721,-0.6,-0.000138,0.5,0.5,0.0,0.5333,0.5,0.0333,44,233,-189,1
1426298,Kolkata Knight Riders,Mumbai Indians,2024-05-11,"Eden Gardens, Kolkata",Mumbai Indians,field,1554.773,1511.4117,43.3614,0.8,0.2,0.6,0.7,0.4,0.3,0.5205,0.5569,-0.0364,9.9868,9.0796,0.9072,0.03121,9.0658,9.0466,-0.0192,1.2,0.011725,0.303,0.697,-0.3939,0.4615,0.5,-0.0385,244,255,-11,1
1426299,Rajasthan Royals,Chennai Super Kings,2024-05-12,"MA Chidambaram Stadium, Chepauk, Chennai",Rajasthan Royals,bat,1561.2421,1553.9286,7.3136,0.6,0.4,0.2,0.7,0.4,0.3,0.5142,0.5855,-0.0713,9.1504,8.7883,0.362,0.018897,8.7952,8.5714,-0.2238,0.8,0.004844,0.4643,0.5357,-0.0714,1.0,0.6429,0.3571,212,234,-22,0
1426300,Royal Challengers Bengaluru,Delhi Capitals,2024-05-12,"M Chinnaswamy Stadium, Bengaluru",Delhi Capitals,field,1496.1272,1524.0804,-27.9532,0.8,0.6,0.2,0.4,0.6,-0.2,0.4167,0.5116,-0.095,10.0941,9.841,0.2531,-0.006495,9.8892,9.8094,-0.0798,-1.5,-0.010363,0.0,0.0,0.0,0.4,0.0,0.4,12,86,-74,1
1426302,Delhi Capitals,Lucknow Super Giants,2024-05-14,"Arun Jaitley Stadium, Delhi",Lucknow Super Giants,field,1513.2776,1541.2022,-27.9246,0.6,0.4,0.2,0.5,0.5,0.0,0.5057,0.561,-0.0552,9.6327,8.3725,1.2601,0.06293,9.9029,9.2137,-0.6892,2.1,0.013327,0.25,0.75,-0.5,0.4545,0.5,-0.0455,87,41,46,1
1426303,Rajasthan Royals,Punjab Kings,2024-05-15,"Barsapara Cricket Stadium, Guwahati",Rajasthan Royals,bat,1551.0317,1471.218,79.8137,0.4,0.4,0.0,0.6,0.3,0.3,0.5117,0.4259,0.0858,8.9408,8.8235,0.1173,-0.000637,8.7242,9.1321,0.4079,-0.8,-0.006486,0.6667,0.3333,0.3333,0.5,1.0,-0.5,213,54,159,0
1426305,Lucknow Super Giants,Mumbai Indians,2024-05-17,"Wankhede Stadium, Mumbai",Mumbai Indians,field,1530.4002,1502.6533,27.7469,0.2,0.2,0.0,0.4,0.4,0.0,0.5476,0.5547,-0.0071,8.4186,9.3193,-0.9006,-0.041974,9.4541,9.1938,-0.2603,-2.0,-0.013721,0.8,0.2,0.6,0.5,0.5882,-0.0882,42,256,-214,1
1426306,Royal Challengers Bengaluru,Chennai Super Kings,2024-05-18,"M Chinnaswamy Stadium, Bengaluru",Chennai Super Kings,field,1506.93,1564.139,-57.209,1.0,0.6,0.4,0.5,0.5,0.0,0.4615,0.5872,-0.1257,10.0854,8.7613,1.3241,0.0441,9.5373,8.3457,-1.1916,0.7,0.006142,0.0,1.0,-1.0,0.5,1.0,-0.5,13,235,-222,1
1426307,Punjab Kings,Sunrisers Hyderabad,2024-05-19,"Rajiv Gandhi International Stadium, Uppal, Hyderabad",Punjab Kings,bat,1483.4756,1486.4411,-2.9655,0.6,0.4,0.2,0.4,0.6,-0.2,0.4364,0.4885,-0.0521,8.7173,9.7315,-1.0143,-0.021459,8.8964,9.3814,0.485,1.7,0.013297,0.3333,0.6667,-0.3333,0.0,0.4167,-0.4167,55,174,-119,0
1426309,Sunrisers Hyderabad,Kolkata Knight Riders,2024-05-21,"Narendra Modi Stadium, Ahmedabad",Sunrisers Hyderabad,bat,1496.3558,1563.5314,-67.1756,0.6,0.8,-0.2,0.7,0.7,0.0,0.4914,0.5224,-0.031,10.0017,9.8926,0.1091,-0.014567,9.5584,9.0077,-0.5507,-2.0,-0.020164,0.36,0.64,-0.28,0.0,0.6667,-0.6667,175,245,-70,0
1426310,Royal Challengers Bengaluru,Rajasthan Royals,2024-05-22,"Narendra Modi Stadium, Ahmedabad",Rajasthan Royals,field,1518.5619,1538.774,-20.2121,1.0,0.2,0.8,0.6,0.5,0.1,0.5,0.5093,-0.0093,10.3686,8.8643,1.5043,0.043056,9.5871,8.8912,-0.6958,0.5,0.005526,0.0,1.0,-1.0,1.0,0.6667,0.3333,14,214,-200,0
1426311,Sunrisers Hyderabad,Rajasthan Royals,2024-05-24,"MA Chidambaram Stadium, Chepauk, Chennai",Rajasthan Royals,field,1488.2655,1548.1929,-59.9274,0.6,0.2,0.4,0.6,0.5,0.1,0.4886,0.5116,-0.023,9.8571,8.7845,1.0726,0.025656,9.8472,8.8595,-0.9877,-1.0,-0.006846,0.5263,0.4737,0.0526,0.1667,0.5,-0.3333,176,215,-39,1
1426312,Sunrisers Hyderabad,Kolkata Knight Riders,2024-05-26,"MA Chidambaram Stadium, Chepauk, Chennai",Sunrisers Hyderabad,bat,1499.9735,1571.6217,-71.6482,0.6,1.0,-0.4,0.6,0.7,-0.1,0.4915,0.5244,-0.0329,9.8054,9.7603,0.045,-0.021442,9.6589,8.8651,-0.7938,-2.2,-0.019553,0.3462,0.6538,-0.3077,0.2857,0.4,-0.1143,177,246,-69,0
1473438,Kolkata Knight Riders,Royal Challengers Bengaluru,2025-03-22,"Eden Gardens, Kolkata",Royal Challengers Bengaluru,field,1579.5882,1509.143,70.4453,1.0,0.8,0.2,0.8,0.6,0.2,0.5263,0.4667,0.0596,10.1765,10.3395,-0.1629,0.011097,8.6639,9.5046,0.8407,1.8,0.016086,1.0,0.0,1.0,0.5,0.0,0.5,247,15,232,0
1473439,Sunrisers Hyderabad,Rajasthan Royals,2025-03-23,"Rajiv Gandhi International Stadium, Uppal, Hyderabad",Rajasthan Royals,field,1492.0069,1536.485,-44.4781,0.6,0.2,0.4,0.5,0.5,0.0,0.4888,0.5093,-0.0205,9.0433,8.5291,0.5142,0.001884,9.4384,8.7502,-0.6882,-1.6,-0.009341,0.55,0.45,0.1,0.4615,0.5,-0.0385,178,216,-38,1
1473440,Mumbai Indians,Chennai Super Kings,2025-03-23,"MA Chidambaram Stadium, Chepauk, Chennai",Chennai Super Kings,field,1493.4502,1552.5071,-59.057,0.2,0.4,-0.2,0.3,0.5,-0.2,0.5525,0.5847,-0.0322,9.1267,8.8529,0.2737,0.022368,9.1779,8.4907,-0.6872,0.8,0.006499,0.5405,0.4595,0.0811,0.4286,0.6667,-0.2381,257,236,21,0
1473441,Lucknow Super Giants,Delhi Capitals,2025-03-24,"Dr. Y.S. Rajasekhara Reddy ACA-VDCA Cricket Stadium, Visakhapatnam",Delhi Capitals,field,1539.6033,1524.0796,15.5237,0.4,0.6,-0.2,0.4,0.6,-0.2,0.5581,0.5114,0.0468,8.6055,9.7007,-1.0952,-0.052558,9.7409,9.5697,-0.1712,-3.3,-0.024603,0.6,0.4,0.2,0.5,0.5,0.0,43,88,-45,0
1473442,Punjab Kings,Gujarat Titans,2025-03-25,"Narendra Modi Stadium, Ahmedabad",Gujarat Titans,field,1473.561,1551.9216,-78.3606,0.4,0.4,0.0,0.3,0.4,-0.1,0.4286,0.6222,-0.1937,8.7727,8.4963,0.2764,0.017947,8.9879,9.4441,0.4562,1.8,0.008671,0.4,0.6,-0.2,0.5,0.5625,-0.0625,56,45,11,1
1473443,Rajasthan Royals,Kolkata Knight Riders,2025-03-26,"Barsapara Cricket Stadium, Guwahati",Kolkata Knight Riders,field,1525.2117,1567.588,-42.3763,0.2,0.8,-0.6,0.4,0.7,-0.3,0.5069,0.5242,-0.0173,8.9155,10.068,-1.1525,-0.04333,9.3639,8.956,-0.4079,-1.6,-0.017619,0.4615,0.5385,-0.0769,0.3333,0.5,-0.1667,217,248,-31,0
1473444,Sunrisers Hyderabad,Lucknow Super Giants,2025-03-27,"Rajiv Gandhi International Stadium, Uppal, Hyderabad",Lucknow Super Giants,field,1503.2802,1529.1567,-25.8766,0.6,0.2,0.4,0.5,0.4,0.1,0.4916,0.5455,-0.0538,9.0682,8.8244,0.2438,0.004394,9.6063,9.8775,0.2712,-0.1,-0.000307,0.25,0.75,-0.5,0.5,0.5,0.0,179,44,135,0
1473445,Royal Challengers Bengaluru,Chennai Super Kings,2025-03-28,"MA Chidambaram Stadium, Chepauk, Chennai",Chennai Super Kings,field,1521.1432,1560.8235,-39.6803,0.8,0.6,0.2,0.7,0.5,0.2,0.5,0.5865,-0.0865,10.4987,8.871,1.6277,0.061872,9.1676,8.5993,-0.5683,1.5,0.011887,0.5,0.5,0.0,0.0,0.6875,-0.6875,16,237,-221,1
1473446,Gujarat Titans,Mumbai Indians,2025-03-29,"Narendra Modi Stadium, Ahmedabad",Mumbai Indians,field,1539.7037,1485.1338,54.5699,0.2,0.2,0.0,0.3,0.2,0.1,0.6087,0.5504,0.0583,8.7463,8.6908,0.0555,-0.005907,9.8498,9.0663,-0.7834,-0.9,-0.002814,0.6,0.4,0.2,0.5294,0.0,0.5294,46,258,-212,1
1473447,Sunrisers Hyderabad,Delhi Capitals,2025-03-30,"Dr. Y.S. Rajasekhara Reddy ACA-VDCA Cricket Stadium, Visakhapatnam",Sunrisers Hyderabad,bat,1494.0236,1534.5261,-40.5025,0.4,0.6,-0.2,0.5,0.7,-0.2,0.4889,0.5169,-0.028,9.1797,9.7403,-0.5605,-0.038051,9.6993,9.4783,-0.221,-3.4,-0.024632,0.4545,0.5455,-0.0909,0.5,0.6667,-0.1667,180,89,91,0
1473448,Rajasthan Royals,Chennai Super Kings,2025-03-30,"Barsapara Cricket Stadium, Guwahati",Chennai Super Kings,field,1516.4254,1549.6864,-33.261,0.2,0.4,-0.2,0.3,0.4,-0.1,0.5046,0.584,-0.0794,8.6047,8.6,0.0047,0.016787,9.1664,8.6201,-0.5463,0.3,0.002673,0.4483,0.5517,-0.1034,0.25,0.5,-0.25,218,238,-20,1
1473449,Kolkata Knight Riders,Mumbai Indians,2025-03-31,"Wankhede Stadium, Mumbai",Mumbai Indians,field,1576.3743,1476.6917,99.6827,0.8,0.2,0.6,0.8,0.2,0.6,0.5261,0.5483,-0.0222,9.8599,8.5411,1.3188,0.052456,8.6227,8.9804,0.3577,1.5,0.016418,0.3235,0.6765,-0.3529,0.5,0.5556,-0.0556,249,259,-10,0
1473450,Lucknow Super Giants,Punjab Kings,2025-04-01,"Bharat Ratna Shri Atal Bihari Vajpayee Ekana Cricket Stadium, Lucknow",Punjab Kings,field,1538.4133,1485.7789,52.6344,0.4,0.4,0.0,0.5,0.4,0.1,0.5556,0.4386,0.117,9.1365,9.0874,0.049,-0.004675,9.8357,9.2071,-0.6287,-1.6,-0.010456,0.75,0.25,0.5,0.5385,0.5,0.0385,45,57,-12,0
1473451,Royal Challengers Bengaluru,Gujarat Titans,2025-04-02,"M Chinnaswamy Stadium, Bengaluru",Gujarat Titans,field,1532.2804,1548.1458,-15.8655,0.8,0.4,0.4,0.8,0.4,0.4,0.5294,0.617,-0.0876,10.2031,8.6893,1.5138,0.054622,8.5518,9.5978,1.046,2.4,0.015152,1.0,0.0,1.0,0.5714,0.5,0.0714,17,47,-30,0
1473452,Kolkata Knight Riders,Sunrisers Hyderabad,2025-04-03,"Eden Gardens, Kolkata",Sunrisers Hyderabad,field,1563.5814,1485.1841,78.3974,0.6,0.4,0.2,0.7,0.5,0.2,0.524,0.4862,0.0378,9.5149,9.303,0.2119,0.022043,8.4238,9.6953,1.2715,2.9,0.025679,0.6667,0.3333,0.3333,0.4667,0.5,-0.0333,250,181,69,1
1473453,Lucknow Super Giants,Mumbai Indians,2025-04-04,"Bharat Ratna Shri Atal Bihari Vajpayee Ekana Cricket Stadium, Lucknow",Mumbai Indians,field,1526.9099,1489.4845,37.4253,0.4,0.2,0.2,0.4,0.2,0.2,0.5435,0.55,-0.0065,9.0918,8.5056,0.5863,0.016508,10.0276,8.8326,-1.195,-1.6,-0.011814,0.8333,0.1667,0.6667,0.5,0.0,0.5,46,260,-214,1
1473454,Delhi Capitals,Chennai Super Kings,2025-04-05,"MA Chidambaram Stadium, Chepauk, Chennai",Delhi Capitals,bat,1543.3656,1538.732,4.6336,0.8,0.4,0.4,0.7,0.4,0.3,0.5222,0.5816,-0.0594,9.8387,8.6,1.2387,0.062028,9.521,8.6089,-0.9121,1.7,0.014845,0.4167,0.5833,-0.1667,0.5,0.6471,-0.1471,90,239,-149,1
1473455,Rajasthan Royals,Punjab Kings,2025-04-05,"Maharaja Yadavindra Singh International Cricket Stadium, Mullanpur",Punjab Kings,field,1527.3798,1497.2823,30.0975,0.4,0.6,-0.2,0.3,0.5,-0.2,0.5068,0.4483,0.0586,8.5309,9.4257,-0.8948,-0.030844,9.1892,9.2837,0.0945,-1.3,-0.009407,0.5714,0.4286,0.1429,1.0,0.2,0.8,219,58,161,1
1473457,Sunrisers Hyderabad,Gujarat Titans,2025-04-06,"Rajiv Gandhi International Stadium, Uppal, Hyderabad",Gujarat Titans,field,1477.403,1557.6895,-80.2865,0.2,0.6,-0.4,0.4,0.5,-0.1,0.4835,0.625,-0.1415,9.0695,8.9853,0.0843,0.001764,9.7755,9.613,-0.1626,-1.2,-0.009947,0.25,0.75,-0.5,0.4667,0.5,-0.0333,182,48,134,0
1473458,Royal Challengers Bengaluru,Mumbai Indians,2025-04-07,"Wankhede Stadium, Mumbai",Mumbai Indians,field,1522.7367,1480.5576,42.1791,0.6,0.2,0.4,0.8,0.2,0.6,0.5,0.5479,-0.0479,9.9432,8.5964,1.3468,0.041452,8.4419,8.8515,0.4096,-0.1,-0.00043,0.0,1.0,-1.0,0.0,0.5789,-0.5789,18,261,-243,1
1473456,Lucknow Super Giants,Kolkata Knight Riders,2025-04-08,"Eden Gardens, Kolkata",Kolkata Knight Riders,field,1535.8368,1571.3625,-35.5257,0.6,0.6,0.0,0.4,0.8,-0.4,0.5532,0.5259,0.0273,9.0049,9.2425,-0.2375,-0.015177,9.9121,7.7322,-2.1799,-3.0,-0.029843,0.6,0.4,0.2,0.3333,0.5,-0.1667,47,251,-204,1
1473459,Punjab Kings,Chennai Super Kings,2025-04-08,"Maharaja Yadavindra Singh International Cricket Stadium, Mullanpur",Punjab Kings,bat,1488.1465,1528.8653,-40.7189,0.6,0.2,0.4,0.5,0.4,0.1,0.4407,0.5792,-0.1385,9.275,8.3058,0.9692,0.052998,9.3462,8.4632,-0.883,0.1,0.000245,0.7143,0.2857,0.4286,0.1667,0.5,-0.3333,59,240,-181,1
1473460,Gujarat Titans,Rajasthan Royals,2025-04-09,"Narendra Modi Stadium, Ahmedabad",Rajasthan Royals,field,1565.419,1536.5157,28.9032,0.8,0.4,0.4,0.5,0.3,0.2,0.6327,0.5091,0.1236,8.9424,8.4984,0.4439,0.009261,9.4177,8.9877,-0.43,-0.1,0.00429,0.8333,0.1667,0.6667,0.5556,0.75,-0.1944,49,220,-171,1
1473461,Royal Challengers Bengaluru,Delhi Capitals,2025-04-10,"M Chinnaswamy Stadium, Bengaluru",Delhi Capitals,field,1531.5286,1553.2322,-21.7036,0.6,0.8,-0.2,0.8,0.7,0.1,0.5263,0.5275,-0.0012,10.0034,9.737,0.2665,0.001422,8.6528,9.7335,1.0808,-0.3,-0.000956,1.0,0.0,1.0,0.5,0.0,0.5,19,91,-72,0
1473462,Chennai Super Kings,Kolkata Knight Riders,2025-04-11,"MA Chidambaram Stadium, Chepauk, Chennai",Kolkata Knight Riders,field,1517.6987,1560.3436,-42.6449,0.2,0.4,-0.2,0.3,0.7,-0.4,0.5768,0.5238,0.053,8.2324,9.3685,-1.1361,-0.063021,8.819,8.1818,-0.6372,-1.3,-0.018302,0.6552,0.3448,0.3103,0.6111,0.5,0.1111,241,252,-11,0
1473463,Gujarat Titans,Lucknow Super Giants,2025-04-12,"Bharat Ratna Shri Atal Bihari Vajpayee Ekana Cricket Stadium, Lucknow",Lucknow Super Giants,field,1574.589,1546.8558,27.7332,0.8,0.6,0.2,0.6,0.5,0.1,0.64,0.5625,0.0775,9.4033,9.2125,0.1908,-0.000213,9.199,9.9221,0.7231,1.1,0.009552,0.8,0.2,0.6,0.5,0.5333,-0.0333,50,48,2,0
1473464,Punjab Kings,Sunrisers Hyderabad,2025-04-12,"Rajiv Gandhi International Stadium, Uppal, Hyderabad",Punjab Kings,bat,1499.3131,1469.6736,29.6396,0.6,0.2,0.4,0.6,0.4,0.2,0.45,0.4809,-0.0309,9.659,9.0311,0.6279,0.024092,9.5115,9.7043,0.1928,2.2,0.011805,0.2857,0.7143,-0.4286,0.0,0.4375,-0.4375,60,183,-123,0
1473465,Rajasthan Royals,Royal Challengers Bengaluru,2025-04-13,"Sawai Mansingh Stadium, Jaipur",Royal Challengers Bengaluru,field,1527.3457,1522.1525,5.1932,0.4,0.6,-0.2,0.3,0.7,-0.4,0.5068,0.5,0.0068,8.3491,9.5677,-1.2186,-0.037807,9.0147,8.6418,-0.3728,-1.0,-0.010541,1.0,0.0,1.0,0.5,0.0,0.5,221,20,201,0
1473466,Mumbai Indians,Delhi Capitals,2025-04-13,"Arun Jaitley Stadium, Delhi",Delhi Capitals,field,1471.7657,1562.6084,-90.8427,0.2,1.0,-0.8,0.2,0.8,-0.6,0.5458,0.5326,0.0132,8.4155,9.6842,-1.2688,-0.040133,8.6733,9.2091,0.5358,-0.2,-0.000532,0.6154,0.3846,0.2308,0.75,0.5,0.25,262,92,170,1
1473467,Lucknow Super Giants,Chennai Super Kings,2025-04-14,"Bharat Ratna Shri Atal Bihari Vajpayee Ekana Cricket Stadium, Lucknow",Chennai Super Kings,field,1557.6523,1508.92,48.7324,0.8,0.0,0.8,0.5,0.3,0.2,0.5714,0.5744,-0.003,9.4307,7.9789,1.4518,0.063836,10.0794,8.9144,-1.165,-0.7,-0.005566,0.75,0.25,0.5,0.5625,0.0,0.5625,49,242,-193,0
1473468,Punjab Kings,Kolkata Knight Riders,2025-04-15,"Maharaja Yadavindra Singh International Cricket Stadium, Mullanpur",Punjab Kings,bat,1488.4621,1569.1223,-80.6602,0.6,0.6,0.0,0.5,0.7,-0.2,0.4426,0.5257,-0.0831,9.4761,9.5515,-0.0754,-0.01064,9.528,7.9096,-1.6184,-1.3,-0.018108,0.5,0.5,0.0,0.2857,0.5,-0.2143,61,253,-192,1
1473470,Sunrisers Hyderabad,Mumbai Indians,2025-04-17,"Wankhede Stadium, Mumbai",Mumbai Indians,field,1480.5246,1484.3223,-3.7977,0.2,0.4,-0.2,0.4,0.3,0.1,0.4837,0.5475,-0.0638,8.9803,8.7446,0.2356,-0.002153,10.1012,8.933,-1.1682,-3.3,-0.023118,0.4545,0.5455,-0.0909,0.1667,0.55,-0.3833,184,263,-79,0
1473471,Royal Challengers Bengaluru,Punjab Kings,2025-04-18,"M Chinnaswamy Stadium, Bengaluru",Punjab Kings,field,1532.3019,1500.7428,31.5591,0.6,0.6,0.0,0.7,0.5,0.2,0.5238,0.4516,0.0722,9.461,9.3715,0.0895,-0.002382,8.7665,9.4872,0.7207,0.4,0.004768,1.0,0.0,1.0,0.4444,0.0,0.4444,21,62,-41,0
1473472,Delhi Capitals,Gujarat Titans,2025-04-19,"Narendra Modi Stadium, Ahmedabad",Gujarat Titans,field,1550.0517,1563.7924,-13.7407,0.8,0.8,0.0,0.7,0.5,0.2,0.5269,0.6275,-0.1006,9.5608,9.4696,0.0912,0.012072,9.1361,9.4476,0.3114,1.3,0.008006,0.6,0.4,0.2,0.8,0.5789,0.2211,93,51,42,0
1473473,Lucknow Super Giants,Rajasthan Royals,2025-04-19,"Sawai Mansingh Stadium, Jaipur",Lucknow Super Giants,bat,1546.2588,1517.1962,29.0626,0.6,0.4,0.2,0.5,0.3,0.2,0.56,0.5045,0.0555,9.3808,8.2742,1.1066,0.036813,9.7646,8.8621,-0.9025,-0.4,-0.001921,0.2,0.8,-0.6,0.5,0.4545,0.0455,50,222,-172,1
1473474,Punjab Kings,Royal Challengers Bengaluru,2025-04-20,"Maharaja Yadavindra Singh International Cricket Stadium, Mullanpur",Royal Challengers Bengaluru,field,1511.6487,1521.3961,-9.7474,0.6,0.4,0.2,0.6,0.6,0.0,0.4603,0.5,-0.0397,9.5615,9.0536,0.5079,0.019332,9.4425,8.5625,-0.88,0.1,-0.000127,0.3333,0.6667,-0.3333,0.375,0.5,-0.125,63,22,41,0
1473475,Chennai Super Kings,Mumbai Indians,2025-04-20,"Wankhede Stadium, Mumbai",Mumbai Indians,field,1520.3135,1494.213,26.1004,0.2,0.6,-0.4,0.3,0.4,-0.1,0.5761,0.5492,0.0269,7.9773,8.8912,-0.9139,-0.050925,9.0201,8.8689,-0.1511,-1.4,-0.01085,0.4737,0.5263,-0.0526,0.5455,0.5714,-0.026,243,264,-21,0
1473476,Gujarat Titans,Kolkata Knight Riders,2025-04-21,"Eden Gardens, Kolkata",Kolkata Knight Riders,field,1573.3971,1556.8415,16.5556,0.8,0.4,0.4,0.6,0.6,0.0,0.6346,0.5236,0.111,9.4146,9.0659,0.3488,-0.007254,9.2926,7.818,-1.4746,-1.0,-0.013051,0.6667,0.3333,0.3333,1.0,0.4706,0.5294,52,254,-202,1
1473477,Lucknow Super Giants,Delhi Capitals,2025-04-22,"Bharat Ratna Shri Atal Bihari Vajpayee Ekana Cricket Stadium, Lucknow",Delhi Capitals,field,1555.4243,1540.447,14.9773,0.8,0.6,0.2,0.6,0.6,0.0,0.5686,0.5213,0.0474,9.4383,9.2736,0.1646,0.005455,9.3382,8.978,-0.3602,-0.9,-0.007906,0.5,0.5,0.0,0.5294,0.5,0.0294,51,94,-43,0
1473478,Sunrisers Hyderabad,Mumbai Indians,2025-04-23,"Rajiv Gandhi International Stadium, Uppal, Hyderabad",Mumbai Indians,field,1470.6339,1504.9629,-34.329,0.2,0.6,-0.4,0.3,0.4,-0.1,0.4811,0.5509,-0.0699,8.6688,8.9531,-0.2843,-0.016032,9.946,8.9205,-1.0255,-2.4,-0.015156,0.4348,0.5652,-0.1304,0.4706,0.5,-0.0294,185,265,-80,0
1473479,Royal Challengers Bengaluru,Rajasthan Royals,2025-04-24,"M Chinnaswamy Stadium, Bengaluru",Rajasthan Royals,field,1531.1156,1508.0308,23.0848,0.6,0.4,0.2,0.6,0.3,0.3,0.5217,0.5022,0.0195,9.0103,8.4737,0.5366,0.016356,8.6286,8.9609,0.3323,0.2,0.004665,0.3333,0.6667,-0.3333,0.4,0.0,0.4,23,223,-200,1
1473480,Chennai Super Kings,Sunrisers Hyderabad,2025-04-25,"MA Chidambaram Stadium, Chepauk, Chennai",Sunrisers Hyderabad,field,1509.5637,1461.6188,47.9449,0.2,0.2,0.0,0.3,0.3,0.0,0.5738,0.4785,0.0953,7.8674,8.5974,-0.73,-0.040287,8.9207,9.7459,0.8251,1.0,0.005315,0.7143,0.2857,0.4286,0.5789,0.25,0.3289,244,186,58,0
1473482,Mumbai Indians,Lucknow Super Giants,2025-04-27,"Wankhede Stadium, Mumbai",Lucknow Super Giants,field,1513.978,1544.9935,-31.0155,0.8,0.6,0.2,0.5,0.6,-0.1,0.5526,0.5577,-0.0051,9.0445,9.3231,-0.2785,0.000764,8.6786,9.2451,0.5665,1.5,0.011878,0.1429,0.8571,-0.7143,0.5909,0.6,-0.0091,266,52,214,1
1473483,Delhi Capitals,Royal Challengers Bengaluru,2025-04-27,"Arun Jaitley Stadium, Delhi",Royal Challengers Bengaluru,field,1550.8778,1540.4521,10.4256,0.6,0.6,0.0,0.7,0.6,0.1,0.5263,0.5417,-0.0154,9.4402,8.9202,0.52,0.011186,8.8436,8.6667,-0.177,0.9,0.003183,0.5,0.5,0.0,0.4615,0.5,-0.0385,95,24,71,0
1473484,Gujarat Titans,Rajasthan Royals,2025-04-28,"Sawai Mansingh Stadium, Jaipur",Rajasthan Royals,field,1582.921,1498.6942,84.2268,0.8,0.2,0.6,0.7,0.3,0.4,0.6415,0.5,0.1415,9.451,8.7022,0.7488,0.017897,8.8654,9.135,0.2696,1.4,0.01315,0.8571,0.1429,0.7143,1.0,0.4167,0.5833,53,224,-171,0
1473485,Kolkata Knight Riders,Delhi Capitals,2025-04-29,"Arun Jaitley Stadium, Delhi",Delhi Capitals,field,1547.3177,1540.5778,6.7399,0.4,0.4,0.0,0.5,0.6,-0.1,0.5216,0.5208,0.0007,8.8482,9.1245,-0.2762,0.005422,7.9804,8.7831,0.8027,0.3,0.007937,0.4545,0.5455,-0.0909,0.0,0.4286,-0.4286,255,96,159,1
1473486,Chennai Super Kings,Punjab Kings,2025-04-30,"MA Chidambaram Stadium, Chepauk, Chennai",Punjab Kings,field,1498.1924,1501.9292,-3.7368,0.2,0.6,-0.4,0.2,0.6,-0.4,0.5714,0.4531,0.1183,7.8602,9.2842,-1.424,-0.05594,9.0154,9.1241,0.1088,-0.3,-0.003006,0.25,0.75,-0.5,0.55,0.75,-0.2,245,64,181,0
1473487,Mumbai Indians,Rajasthan Royals,2025-05-01,"Sawai Mansingh Stadium, Jaipur",Rajasthan Royals,field,1524.8683,1511.0721,13.7962,1.0,0.2,0.8,0.6,0.3,0.3,0.5543,0.5022,0.0521,9.1762,9.032,0.1442,0.010458,8.4479,9.2688,0.8209,2.2,0.018675,0.5172,0.4828,0.0345,0.0,0.4615,-0.4615,267,225,42,1
1473488,Gujarat Titans,Sunrisers Hyderabad,2025-05-02,"Narendra Modi Stadium, Ahmedabad",Sunrisers Hyderabad,field,1570.5432,1472.99,97.5531,0.6,0.4,0.2,0.7,0.3,0.4,0.6296,0.4813,0.1483,9.6994,8.5411,1.1583,0.0237,9.0443,9.8378,0.7935,1.7,0.008835,0.8,0.2,0.6,0.6,0.0,0.6,54,187,-133,1
1473489,Royal Challengers Bengaluru,Chennai Super Kings,2025-05-03,"M Chinnaswamy Stadium, Bengaluru",Chennai Super Kings,field,1550.7521,1488.2999,62.4522,0.8,0.2,0.6,0.7,0.2,0.5,0.56,0.5691,-0.0091,8.9378,7.8428,1.095,0.048041,8.5744,8.9381,0.3637,0.5,0.00467,0.6667,0.3333,0.3333,0.4545,0.5,-0.0455,25,246,-221,1
1473490,Kolkata Knight Riders,Rajasthan Royals,2025-05-04,"Eden Gardens, Kolkata",Kolkata Knight Riders,bat,1557.1237,1501.469,55.6547,0.4,0.2,0.2,0.5,0.3,0.2,0.5234,0.5,0.0234,8.6766,9.1029,-0.4263,-0.006973,8.139,9.478,1.3389,2.2,0.023777,0.5556,0.4444,0.1111,0.4444,0.6667,-0.2222,256,226,30,1
1473491,Punjab Kings,Lucknow Super Giants,2025-05-04,"Himachal Pradesh Cricket Association Stadium, Dharamsala",Lucknow Super Giants,field,1511.8216,1534.1031,-22.2815,0.6,0.4,0.2,0.6,0.5,0.1,0.4615,0.5472,-0.0856,9.4839,9.095,0.3888,0.009642,9.3059,9.3689,0.0629,0.4,0.005549,0.4,0.6,-0.2,0.0,0.5,-0.5,65,53,12,1
1473493,Mumbai Indians,Gujarat Titans,2025-05-06,"Wankhede Stadium, Mumbai",Gujarat Titans,field,1534.4714,1577.8069,-43.3354,1.0,0.6,0.4,0.7,0.7,0.0,0.556,0.6364,-0.0804,9.4939,9.681,-0.1872,0.013676,8.3702,8.973,0.6028,1.4,0.012141,0.3333,0.6667,-0.3333,0.6087,0.6,0.0087,268,55,213,0
1473494,Kolkata Knight Riders,Chennai Super Kings,2025-05-07,"Eden Gardens, Kolkata",Kolkata Knight Riders,bat,1565.5354,1480.0783,85.457,0.6,0.2,0.4,0.5,0.1,0.4,0.5253,0.5668,-0.0415,8.7042,8.0784,0.6258,0.036544,8.5699,9.2371,0.6672,1.2,0.012015,0.3667,0.6333,-0.2667,0.4737,1.0,-0.5263,257,247,10,0
1473497,Punjab Kings,Rajasthan Royals,2025-05-18,"Sawai Mansingh Stadium, Jaipur",Punjab Kings,bat,1522.4621,1493.0573,29.4048,0.8,0.2,0.6,0.7,0.3,0.4,0.4697,0.4978,-0.0281,9.599,8.9471,0.6519,0.017256,9.1765,9.1376,-0.0389,1.8,0.017458,0.375,0.625,-0.25,0.5,0.4286,0.0714,66,227,-161,1
1473498,Delhi Capitals,Gujarat Titans,2025-05-18,"Arun Jaitley Stadium, Delhi",Gujarat Titans,field,1530.7718,1586.566,-55.7942,0.2,0.8,-0.6,0.6,0.8,-0.2,0.5155,0.6429,-0.1274,9.339,9.3039,0.035,0.004832,8.8301,8.5764,-0.2537,-0.2,-0.002431,0.5,0.5,0.0,0.4,0.5,-0.1,97,56,41,0
1473499,Lucknow Super Giants,Sunrisers Hyderabad,2025-05-19,"Bharat Ratna Shri Atal Bihari Vajpayee Ekana Cricket Stadium, Lucknow",Sunrisers Hyderabad,field,1523.4627,1465.7263,57.7364,0.2,0.4,-0.2,0.5,0.3,0.2,0.537,0.4787,0.0583,9.0243,8.8287,0.1956,0.004409,9.4608,9.9334,0.4726,-0.1,-0.004026,0.8,0.2,0.6,0.5,0.0,0.5,54,188,-134,0
1473500,Chennai Super Kings,Rajasthan Royals,2025-05-20,"Arun Jaitley Stadium, Delhi",Rajasthan Royals,field,1492.4896,1483.9016,8.588,0.2,0.2,0.0,0.2,0.3,-0.1,0.5685,0.4956,0.0729,8.256,9.2471,-0.9911,-0.044524,9.1969,9.3434,0.1465,0.6,0.008408,0.5333,0.4667,0.0667,0.6667,0.3333,0.3333,248,228,20,0
1473501,Mumbai Indians,Delhi Capitals,2025-05-21,"Wankhede Stadium, Mumbai",Delhi Capitals,field,1525.7123,1522.364,3.3483,0.8,0.2,0.6,0.7,0.5,0.2,0.5539,0.5102,0.0437,9.5176,9.3249,0.1927,0.020751,8.1746,8.9658,0.7912,2.1,0.018421,0.6429,0.3571,0.2857,0.5833,0.3333,0.25,269,98,171,1
1473502,Lucknow Super Giants,Gujarat Titans,2025-05-22,"Narendra Modi Stadium, Ahmedabad",Gujarat Titans,field,1511.816,1594.9738,-83.1578,0.2,0.8,-0.6,0.4,0.8,-0.4,0.5273,0.6491,-0.1219,8.9023,9.4484,-0.5461,-0.014319,9.602,8.7901,-0.8119,-1.6,-0.013202,0.3333,0.6667,-0.3333,0.0,0.619,-0.619,55,57,-2,1
1473503,Sunrisers Hyderabad,Royal Challengers Bengaluru,2025-05-23,"Bharat Ratna Shri Atal Bihari Vajpayee Ekana Cricket Stadium, Lucknow",Royal Challengers Bengaluru,field,1477.373,1558.9737,-81.6008,0.4,0.8,-0.4,0.3,0.7,-0.4,0.4815,0.5769,-0.0954,8.5347,8.924,-0.3893,-0.019515,9.7218,8.7892,-0.9325,-0.5,-0.003919,0.5,0.5,0.0,0.5,0.5,0.0,189,26,163,1
1485779,Punjab Kings,Delhi Capitals,2025-05-24,"Sawai Mansingh Stadium, Jaipur",Delhi Capitals,field,1531.6177,1512.4604,19.1574,0.8,0.2,0.6,0.7,0.4,0.3,0.4776,0.5051,-0.0274,9.4817,8.9437,0.538,0.015796,9.0976,8.8529,-0.2447,1.0,0.010677,0.2857,0.7143,-0.4286,1.0,0.0,1.0,67,99,-32,0
1473504,Chennai Super Kings,Gujarat Titans,2025-05-25,"Narendra Modi Stadium, Ahmedabad",Chennai Super Kings,bat,1482.2424,1582.625,-100.3826,0.2,0.6,-0.4,0.2,0.7,-0.5,0.5663,0.6379,-0.0717,8.2691,9.4585,-1.1894,-0.040933,9.3902,9.0861,-0.304,-1.1,-0.006221,0.4286,0.5714,-0.1429,0.3333,0.5909,-0.2576,249,58,191,1
1473505,Sunrisers Hyderabad,Kolkata Knight Riders,2025-05-25,"Arun Jaitley Stadium, Delhi",Sunrisers Hyderabad,bat,1489.6794,1553.1242,-63.4448,0.6,0.4,0.2,0.4,0.5,-0.1,0.4842,0.5233,-0.039,8.7666,8.746,0.0205,-0.007134,9.5504,8.4302,-1.1202,-1.1,-0.009899,0.3214,0.6786,-0.3571,0.5,0.5,0.0,190,258,-68,1
1473506,Mumbai Indians,Punjab Kings,2025-05-26,"Sawai Mansingh Stadium, Jaipur",Punjab Kings,field,1535.6159,1521.0669,14.549,0.8,0.6,0.2,0.7,0.6,0.1,0.5556,0.4706,0.085,9.4868,9.4118,0.0751,0.020536,8.1386,9.3116,1.173,1.7,0.011996,0.5,0.5,0.0,0.5,0.5,0.0,270,68,202,0
1473507,Lucknow Super Giants,Royal Challengers Bengaluru,2025-05-27,"Bharat Ratna Shri Atal Bihari Vajpayee Ekana Cricket Stadium, Lucknow",Royal Challengers Bengaluru,field,1524.1648,1546.6673,-22.5025,0.2,0.8,-0.6,0.5,0.6,-0.1,0.5357,0.5556,-0.0198,9.1854,8.9186,0.2668,0.002853,9.5217,9.2236,-0.2982,-0.2,-0.005171,1.0,0.0,1.0,0.4737,0.0,0.4737,56,27,29,0
1473508,Punjab Kings,Royal Challengers Bengaluru,2025-05-29,"Maharaja Yadavindra Singh International Cricket Stadium, Mullanpur",Royal Challengers Bengaluru,field,1531.4854,1556.0205,-24.5351,0.8,0.8,0.0,0.7,0.7,0.0,0.4783,0.5714,-0.0932,9.6578,9.276,0.3818,0.007165,9.1877,9.3657,0.1781,0.5,0.004543,0.25,0.75,-0.5,0.3333,1.0,-0.6667,69,28,41,0
1473509,Mumbai Indians,Gujarat Titans,2025-05-30,"Maharaja Yadavindra Singh International Cricket Stadium, New Chandigarh",Mumbai Indians,bat,1525.1974,1569.8136,-44.6161,0.6,0.6,0.0,0.7,0.6,0.1,0.5535,0.6271,-0.0736,9.4271,9.3232,0.104,0.027001,8.1265,9.4468,1.3204,1.7,0.014906,0.2857,0.7143,-0.4286,0.5,0.5,0.0,271,59,212,1
1473510,Mumbai Indians,Punjab Kings,2025-06-01,"Narendra Modi Stadium, Ahmedabad",Punjab Kings,field,1536.4746,1522.1904,14.2842,0.6,0.6,0.0,0.8,0.6,0.2,0.5551,0.4714,0.0837,9.5399,9.3464,0.1935,0.0144,8.0817,9.2459,1.1642,1.3,0.006163,0.4286,0.5714,-0.1429,0.0,0.6,-0.6,272,70,202,0
1473511,Royal Challengers Bengaluru,Punjab Kings,2025-06-03,"Narendra Modi Stadium, Ahmedabad",Punjab Kings,field,1565.3155,1532.6013,32.7142,0.8,0.6,0.2,0.7,0.7,0.0,0.5862,0.4789,0.1073,9.2141,9.2258,-0.0117,0.000809,9.1164,8.9565,-0.1599,-0.5,-0.005967,0.8,0.2,0.6,0.5,0.6667,-0.1667,29,71,-42,1
1527674,Sunrisers Hyderabad,Royal Challengers Bengaluru,2026-03-28,"M Chinnaswamy Stadium, Bengaluru",Royal Challengers Bengaluru,field,1501.4854,1574.3767,-72.8913,0.8,0.8,0.0,0.5,0.8,-0.3,0.4869,0.6,-0.1131,9.2459,9.3351,-0.0892,-0.005974,9.4148,9.0915,-0.3232,0.4,0.001902,0.6667,0.3333,0.3333,1.0,0.5,0.5,191,30,161,0
1527675,Kolkata Knight Riders,Mumbai Indians,2026-03-29,"Wankhede Stadium, Mumbai",Mumbai Indians,field,1541.3181,1526.0637,15.2544,0.4,0.4,0.0,0.4,0.7,-0.3,0.5212,0.5531,-0.0319,8.7789,9.5136,-0.7346,-0.020309,9.0362,8.1586,-0.8776,-0.4,-0.001562,0.3143,0.6857,-0.3714,0.4444,0.6,-0.1556,259,273,-14,0
1527676,Chennai Super Kings,Rajasthan Royals,2026-03-30,"Barsapara Cricket Stadium, Guwahati",Rajasthan Royals,field,1495.0539,1494.1487,0.9051,0.4,0.4,0.0,0.3,0.3,0.0,0.568,0.4978,0.0702,8.6337,9.4359,-0.8022,-0.032736,9.2491,9.3513,0.1021,0.3,0.007171,0.5161,0.4839,0.0323,0.0,0.4,-0.4,250,229,21,0
1527677,Gujarat Titans,Punjab Kings,2026-03-31,"Maharaja Yadavindra Singh International Cricket Stadium, New Chandigarh",Punjab Kings,field,1558.5364,1523.5401,34.9963,0.4,0.4,0.0,0.5,0.6,-0.1,0.6167,0.4722,0.1444,9.3625,9.3911,-0.0285,-0.008966,9.7936,9.1656,-0.628,-1.3,-0.014322,0.5,0.5,0.0,0.0,0.5,-0.5,60,72,-12,0
1527678,Lucknow Super Giants,Delhi Capitals,2026-04-01,"Bharat Ratna Shri Atal Bihari Vajpayee Ekana Cricket Stadium, Lucknow",Delhi Capitals,field,1514.8116,1523.0112,-8.1996,0.2,0.2,0.0,0.4,0.4,0.0,0.5263,0.51,0.0163,9.3069,8.9824,0.3245,0.006273,9.7652,8.9976,-0.7676,0.3,0.002361,0.4286,0.5714,-0.1429,0.45,0.6667,-0.2167,57,100,-43,0
1527679,Sunrisers Hyderabad,Kolkata Knight Riders,2026-04-02,"Eden Gardens, Kolkata",Kolkata Knight Riders,field,1493.5532,1530.8793,-37.3262,0.6,0.4,0.2,0.5,0.4,0.1,0.4844,0.5192,-0.0349,9.4964,9.1184,0.378,0.003813,9.6093,9.2577,-0.3516,-0.2,0.0003,0.3448,0.6552,-0.3103,0.3333,0.45,-0.1167,192,260,-68,1
1527680,Chennai Super Kings,Punjab Kings,2026-04-03,"MA Chidambaram Stadium, Chepauk, Chennai",Punjab Kings,field,1485.0278,1534.544,-49.5162,0.4,0.6,-0.2,0.3,0.6,-0.3,0.5657,0.4795,0.0863,8.3058,9.3816,-1.0758,-0.033632,9.1719,9.1491,-0.0228,-1.3,-0.007028,0.2222,0.7778,-0.5556,0.5238,0.8,-0.2762,251,73,178,0
1527681,Mumbai Indians,Delhi Capitals,2026-04-04,"Arun Jaitley Stadium, Delhi",Delhi Capitals,field,1536.5024,1532.7752,3.7272,0.6,0.4,0.2,0.7,0.4,0.3,0.5547,0.5149,0.0399,9.7589,8.8509,0.908,0.035577,8.4561,9.0172,0.5611,1.1,0.010049,0.6667,0.3333,0.3333,0.8,0.375,0.425,274,101,173,0
1527682,Rajasthan Royals,Gujarat Titans,2026-04-04,"Narendra Modi Stadium, Ahmedabad",Rajasthan Royals,bat,1504.1748,1547.5325,-43.3578,0.4,0.2,0.2,0.3,0.5,-0.2,0.5,0.6066,-0.1066,9.4531,9.2599,0.1932,0.019839,9.2403,9.6984,0.4581,-0.4,-0.004611,0.25,0.75,-0.5,0.6,0.5652,0.0348,230,61,169,1
1527683,Sunrisers Hyderabad,Lucknow Super Giants,2026-04-05,"Rajiv Gandhi International Stadium, Uppal, Hyderabad",Lucknow Super Giants,field,1504.6234,1505.0476,-0.4242,0.8,0.2,0.6,0.6,0.3,0.3,0.487,0.5172,-0.0302,9.7994,8.9447,0.8547,0.028245,9.6592,9.4942,-0.1649,2.0,0.01945,0.3333,0.6667,-0.3333,0.4444,0.6667,-0.2222,193,58,135,0
1527684,Royal Challengers Bengaluru,Chennai Super Kings,2026-04-05,"M Chinnaswamy Stadium, Bengaluru",Chennai Super Kings,field,1582.309,1476.4434,105.8656,0.8,0.4,0.4,0.8,0.3,0.5,0.6129,0.5635,0.0494,9.5727,8.7659,0.8068,0.029713,9.2219,9.2718,0.0498,1.7,0.014327,0.75,0.25,0.5,0.5385,0.3333,0.2051,31,252,-221,1
1527686,Rajasthan Royals,Mumbai Indians,2026-04-07,"Barsapara Cricket Stadium, Guwahati",Mumbai Indians,field,1515.4163,1526.3952,-10.9789,0.6,0.4,0.2,0.4,0.6,-0.2,0.5022,0.5527,-0.0506,9.6919,9.5066,0.1853,0.006169,9.2592,8.4882,-0.771,-1.5,-0.014988,0.4667,0.5333,-0.0667,0.5,0.5,0.0,231,275,-44,1
1527687,Gujarat Titans,Delhi Capitals,2026-04-08,"Arun Jaitley Stadium, Delhi",Delhi Capitals,field,1536.291,1542.8825,-6.5915,0.0,0.6,-0.6,0.4,0.4,0.0,0.5968,0.5196,0.0772,9.2375,8.8034,0.4341,0.0053,9.7328,9.0271,-0.7057,-0.4,-0.003392,0.5714,0.4286,0.1429,0.6667,0.4118,0.2549,62,102,-40,1
1527688,Kolkata Knight Riders,Lucknow Super Giants,2026-04-09,"Eden Gardens, Kolkata",Lucknow Super Giants,field,1519.8091,1515.0354,4.7738,0.2,0.4,-0.2,0.3,0.3,0.0,0.5172,0.5254,-0.0082,9.0812,8.8266,0.2546,0.017722,9.5961,9.4222,-0.1739,1.0,0.007618,0.3333,0.6667,-0.3333,0.4286,0.5,-0.0714,261,59,202,0
1527689,Royal Challengers Bengaluru,Rajasthan Royals,2026-04-10,"Barsapara Cricket Stadium, Guwahati",Rajasthan Royals,field,1589.3529,1525.7322,63.6207,1.0,0.8,0.2,0.9,0.5,0.4,0.625,0.5043,0.1207,10.0615,10.0149,0.0465,-0.009489,9.3985,9.2998,-0.0987,1.3,0.01144,0.5,0.5,0.0,0.5,0.5714,-0.0714,32,232,-200,0
1527690,Sunrisers Hyderabad,Punjab Kings,2026-04-11,"Maharaja Yadavindra Singh International Cricket Stadium, New Chandigarh",Punjab Kings,field,1494.6356,1543.1284,-48.4928,0.6,0.6,0.0,0.5,0.7,-0.2,0.4845,0.4865,-0.002,9.3387,9.674,-0.3353,-0.01881,9.2903,9.2691,-0.0212,0.8,0.009575,0.75,0.25,0.5,0.5,1.0,-0.5,194,74,120,0
1527691,Chennai Super Kings,Delhi Capitals,2026-04-11,"MA Chidambaram Stadium, Chepauk, Chennai",Delhi Capitals,field,1469.3996,1532.6928,-63.2932,0.2,0.6,-0.4,0.2,0.4,-0.2,0.5613,0.5146,0.0467,8.9737,8.8173,0.1563,0.00026,9.7493,9.0369,-0.7124,-0.8,-0.003636,0.5385,0.4615,0.0769,0.5,0.6667,-0.1667,253,103,150,1
1527692,Lucknow Super Giants,Gujarat Titans,2026-04-12,"Bharat Ratna Shri Atal Bihari Vajpayee Ekana Cricket Stadium, Lucknow",Gujarat Titans,field,1525.1727,1546.4807,-21.308,0.6,0.2,0.4,0.4,0.4,0.0,0.5333,0.6032,-0.0698,8.9108,9.2806,-0.3698,-0.007235,9.4868,9.9542,0.4675,0.2,0.002184,0.4286,0.5714,-0.1429,0.4286,0.3333,0.0952,60,63,-3,0
1527693,Royal Challengers Bengaluru,Mumbai Indians,2026-04-12,"Wankhede Stadium, Mumbai",Mumbai Indians,field,1577.5419,1516.0793,61.4626,0.8,0.4,0.4,0.8,0.5,0.3,0.6061,0.5507,0.0553,10.2021,9.5747,0.6274,0.01238,9.7297,8.9073,-0.8224,0.9,0.005244,0.5,0.5,0.0,0.5,0.6154,-0.1154,33,276,-243,1
1529264,Sunrisers Hyderabad,Rajasthan Royals,2026-04-13,"Rajiv Gandhi International Stadium, Uppal, Hyderabad",Rajasthan Royals,field,1486.0223,1537.5431,-51.5208,0.4,1.0,-0.6,0.5,0.6,-0.1,0.4821,0.5064,-0.0244,9.5895,10.2542,-0.6648,-0.037725,9.5469,9.4194,-0.1275,0.6,0.007787,0.5714,0.4286,0.1429,0.4211,0.3333,0.0877,195,233,-38,1
1529265,Chennai Super Kings,Kolkata Knight Riders,2026-04-14,"MA Chidambaram Stadium, Chepauk, Chennai",Kolkata Knight Riders,field,1481.2014,1509.6717,-28.4703,0.4,0.0,0.4,0.3,0.3,0.0,0.563,0.5153,0.0477,9.168,8.8811,0.2869,0.0064,9.5845,9.329,-0.2555,-1.3,-0.008189,0.6452,0.3548,0.2903,0.5217,0.5714,-0.0497,254,262,-8,1
1529266,Lucknow Super Giants,Royal Challengers Bengaluru,2026-04-15,"M Chinnaswamy Stadium, Bengaluru",Royal Challengers Bengaluru,field,1515.7853,1585.7911,-70.0058,0.4,0.8,-0.4,0.3,0.8,-0.5,0.5246,0.6176,-0.0931,8.8551,10.367,-1.5119,-0.040193,9.4692,9.8136,0.3444,-1.6,-0.013834,0.5,0.5,0.0,1.0,0.5714,0.4286,61,34,27,0
1529267,Mumbai Indians,Punjab Kings,2026-04-16,"Wankhede Stadium, Mumbai",Punjab Kings,field,1507.8301,1551.7417,-43.9116,0.2,0.8,-0.6,0.4,0.7,-0.3,0.5487,0.4933,0.0554,9.5697,9.8459,-0.2761,-0.005918,9.2766,9.3825,0.1059,-0.3,0.000325,0.375,0.625,-0.25,0.5926,0.5,0.0926,277,75,202,0
1529268,Kolkata Knight Riders,Gujarat Titans,2026-04-17,"Narendra Modi Stadium, Ahmedabad",Kolkata Knight Riders,bat,1498.8541,1555.8682,-57.0141,0.0,0.4,-0.4,0.2,0.5,-0.3,0.5133,0.6094,-0.0961,8.7013,9.1638,-0.4626,-0.011259,9.7182,9.5393,-0.1789,0.7,0.006383,0.25,0.75,-0.5,0.75,0.5417,0.2083,263,64,199,0
1529269,Royal Challengers Bengaluru,Delhi Capitals,2026-04-18,"M Chinnaswamy Stadium, Bengaluru",Delhi Capitals,field,1593.803,1520.891,72.912,0.8,0.6,0.2,0.8,0.4,0.4,0.6286,0.5096,0.119,10.4933,8.7473,1.7461,0.04718,9.7248,9.0614,-0.6634,1.6,0.014499,0.6667,0.3333,0.3333,0.6,0.3333,0.2667,35,104,-69,0
1529270,Sunrisers Hyderabad,Chennai Super Kings,2026-04-18,"Rajiv Gandhi International Stadium, Uppal, Hyderabad",Chennai Super Kings,field,1497.4944,1492.019,5.4754,0.4,0.4,0.0,0.6,0.4,0.2,0.4847,0.5647,-0.08,9.8998,9.2983,0.6014,0.007955,9.3864,9.5773,0.1909,1.8,0.014579,0.3182,0.6818,-0.3636,0.45,0.0,0.45,196,255,-59,1
1529271,Rajasthan Royals,Kolkata Knight Riders,2026-04-19,"Eden Gardens, Kolkata",Rajasthan Royals,bat,1526.071,1490.4805,35.5905,0.8,0.0,0.8,0.6,0.2,0.4,0.5043,0.5114,-0.0071,10.0565,8.8683,1.1882,0.041739,9.4896,9.8517,0.362,0.4,0.005177,0.4286,0.5714,-0.1429,0.5,0.4091,0.0909,234,264,-30,0
1529272,Punjab Kings,Lucknow Super Giants,2026-04-19,"Maharaja Yadavindra Singh International Cricket Stadium, New Chandigarh",Lucknow Super Giants,field,1560.4845,1507.7734,52.7111,0.8,0.4,0.4,0.7,0.3,0.4,0.5,0.5161,-0.0161,9.7854,8.7711,1.0143,0.029822,9.3937,9.5524,0.1587,0.3,0.00172,0.5,0.5,0.0,1.0,0.5,0.5,76,62,14,1
1529273,Mumbai Indians,Gujarat Titans,2026-04-20,"Narendra Modi Stadium, Ahmedabad",Gujarat Titans,field,1499.0873,1564.2418,-65.1545,0.2,0.6,-0.4,0.3,0.5,-0.2,0.5468,0.6154,-0.0686,9.4747,8.9608,0.5139,0.016415,9.6272,9.5104,-0.1167,-1.3,-0.007076,0.375,0.625,-0.25,0.0,0.56,-0.56,278,65,213,1
1529274,Sunrisers Hyderabad,Delhi Capitals,2026-04-21,"Rajiv Gandhi International Stadium, Uppal, Hyderabad",Delhi Capitals,field,1507.3369,1532.9593,-25.6224,0.6,0.6,0.0,0.6,0.4,0.2,0.4873,0.5143,-0.027,10.0619,8.7498,1.3121,0.03131,9.4588,9.0806,-0.3783,1.8,0.016619,0.4167,0.5833,-0.1667,0.4762,1.0,-0.5238,197,105,92,1
1529275,Rajasthan Royals,Lucknow Super Giants,2026-04-22,"Bharat Ratna Shri Atal Bihari Vajpayee Ekana Cricket Stadium, Lucknow",Lucknow Super Giants,field,1515.0502,1499.279,15.7712,0.6,0.4,0.2,0.5,0.3,0.2,0.5021,0.5079,-0.0058,9.4584,8.9518,0.5065,0.018825,9.2664,9.7418,0.4754,1.1,0.008358,0.6667,0.3333,0.3333,1.0,0.4091,0.5909,235,63,172,1
1529276,Chennai Super Kings,Mumbai Indians,2026-04-23,"Wankhede Stadium, Mumbai",Mumbai Indians,field,1482.1766,1510.9409,-28.7643,0.4,0.2,0.2,0.4,0.4,0.0,0.5625,0.5484,0.0141,9.233,9.6888,-0.4559,-0.014331,9.5527,9.5563,0.0036,0.9,0.006131,0.4615,0.5385,-0.0769,0.5,0.5714,-0.0714,256,279,-23,1
1529277,Gujarat Titans,Royal Challengers Bengaluru,2026-04-24,"M Chinnaswamy Stadium, Bengaluru",Royal Challengers Bengaluru,field,1552.3882,1581.7347,-29.3465,0.6,0.6,0.0,0.4,0.7,-0.3,0.6061,0.6111,-0.0051,8.883,10.2546,-1.3717,-0.031545,9.7145,9.5557,-0.1588,-1.1,-0.011362,0.3333,0.6667,-0.3333,0.6667,0.5625,0.1042,66,36,30,0
1529278,Delhi Capitals,Punjab Kings,2026-04-25,"Arun Jaitley Stadium, Delhi",Delhi Capitals,bat,1522.2231,1568.9788,-46.7557,0.4,1.0,-0.6,0.4,0.7,-0.3,0.5094,0.5065,0.0029,8.884,9.9571,-1.0732,-0.032349,9.3575,9.3179,-0.0396,-0.2,-0.002879,0.75,0.25,0.5,0.3889,1.0,-0.6111,106,77,29,0
1529279,Rajasthan Royals,Sunrisers Hyderabad,2026-04-25,"Sawai Mansingh Stadium, Jaipur",Sunrisers Hyderabad,field,1524.5966,1518.073,6.5236,0.6,0.6,0.0,0.6,0.7,-0.1,0.5042,0.4899,0.0143,9.4808,10.3204,-0.8396,-0.017085,8.8742,9.2814,0.4072,-0.3,-0.002409,0.4091,0.5909,-0.1818,0.4,1.0,-0.6,236,198,38,0
1529280,Chennai Super Kings,Gujarat Titans,2026-04-26,"MA Chidambaram Stadium, Chepauk, Chennai",Gujarat Titans,field,1493.0026,1543.2308,-50.2282,0.6,0.6,0.0,0.5,0.3,0.2,0.5642,0.597,-0.0328,9.1631,8.839,0.3241,0.008278,9.0388,9.8111,0.7724,0.5,0.007614,0.5,0.5,0.0,0.5417,0.0,0.5417,257,67,190,0
1529282,Delhi Capitals,Royal Challengers Bengaluru,2026-04-27,"Arun Jaitley Stadium, Delhi",Royal Challengers Bengaluru,field,1513.5608,1590.892,-77.3312,0.2,0.6,-0.4,0.4,0.8,-0.4,0.5047,0.6216,-0.1169,9.2342,10.4185,-1.1843,-0.028224,9.699,9.425,-0.2741,-1.8,-0.016517,0.5,0.5,0.0,0.3684,1.0,-0.6316,107,37,70,0
1529283,Punjab Kings,Rajasthan Royals,2026-04-28,"Maharaja Yadavindra Singh International Cricket Stadium, New Chandigarh",Rajasthan Royals,field,1577.6412,1514.4088,63.2323,1.0,0.4,0.6,0.8,0.6,0.2,0.5128,0.5021,0.0107,10.2784,9.5957,0.6826,0.015971,9.5486,9.043,-0.5056,-2.1,-0.01881,0.4444,0.5556,-0.1111,1.0,0.5,0.5,78,237,-159,0
1529284,Mumbai Indians,Sunrisers Hyderabad,2026-04-29,"Wankhede Stadium, Mumbai",Mumbai Indians,bat,1500.1149,1528.2607,-28.1459,0.2,0.8,-0.6,0.3,0.7,-0.4,0.5464,0.4925,0.054,9.321,10.4216,-1.1006,-0.0327,9.8654,9.4365,-0.4289,-2.8,-0.021961,0.5833,0.4167,0.1667,0.5517,0.1429,0.4089,280,199,81,0
1529285,Royal Challengers Bengaluru,Gujarat Titans,2026-04-30,"Narendra Modi Stadium, Ahmedabad",Gujarat Titans,field,1598.7023,1551.7951,46.9072,0.8,0.6,0.2,0.8,0.4,0.4,0.6316,0.6029,0.0286,10.3177,8.8229,1.4948,0.035963,8.8383,9.4459,0.6076,0.8,0.00999,0.75,0.25,0.5,0.6667,0.5385,0.1282,38,68,-30,0
1529286,Rajasthan Royals,Delhi Capitals,2026-05-01,"Sawai Mansingh Stadium, Jaipur",Rajasthan Royals,bat,1526.209,1505.7505,20.4584,0.4,0.2,0.2,0.7,0.4,0.3,0.5042,0.5,0.0042,9.7151,8.7742,0.9408,0.032126,9.0889,9.6891,0.6002,2.4,0.019481,0.3636,0.6364,-0.2727,0.375,0.5,-0.125,238,108,130,0
1529287,Mumbai Indians,Chennai Super Kings,2026-05-02,"MA Chidambaram Stadium, Chepauk, Chennai",Mumbai Indians,bat,1490.9232,1484.4383,6.4849,0.2,0.6,-0.4,0.3,0.4,-0.1,0.5445,0.562,-0.0175,9.6192,9.0165,0.6027,0.012384,10.1728,9.1078,-1.065,-1.3,-0.011581,0.525,0.475,0.05,0.375,0.52,-0.145,281,258,23,0
1529288,Sunrisers Hyderabad,Kolkata Knight Riders,2026-05-03,"Rajiv Gandhi International Stadium, Uppal, Hyderabad",Sunrisers Hyderabad,bat,1537.4524,1501.5013,35.9511,1.0,0.2,0.8,0.7,0.3,0.4,0.495,0.5132,-0.0182,10.5322,8.8708,1.6613,0.049585,9.6846,9.6,-0.0846,0.5,0.007183,0.3667,0.6333,-0.2667,0.5,1.0,-0.5,200,265,-65,0
1529289,Punjab Kings,Gujarat Titans,2026-05-03,"Narendra Modi Stadium, Ahmedabad",Gujarat Titans,field,1565.841,1563.1371,2.704,0.8,0.6,0.2,0.7,0.5,0.2,0.5063,0.6087,-0.1024,10.4319,9.0154,1.4165,0.040448,9.8146,9.134,-0.6805,-2.0,-0.015458,0.5714,0.4286,0.1429,0.5714,0.5556,0.0159,79,69,10,0
1529290,Lucknow Super Giants,Mumbai Indians,2026-05-04,"Wankhede Stadium, Mumbai",Mumbai Indians,field,1489.7326,1480.7366,8.996,0.2,0.2,0.0,0.3,0.2,0.1,0.5,0.5426,-0.0426,8.671,9.2939,-0.6229,-0.016933,9.3598,10.0176,0.6578,1.1,0.00765,0.75,0.25,0.5,0.5,0.5333,-0.0333,64,282,-218,0
1529291,Delhi Capitals,Chennai Super Kings,2026-05-05,"Arun Jaitley Stadium, Delhi",Delhi Capitals,bat,1516.3387,1494.6249,21.7138,0.4,0.6,-0.2,0.5,0.5,0.0,0.5046,0.5637,-0.0591,9.2086,9.0024,0.2062,0.003359,9.8796,8.8468,-1.0329,-1.4,-0.012425,0.4286,0.5714,-0.1429,0.35,0.5,-0.15,109,259,-150,0
1529292,Sunrisers Hyderabad,Punjab Kings,2026-05-06,"Rajiv Gandhi International Stadium, Uppal, Hyderabad",Punjab Kings,field,1526.4213,1555.7632,-29.3419,0.8,0.6,0.2,0.6,0.7,-0.1,0.4925,0.5,-0.0075,10.0979,10.403,-0.3051,-0.004616,9.6815,9.6236,-0.0579,0.9,0.010339,0.6667,0.3333,0.3333,0.4783,0.0,0.4783,201,80,121,1
1529293,Lucknow Super Giants,Royal Challengers Bengaluru,2026-05-07,"Bharat Ratna Shri Atal Bihari Vajpayee Ekana Cricket Stadium, Lucknow",Royal Challengers Bengaluru,field,1479.4737,1587.3604,-107.8866,0.0,0.6,-0.6,0.3,0.7,-0.4,0.4923,0.6154,-0.1231,8.7902,10.0417,-1.2515,-0.033972,9.5004,9.0381,-0.4623,-1.5,-0.012701,0.3333,0.6667,-0.3333,0.3913,0.5,-0.1087,65,39,26,1
1529294,Delhi Capitals,Kolkata Knight Riders,2026-05-08,"Arun Jaitley Stadium, Delhi",Kolkata Knight Riders,field,1505.7145,1512.5324,-6.8179,0.2,0.4,-0.2,0.4,0.3,0.1,0.5,0.515,-0.015,8.938,8.8076,0.1304,0.006086,9.8058,9.5339,-0.2719,-2.2,-0.014102,0.5,0.5,0.0,0.3333,0.3333,0.0,110,266,-156,0
1529295,Gujarat Titans,Rajasthan Royals,2026-05-09,"Sawai Mansingh Stadium, Jaipur",Rajasthan Royals,field,1573.2149,1515.6208,57.5941,0.6,0.4,0.2,0.6,0.6,0.0,0.6143,0.5021,0.1122,8.8199,9.748,-0.9281,-0.036131,8.8029,9.3345,0.5315,0.6,0.002104,0.6667,0.3333,0.3333,0.6667,0.3529,0.3137,70,239,-169,1
1529296,Lucknow Super Giants,Chennai Super Kings,2026-05-10,"MA Chidambaram Stadium, Chepauk, Chennai",Chennai Super Kings,field,1492.4829,1505.2491,-12.7662,0.2,0.6,-0.4,0.3,0.5,-0.2,0.5,0.5654,-0.0654,8.7201,8.7823,-0.0621,-0.008523,9.5459,8.85,-0.6959,-1.0,-0.009231,0.6,0.4,0.2,0.3333,0.5385,-0.2051,66,260,-194,0
1529297,Mumbai Indians,Royal Challengers Bengaluru,2026-05-10,"Shaheed Veer Narayan Singh International Stadium, Raipur",Royal Challengers Bengaluru,field,1490.9955,1574.3512,-83.3558,0.4,0.4,0.0,0.3,0.6,-0.3,0.5442,0.6,-0.0558,9.506,10.177,-0.671,-0.018256,10.0227,9.1963,-0.8264,-2.1,-0.016842,0.3333,0.6667,-0.3333,0.5,0.5,0.0,283,40,243,0
1529298,Punjab Kings,Delhi Capitals,2026-05-11,"Himachal Pradesh Cricket Association Stadium, Dharamsala",Delhi Capitals,field,1544.9207,1495.9108,49.0099,0.4,0.2,0.2,0.6,0.3,0.3,0.4938,0.4955,-0.0017,10.2843,8.8717,1.4126,0.036811,9.7825,10.0843,0.3018,1.6,0.008581,0.3333,0.6667,-0.3333,0.2,1.0,-0.8,81,111,-30,0
1529299,Gujarat Titans,Sunrisers Hyderabad,2026-05-12,"Narendra Modi Stadium, Ahmedabad",Sunrisers Hyderabad,field,1581.5722,1537.2638,44.3084,0.8,0.8,0.0,0.7,0.7,0.0,0.6197,0.495,0.1247,9.149,10.2534,-1.1044,-0.03681,8.8691,9.4545,0.5854,1.1,0.009324,0.8333,0.1667,0.6667,0.5714,0.0,0.5714,71,202,-131,1
1529300,Kolkata Knight Riders,Royal Challengers Bengaluru,2026-05-13,"Shaheed Veer Narayan Singh International Stadium, Raipur",Royal Challengers Bengaluru,field,1522.3362,1581.9971,-59.6608,0.6,0.6,0.0,0.3,0.6,-0.3,0.5169,0.6098,-0.0929,8.8136,9.714,-0.9004,-0.026169,9.2544,9.0255,-0.2289,0.3,-0.000822,0.6667,0.3333,0.3333,0.5,1.0,-0.5,267,41,226,0
1529301,Punjab Kings,Mumbai Indians,2026-05-14,"Himachal Pradesh Cricket Association Stadium, Dharamsala",Mumbai Indians,field,1533.5193,1483.3496,50.1697,0.2,0.2,0.0,0.6,0.2,0.4,0.4878,0.5423,-0.0544,10.3614,9.1783,1.1831,0.039142,9.9525,9.72,-0.2325,0.2,-0.002229,0.6667,0.3333,0.3333,0.1667,0.5,-0.3333,82,284,-202,0
1529302,Chennai Super Kings,Lucknow Super Giants,2026-05-15,"Bharat Ratna Shri Atal Bihari Vajpayee Ekana Cricket Stadium, Lucknow",Lucknow Super Giants,field,1514.8818,1482.8501,32.0317,0.8,0.2,0.6,0.6,0.3,0.3,0.567,0.4925,0.0745,9.1816,8.6093,0.5723,0.021476,8.8416,9.3779,0.5363,1.5,0.011304,0.5,0.5,0.0,0.5,0.4167,0.0833,261,67,194,0
1529303,Kolkata Knight Riders,Gujarat Titans,2026-05-16,"Eden Gardens, Kolkata",Gujarat Titans,field,1514.0367,1590.3038,-76.2671,0.6,1.0,-0.4,0.3,0.8,-0.5,0.5149,0.625,-0.1101,8.88,8.9487,-0.0687,1.8e-05,9.2923,8.5306,-0.7617,-1.9,-0.019408,0.2,0.8,-0.6,0.4348,1.0,-0.5652,268,72,196,1
1529304,Royal Challengers Bengaluru,Punjab Kings,2026-05-17,"Himachal Pradesh Cricket Association Stadium, Dharamsala",Punjab Kings,field,1590.2966,1522.0853,68.2113,0.6,0.0,0.6,0.6,0.5,0.1,0.619,0.4819,0.1371,9.4156,10.4647,-1.049,-0.035435,8.9566,10.2297,1.2731,0.9,0.010287,0.8333,0.1667,0.6667,1.0,0.1429,0.8571,42,83,-41,1
1529305,Rajasthan Royals,Delhi Capitals,2026-05-17,"Arun Jaitley Stadium, Delhi",Delhi Capitals,field,1507.2635,1507.3121,-0.0486,0.4,0.4,0.0,0.5,0.3,0.2,0.5,0.5,0.0,9.6454,9.0538,0.5916,0.021648,9.7887,10.2964,0.5078,2.7,0.021112,0.3333,0.6667,-0.3333,0.5,0.3182,0.1818,240,112,128,0
1529306,Chennai Super Kings,Sunrisers Hyderabad,2026-05-18,"MA Chidambaram Stadium, Chepauk, Chennai",Chennai Super Kings,bat,1503.9625,1528.5323,-24.5698,0.6,0.6,0.0,0.6,0.6,0.0,0.5649,0.4926,0.0723,9.1045,9.8891,-0.7846,-0.022863,8.8569,9.306,0.4491,0.4,0.005431,0.6522,0.3478,0.3043,0.5556,0.3333,0.2222,262,203,59,0
1529307,Lucknow Super Giants,Rajasthan Royals,2026-05-19,"Sawai Mansingh Stadium, Jaipur",Rajasthan Royals,field,1493.7695,1497.2649,-3.4954,0.4,0.2,0.2,0.4,0.4,0.0,0.5,0.4979,0.0021,8.9207,9.5824,-0.6617,-0.026057,9.4946,9.7614,0.2669,-0.6,-0.005573,0.2857,0.7143,-0.4286,0.6667,0.3333,0.3333,68,241,-173,0
1529308,Mumbai Indians,Kolkata Knight Riders,2026-05-20,"Eden Gardens, Kolkata",Kolkata Knight Riders,field,1494.7837,1526.1973,-31.4136,0.4,0.8,-0.4,0.3,0.4,-0.1,0.5439,0.5167,0.0271,9.4133,9.2128,0.2004,0.006487,9.7887,9.0337,-0.755,-1.1,-0.005749,0.6944,0.3056,0.3889,0.0,0.4583,-0.4583,285,269,16,0
1529309,Gujarat Titans,Chennai Super Kings,2026-05-21,"Narendra Modi Stadium, Ahmedabad",Chennai Super Kings,field,1578.1433,1494.6685,83.4748,0.8,0.6,0.2,0.7,0.6,0.1,0.6164,0.5627,0.0537,8.9821,8.9299,0.0522,-0.006745,8.7468,8.539,-0.2078,0.8,0.007696,0.5556,0.4444,0.1111,0.5862,0.5,0.0862,73,263,-190,1
1529310,Sunrisers Hyderabad,Royal Challengers Bengaluru,2026-05-22,"Rajiv Gandhi International Stadium, Uppal, Hyderabad",Sunrisers Hyderabad,bat,1537.8263,1598.3581,-60.5318,0.6,0.6,0.0,0.7,0.7,0.0,0.4951,0.6279,-0.1328,10.0382,9.5022,0.536,0.020338,9.3275,8.8064,-0.5211,0.2,-0.000974,0.5,0.5,0.0,0.5,1.0,-0.5,204,43,161,1
1529311,Lucknow Super Giants,Punjab Kings,2026-05-23,"Bharat Ratna Shri Atal Bihari Vajpayee Ekana Cricket Stadium, Lucknow",Punjab Kings,field,1483.8701,1514.0237,-30.1537,0.4,0.0,0.4,0.3,0.4,-0.1,0.4928,0.4762,0.0166,9.1351,10.3438,-1.2087,-0.035743,9.8575,10.3331,0.4756,0.0,0.001804,0.4286,0.5714,-0.1429,0.44,0.6667,-0.2267,69,84,-15,0
1529312,Rajasthan Royals,Mumbai Indians,2026-05-24,"Wankhede Stadium, Mumbai",Mumbai Indians,field,1507.1643,1485.6854,21.4789,0.4,0.4,0.0,0.4,0.3,0.1,0.5,0.542,-0.042,9.5662,9.1394,0.4269,0.023059,9.7742,9.4066,-0.3676,0.0,-0.00112,0.4839,0.5161,-0.0323,0.5,0.5484,-0.0484,242,286,-44,1
1529313,Delhi Capitals,Kolkata Knight Riders,2026-05-24,"Eden Gardens, Kolkata",Kolkata Knight Riders,field,1517.3107,1535.2956,-17.9849,0.6,0.8,-0.2,0.4,0.5,-0.1,0.5044,0.5185,-0.0141,9.0319,8.9233,0.1086,-0.000269,10.2054,8.6358,-1.5696,-2.8,-0.018599,0.4615,0.5385,-0.0769,0.0,0.48,-0.48,113,270,-157,1
1535462,Royal Challengers Bengaluru,Gujarat Titans,2026-05-26,"Himachal Pradesh Cricket Association Stadium, Dharamsala",Gujarat Titans,field,1586.6333,1585.7858,0.8475,0.6,0.8,-0.2,0.6,0.7,-0.1,0.6136,0.6216,-0.008,9.3476,9.2,0.1476,0.015544,8.9498,8.8971,-0.0527,-1.8,-0.018434,0.6,0.4,0.2,1.0,0.5,0.5,44,74,-30,1
1535463,Rajasthan Royals,Sunrisers Hyderabad,2026-05-27,"Maharaja Yadavindra Singh International Cricket Stadium, New Chandigarh",Sunrisers Hyderabad,field,1516.5469,1549.5511,-33.0042,0.4,0.6,-0.2,0.4,0.8,-0.4,0.5021,0.4976,0.0045,9.4559,10.209,-0.7531,-0.02401,9.6329,9.1664,-0.4664,-0.7,-0.004819,0.3913,0.6087,-0.2174,1.0,0.0,1.0,243,205,38,1
1535464,Rajasthan Royals,Gujarat Titans,2026-05-29,"Maharaja Yadavindra Singh International Cricket Stadium, New Chandigarh",Rajasthan Royals,bat,1527.494,1575.8102,-48.3163,0.6,0.6,0.0,0.5,0.6,-0.1,0.5041,0.6133,-0.1092,9.8596,9.0885,0.7711,0.031279,9.5362,9.304,-0.2323,-1.2,-0.015203,0.3,0.7,-0.4,1.0,0.0,1.0,244,75,169,0
1535465,Gujarat Titans,Royal Challengers Bengaluru,2026-05-31,"Narendra Modi Stadium, Ahmedabad",Royal Challengers Bengaluru,field,1584.4285,1596.6089,-12.1804,0.6,0.8,-0.2,0.7,0.6,0.1,0.6184,0.6222,-0.0038,9.5532,9.626,-0.0728,-0.006529,9.3833,9.0301,-0.3532,1.4,0.015031,0.3333,0.6667,-0.3333,0.6,0.5,0.1,76,45,31,0
