match_id,team1,team2,match_date,venue,toss_winner,toss_decision,team1_elo,team2_elo,elo_difference,batting_runs_difference,run_rate_difference,boundary_rate_difference,dot_ball_rate_difference,runs_conceded_difference,wickets_difference,bowling_run_rate_difference,wickets_per_ball_difference,win_rate_difference,form_difference,team1_win
335982,Royal Challengers Bangalore,Kolkata Knight Riders,2008-04-18,M Chinnaswamy Stadium,Royal Challengers Bangalore,field,1500.0,1500.0,0.0,0.0,0.0,0.0,0.0,0.0,0.0,0.0,0.0,0.0,0.0,0
335983,Kings XI Punjab,Chennai Super Kings,2008-04-19,"Punjab Cricket Association Stadium, Mohali",Chennai Super Kings,bat,1500.0,1500.0,0.0,0.0,0.0,0.0,0.0,0.0,0.0,0.0,0.0,0.0,0.0,0
335984,Delhi Daredevils,Rajasthan Royals,2008-04-19,Feroz Shah Kotla,Rajasthan Royals,bat,1500.0,1500.0,0.0,0.0,0.0,0.0,0.0,0.0,0.0,0.0,0.0,0.0,0.0,1
335985,Mumbai Indians,Royal Challengers Bangalore,2008-04-20,Wankhede Stadium,Mumbai Indians,bat,1500.0,1490.0,10.0,-63.0,-4.1538,-0.065934,-0.549451,11.1,-3.0,11.1,-0.025,0.5,0.5,0
335986,Kolkata Knight Riders,Deccan Chargers,2008-04-20,Eden Gardens,Deccan Chargers,bat,1510.0,1500.0,10.0,205.0,10.25,0.241667,0.3,-5.4066,10.0,-5.4066,0.10989,0.5,0.5,1
335987,Rajasthan Royals,Kings XI Punjab,2008-04-21,Sawai Mansingh Stadium,Kings XI Punjab,bat,1490.0,1490.0,0.0,-74.0,-3.7,-0.083333,0.258333,3.2967,-4.0,3.2967,-0.030678,0.0,0.0,1
335988,Deccan Chargers,Delhi Daredevils,2008-04-22,"Rajiv Gandhi International Stadium, Uppal",Deccan Chargers,bat,1490.2877,1510.0,-19.7123,-22.0,-2.6869,-0.101648,0.212912,0.5553,-3.0,0.5553,-0.022807,-1.0,-1.0,0
335989,Chennai Super Kings,Mumbai Indians,2008-04-23,"MA Chidambaram Stadium, Chepauk",Mumbai Indians,field,1510.0,1489.7123,20.2877,80.0,4.0,0.108333,-0.091667,-1.9093,-1.0,-1.9093,-0.00904,1.0,1.0,1
335990,Deccan Chargers,Rajasthan Royals,2008-04-24,"Rajiv Gandhi International Stadium, Uppal",Rajasthan Royals,field,1480.8545,1500.0,-19.1455,-20.5,-1.1545,-0.049729,0.067573,0.5455,-1.5,0.5455,-0.011607,-0.5,-0.5,0
335991,Kings XI Punjab,Mumbai Indians,2008-04-25,"Punjab Cricket Association Stadium, Mohali",Mumbai Indians,field,1480.0,1480.2955,-0.2955,7.5,0.4124,0.00924,-0.023657,-1.2614,-0.5,-1.2614,-0.002716,0.0,0.0,1
335992,Royal Challengers Bangalore,Rajasthan Royals,2008-04-26,M Chinnaswamy Stadium,Rajasthan Royals,field,1500.2877,1509.4495,-9.1618,-50.6667,-1.9832,-0.080583,0.023552,-0.3659,-0.1667,-0.3659,-0.004924,-0.1667,-0.1667,0
335993,Chennai Super Kings,Kolkata Knight Riders,2008-04-26,"MA Chidambaram Stadium, Chepauk",Kolkata Knight Riders,bat,1519.4167,1519.7123,-0.2955,67.5,3.1897,0.112607,-0.118697,-4.5501,-4.5,-4.5501,-0.052689,0.0,0.0,1
335994,Mumbai Indians,Deccan Chargers,2008-04-27,Dr DY Patil Sports Academy,Deccan Chargers,field,1470.287,1471.405,-1.118,2.3334,-0.0519,0.004356,-0.018119,-0.2123,2.3334,-0.2123,0.014065,0.0,0.0,0
335995,Kings XI Punjab,Delhi Daredevils,2008-04-27,"Punjab Cricket Association Stadium, Mohali",Delhi Daredevils,bat,1490.0085,1519.4332,-29.4247,51.1667,-0.0741,-0.027772,-0.011373,-2.2336,-2.0,-2.2336,-0.015091,-0.6667,-0.6667,1
335996,Royal Challengers Bangalore,Chennai Super Kings,2008-04-28,M Chinnaswamy Stadium,Chennai Super Kings,bat,1490.5514,1529.4252,-38.8739,-68.3333,-3.3518,-0.102872,0.148909,0.083,-2.6667,0.083,-0.020571,-0.6667,-0.6667,0
335997,Kolkata Knight Riders,Mumbai Indians,2008-04-29,Eden Gardens,Kolkata Knight Riders,bat,1509.7038,1460.3192,49.3846,-6.0833,-0.1833,-0.018891,-0.006321,3.1307,2.0,3.1307,0.022448,0.6667,0.6667,0
335998,Delhi Daredevils,Royal Challengers Bangalore,2008-04-30,Feroz Shah Kotla,Royal Challengers Bangalore,field,1508.5884,1481.6656,26.9227,5.5833,1.4454,0.062198,-0.08169,1.8329,3.0833,1.8329,0.024908,0.4167,0.4167,1
335999,Deccan Chargers,Kings XI Punjab,2008-05-01,"Rajiv Gandhi International Stadium, Uppal",Kings XI Punjab,field,1481.3728,1500.8534,-19.4806,-23.75,-0.3036,0.000924,0.071681,0.0103,-1.5,0.0103,-0.009033,-0.25,-0.25,0
336000,Rajasthan Royals,Kolkata Knight Riders,2008-05-01,Sawai Mansingh Stadium,Rajasthan Royals,bat,1519.1859,1498.2918,20.894,17.75,1.3009,0.05896,-0.022935,-1.6914,-0.5,-1.6914,-0.008665,0.25,0.25,1
336001,Chennai Super Kings,Delhi Daredevils,2008-05-02,"MA Chidambaram Stadium, Chepauk",Chennai Super Kings,bat,1538.311,1517.815,20.496,36.25,0.8953,0.023497,0.009833,-1.3269,0.75,-1.3269,0.006158,0.25,0.25,0
336003,Kings XI Punjab,Kolkata Knight Riders,2008-05-03,"Punjab Cricket Association Stadium, Mohali",Kings XI Punjab,bat,1510.2933,1488.8925,21.4008,31.2,1.5892,0.054329,-0.067911,-1.0426,0.6,-1.0426,-3e-06,0.2,0.2,1
336034,Royal Challengers Bangalore,Deccan Chargers,2008-05-03,M Chinnaswamy Stadium,Deccan Chargers,field,1472.439,1471.9329,0.506,-14.2,-1.0721,-0.044797,-0.013614,-0.4544,-0.2,-0.4544,-0.004543,0.0,0.0,1
336004,Mumbai Indians,Delhi Daredevils,2008-05-04,Dr DY Patil Sports Academy,Delhi Daredevils,field,1471.7311,1528.4042,-56.6731,-7.0,-1.3616,-0.028913,0.115702,-1.3648,-1.0,-1.3648,-0.004459,-0.6,-0.6,1
336005,Rajasthan Royals,Chennai Super Kings,2008-05-04,Sawai Mansingh Stadium,Chennai Super Kings,bat,1528.5852,1527.7218,0.8634,-17.8,-0.7577,-0.006205,0.048387,0.5764,0.0,0.5764,0.002583,0.0,0.0,1
336006,Royal Challengers Bangalore,Kings XI Punjab,2008-05-05,M Chinnaswamy Stadium,Kings XI Punjab,field,1482.4244,1519.6781,-37.2537,-30.0,-1.2981,-0.050174,0.031083,-0.3464,-2.0,-0.3464,-0.016588,-0.3334,-0.4,0
336007,Chennai Super Kings,Deccan Chargers,2008-05-06,"MA Chidambaram Stadium, Chepauk",Deccan Chargers,field,1517.7466,1461.9475,55.7991,16.3333,0.4839,0.011475,-0.021456,-0.3008,0.5,-0.3008,0.00346,0.5,0.4,0
336008,Mumbai Indians,Rajasthan Royals,2008-05-07,Dr DY Patil Sports Academy,Mumbai Indians,field,1483.348,1538.5604,-55.2124,-4.0,-0.8329,-0.030036,0.037434,-0.8498,-0.6667,-0.8498,-0.004627,-0.5,-0.6,1
336009,Delhi Daredevils,Chennai Super Kings,2008-05-08,Feroz Shah Kotla,Chennai Super Kings,field,1516.7874,1506.1543,10.6331,-14.4286,0.012,-0.005826,-0.051101,0.8784,1.5476,0.8784,0.010109,0.0953,0.2,0
336010,Kolkata Knight Riders,Royal Challengers Bangalore,2008-05-08,Eden Gardens,Kolkata Knight Riders,bat,1479.5077,1473.4926,6.0151,6.881,0.1426,-0.004915,0.011526,0.8468,1.5953,0.8468,0.016957,0.0476,0.0,1
336011,Rajasthan Royals,Deccan Chargers,2008-05-09,Sawai Mansingh Stadium,Rajasthan Royals,field,1526.9845,1473.5399,53.4446,-7.2857,-0.2127,-0.000641,-0.001158,0.4869,1.0,0.4869,0.009973,0.4286,0.4,1
336013,Chennai Super Kings,Kings XI Punjab,2008-05-10,"MA Chidambaram Stadium, Chepauk",Kings XI Punjab,field,1516.4602,1528.6099,-12.1497,3.2321,0.1657,0.001069,0.010531,-0.5627,-1.8929,-0.5627,-0.014248,-0.0893,-0.6,1
336014,Deccan Chargers,Kolkata Knight Riders,2008-05-11,"Rajiv Gandhi International Stadium, Uppal",Kolkata Knight Riders,bat,1465.0661,1489.3346,-24.2685,7.3036,0.6127,0.036455,-0.003461,-0.6048,-0.8571,-0.6048,-0.008994,-0.1786,0.2,0
336015,Rajasthan Royals,Delhi Daredevils,2008-05-11,Sawai Mansingh Stadium,Rajasthan Royals,field,1535.4582,1506.4814,28.9768,-11.0,-0.4923,0.000768,0.082076,0.3623,-0.0893,0.3623,0.003398,0.1786,0.4,1
336016,Kings XI Punjab,Royal Challengers Bangalore,2008-05-12,"Punjab Cricket Association Stadium, Mohali",Royal Challengers Bangalore,bat,1518.2604,1463.6657,54.5947,27.0,1.0774,0.033787,-0.028062,0.207,1.875,0.207,0.014239,0.375,0.6,1
336017,Kolkata Knight Riders,Delhi Daredevils,2008-05-13,Eden Gardens,Kolkata Knight Riders,bat,1498.6372,1497.3135,1.3237,-3.25,-0.6048,-0.017304,0.080788,0.172,-0.75,0.172,-0.001799,0.0,0.0,1
336018,Mumbai Indians,Chennai Super Kings,2008-05-14,Wankhede Stadium,Mumbai Indians,field,1494.9239,1526.8098,-31.8859,-26.2381,-1.1813,-0.025711,0.073228,0.2424,1.1904,0.2424,0.013284,-0.2381,0.2,1
336020,Delhi Daredevils,Deccan Chargers,2008-05-15,Feroz Shah Kotla,Deccan Chargers,field,1487.3516,1455.7635,31.5881,-4.0,0.0225,-0.013514,-0.071337,0.6448,1.7778,0.6448,0.012022,0.2222,0.0,1
336021,Mumbai Indians,Kolkata Knight Riders,2008-05-16,Wankhede Stadium,Mumbai Indians,field,1505.839,1508.5991,-2.7601,-6.2222,0.0237,0.020778,0.044892,-0.6538,0.3056,-0.6538,0.00204,-0.0556,0.2,1
336022,Delhi Daredevils,Kings XI Punjab,2008-05-17,Feroz Shah Kotla,Delhi Daredevils,bat,1496.4449,1526.7018,-30.2569,-8.3333,-0.1194,-0.012165,-0.036992,0.1578,0.0111,0.1578,-0.000281,-0.1667,-0.6,0
336023,Rajasthan Royals,Royal Challengers Bangalore,2008-05-17,Sawai Mansingh Stadium,Royal Challengers Bangalore,field,1544.6261,1455.2242,89.4019,7.6666,0.8221,0.037583,0.011926,0.8916,2.2223,0.8916,0.019526,0.5556,0.6,1
336024,Deccan Chargers,Mumbai Indians,2008-05-18,"Rajiv Gandhi International Stadium, Uppal",Deccan Chargers,field,1446.6701,1515.9185,-69.2483,22.7889,0.4576,0.005455,-0.044729,-0.6916,-2.3111,-0.6916,-0.022851,-0.3556,-0.8,0
336025,Kolkata Knight Riders,Chennai Super Kings,2008-05-18,Eden Gardens,Kolkata Knight Riders,bat,1498.5197,1515.8946,-17.3749,-26.0,-1.0891,-0.041664,0.039073,1.0448,0.8,1.0448,0.012341,-0.1,0.2,0
336026,Royal Challengers Bangalore,Delhi Daredevils,2008-05-19,M Chinnaswamy Stadium,Delhi Daredevils,field,1447.7421,1487.3136,-39.5715,-2.2818,-1.267,-0.029881,0.07339,-0.3546,-1.7182,-0.3546,-0.020685,-0.2545,0.0,0
336027,Kolkata Knight Riders,Rajasthan Royals,2008-05-20,Eden Gardens,Rajasthan Royals,field,1489.0193,1552.1083,-63.0889,-26.2091,-1.1276,-0.047466,0.037163,-0.4748,-2.3545,-0.4748,-0.009516,-0.3455,-0.2,0
336028,Mumbai Indians,Kings XI Punjab,2008-05-21,Wankhede Stadium,Mumbai Indians,field,1523.9513,1535.8332,-11.8818,-18.6,-0.7362,-0.007547,0.075696,0.3906,0.5,0.3906,0.006544,-0.1,0.2,0
336029,Chennai Super Kings,Royal Challengers Bangalore,2008-05-21,"MA Chidambaram Stadium, Chepauk",Royal Challengers Bangalore,bat,1525.3949,1438.8762,86.5188,3.0,0.5966,0.023724,-0.002172,-0.1444,0.9091,-0.1444,0.009157,0.4546,0.6,0
336031,Kings XI Punjab,Deccan Chargers,2008-05-23,"Punjab Cricket Association Stadium, Mohali",Kings XI Punjab,field,1545.4913,1438.6373,106.854,-7.0,0.0291,-0.002979,-0.006153,0.926,1.909,0.926,0.018371,0.5455,0.6,1
336032,Delhi Daredevils,Mumbai Indians,2008-05-24,Feroz Shah Kotla,Delhi Daredevils,field,1496.1795,1514.2932,-18.1137,3.25,0.3733,-0.010141,-0.101678,-0.3747,-1.1136,-0.3747,-0.007569,-0.0455,-0.4,1
336033,Chennai Super Kings,Rajasthan Royals,2008-05-24,"MA Chidambaram Stadium, Chepauk",Rajasthan Royals,bat,1512.9549,1560.3121,-47.3572,-20.1818,-0.8949,-0.033521,0.03724,-0.7235,-2.4091,-0.7235,-0.016881,-0.2349,-0.2,0
336002,Deccan Chargers,Royal Challengers Bangalore,2008-05-25,"Rajiv Gandhi International Stadium, Uppal",Deccan Chargers,bat,1431.6194,1451.3161,-19.6968,19.5833,1.4133,0.046855,-0.034618,-0.6935,0.6667,-0.6935,0.005063,-0.0833,-0.2,0
336035,Kolkata Knight Riders,Kings XI Punjab,2008-05-25,Eden Gardens,Kings XI Punjab,bat,1480.8155,1552.5092,-71.6938,-12.4166,-1.2477,-0.03776,0.059332,-0.3959,-2.25,-0.3959,-0.016195,-0.3333,-0.4,1
336036,Rajasthan Royals,Mumbai Indians,2008-05-26,Sawai Mansingh Stadium,Rajasthan Royals,field,1568.9575,1503.7723,65.1851,16.0834,0.8241,0.017998,-0.074776,0.2654,0.4167,0.2654,0.000728,0.3333,0.4,1
336037,Deccan Chargers,Chennai Super Kings,2008-05-27,"Rajiv Gandhi International Stadium, Uppal",Deccan Chargers,bat,1422.1857,1504.3096,-82.1239,10.6923,0.6061,0.017263,-0.02951,-0.129,0.0769,-0.129,-0.00112,-0.3847,-0.4,0
336012,Royal Challengers Bangalore,Mumbai Indians,2008-05-28,M Chinnaswamy Stadium,Mumbai Indians,field,1460.7498,1495.6268,-34.877,5.3077,-0.4704,-0.023178,-0.028908,-0.4814,-1.0,-0.4814,-0.013343,-0.1538,0.0,0
336019,Kings XI Punjab,Rajasthan Royals,2008-05-28,"Punjab Cricket Association Stadium, Mohali",Rajasthan Royals,field,1540.4745,1577.103,-36.6285,4.6923,0.3171,0.00412,-0.011194,-1.0605,-0.6154,-1.0605,-0.005853,-0.1539,-0.2,1
336038,Delhi Daredevils,Rajasthan Royals,2008-05-30,Wankhede Stadium,Delhi Daredevils,field,1506.7004,1566.0526,-59.3522,12.4231,0.1925,-0.001752,-0.03395,-0.7558,-0.1429,-0.7558,-0.004137,-0.2472,-0.2,0
336039,Chennai Super Kings,Kings XI Punjab,2008-05-31,Wankhede Stadium,Kings XI Punjab,bat,1511.9889,1551.5249,-39.536,-12.9286,-1.2474,-0.030578,0.064987,0.0369,-1.4285,0.0369,-0.016445,-0.1429,-0.4,1
336040,Chennai Super Kings,Rajasthan Royals,2008-06-01,Dr DY Patil Sports Academy,Rajasthan Royals,field,1523.122,1574.3607,-51.2388,-10.2666,-0.8055,-0.016454,0.051672,-0.5402,-1.2,-0.5402,-0.014703,-0.2,-0.2,0
392181,Chennai Super Kings,Mumbai Indians,2009-04-18,Newlands,Chennai Super Kings,field,1514.5862,1504.6263,9.9599,-7.4375,-0.1815,-0.014133,-0.020029,-0.8041,-1.5982,-0.8041,-0.014227,0.0625,0.0,0
392182,Royal Challengers Bangalore,Rajasthan Royals,2009-04-18,Newlands,Royal Challengers Bangalore,bat,1451.7503,1582.8966,-131.1463,1.0893,-1.1056,-0.027715,0.037644,-0.3295,-0.7589,-0.3295,-0.014962,-0.5268,-0.4,1
392183,Delhi Daredevils,Kings XI Punjab,2009-04-19,Newlands,Delhi Daredevils,field,1498.3923,1540.3918,-41.9996,1.3953,-0.4193,-0.017893,-0.025687,-0.1048,0.8619,-0.1048,0.006492,-0.1667,0.0,1
392184,Deccan Chargers,Kolkata Knight Riders,2009-04-19,Newlands,Kolkata Knight Riders,bat,1414.5063,1492.8502,-78.3439,3.3846,0.4871,0.017259,-0.029591,-0.2695,-0.4121,-0.2695,-0.009599,-0.3186,-0.4,1
392185,Royal Challengers Bangalore,Chennai Super Kings,2009-04-20,St George's Park,Chennai Super Kings,bat,1465.3554,1504.2996,-38.9442,6.8941,-0.6997,-0.018528,0.029178,0.535,-0.1726,0.535,-0.004959,-0.1961,0.2,0
392186,Kings XI Punjab,Kolkata Knight Riders,2009-04-21,Kingsmead,Kolkata Knight Riders,field,1529.1889,1480.6327,48.5561,-7.0089,1.1281,0.030794,-0.047908,-0.0701,0.0089,-0.0701,0.003073,0.1964,0.2,0
392188,Royal Challengers Bangalore,Deccan Chargers,2009-04-22,Newlands,Deccan Chargers,bat,1456.4716,1426.7238,29.7478,-20.0542,-1.0451,-0.029558,0.046312,0.5747,-0.35,0.5747,0.00177,0.1125,0.4,0
392189,Chennai Super Kings,Delhi Daredevils,2009-04-23,Kingsmead,Delhi Daredevils,bat,1513.1833,1509.5953,3.5881,-11.0556,-0.321,-0.007312,0.038694,0.7913,-0.8889,0.7913,-0.005265,0.0223,0.0,0
392191,Royal Challengers Bangalore,Kings XI Punjab,2009-04-24,Kingsmead,Royal Challengers Bangalore,bat,1445.6175,1517.8003,-72.1828,-10.5294,-1.5335,-0.036047,0.060431,0.835,0.4706,0.835,0.001661,-0.2941,0.2,0
392192,Deccan Chargers,Mumbai Indians,2009-04-25,Kingsmead,Deccan Chargers,bat,1437.5779,1514.9129,-77.335,4.1,-0.0395,-0.008851,-0.001955,-0.9651,-1.4917,-0.9651,-0.01809,-0.2833,0.0,1
392194,Royal Challengers Bangalore,Delhi Daredevils,2009-04-26,St George's Park,Royal Challengers Bangalore,bat,1437.6657,1519.6985,-82.0329,-11.3819,-1.2054,-0.03176,0.089419,0.6032,-1.6597,0.6032,-0.020859,-0.2847,-0.6,0
392195,Kings XI Punjab,Rajasthan Royals,2009-04-26,Newlands,Kings XI Punjab,bat,1525.7521,1569.2915,-43.5394,-6.0686,0.4439,0.008032,-0.026995,-0.9943,-1.402,-0.9943,-0.007936,-0.1536,-0.2,1
392196,Chennai Super Kings,Deccan Chargers,2009-04-27,Kingsmead,Deccan Chargers,field,1503.0801,1449.7678,53.3123,-17.0682,-0.3359,-0.008741,0.001516,0.4571,0.1919,0.4571,0.009876,0.2322,-0.2,0
392197,Kolkata Knight Riders,Mumbai Indians,2009-04-27,St George's Park,Mumbai Indians,bat,1492.0213,1502.7231,-10.7018,2.15,-0.6956,-0.024411,0.052101,-0.7521,-1.3667,-0.7521,-0.013431,-0.0333,0.0,0
392198,Delhi Daredevils,Rajasthan Royals,2009-04-28,SuperSport Park,Delhi Daredevils,bat,1527.3804,1558.0449,-30.6645,-2.598,0.3171,0.005353,-0.034749,-0.7395,0.3464,-0.7395,0.007566,-0.134,0.4,0
392199,Royal Challengers Bangalore,Kolkata Knight Riders,2009-04-29,Kingsmead,Kolkata Knight Riders,bat,1429.9839,1482.3292,-52.3453,-5.4145,0.0348,-0.004945,-0.01282,0.3538,-0.148,0.3538,-0.002866,-0.1743,-0.2,1
392200,Kings XI Punjab,Mumbai Indians,2009-04-29,Kingsmead,Kings XI Punjab,bat,1536.9988,1512.4151,24.5836,-6.9907,0.047,-0.008924,-0.016814,-1.0356,-1.5449,-1.0356,-0.010584,0.1022,-0.2,1
392201,Deccan Chargers,Delhi Daredevils,2009-04-30,SuperSport Park,Delhi Daredevils,field,1461.2903,1518.2607,-56.9704,11.6111,0.0452,0.001303,0.018307,0.0774,-0.6667,0.0774,-0.016354,-0.2223,0.2,0
392202,Chennai Super Kings,Rajasthan Royals,2009-04-30,SuperSport Park,Rajasthan Royals,field,1491.5575,1567.1645,-75.607,-7.6684,-0.081,-0.00352,-0.014985,-0.0938,-0.3342,-0.0938,-0.002159,-0.2368,-0.4,1
392203,Kolkata Knight Riders,Mumbai Indians,2009-05-01,Buffalo Park,Mumbai Indians,bat,1470.8339,1503.1215,-32.2877,-5.1928,-0.8281,-0.018438,0.060255,-0.9272,-1.2321,-0.9272,-0.014804,-0.0882,-0.2,0
392204,Royal Challengers Bangalore,Kings XI Punjab,2009-05-01,Kingsmead,Royal Challengers Bangalore,bat,1441.4792,1546.2924,-104.8132,-6.1,-0.7015,-0.013546,0.055881,0.417,0.25,0.417,-0.000908,-0.35,-0.4,1
392205,Deccan Chargers,Rajasthan Royals,2009-05-02,St George's Park,Deccan Chargers,bat,1452.9155,1555.0221,-102.1066,9.2579,0.4418,0.01153,-0.029128,-0.2956,-0.2474,-0.2956,-0.006797,-0.3842,0.4,0
392206,Chennai Super Kings,Delhi Daredevils,2009-05-02,New Wanderers Stadium,Delhi Daredevils,field,1503.7,1526.6355,-22.9355,-0.9549,-0.4487,-0.015438,0.018194,0.8429,-0.4611,0.8429,-0.007205,-0.0551,-0.4,1
392207,Kings XI Punjab,Kolkata Knight Riders,2009-05-03,St George's Park,Kolkata Knight Riders,bat,1533.3639,1461.7605,71.6034,3.4127,1.0053,0.02119,-0.063882,0.2144,-0.1349,0.2144,0.002678,0.2301,0.4,1
392208,Royal Challengers Bangalore,Mumbai Indians,2009-05-03,New Wanderers Stadium,Mumbai Indians,bat,1454.4077,1512.1949,-57.7872,-13.1178,-0.4865,-0.009889,0.043772,0.0283,-0.7745,0.0283,-0.006764,-0.193,-0.2,1
392209,Chennai Super Kings,Deccan Chargers,2009-05-04,Buffalo Park,Chennai Super Kings,bat,1514.3592,1445.7726,68.5866,-3.1318,0.338,0.00905,-0.030354,0.1139,0.1773,0.1139,0.008977,0.2455,0.0,1
392210,Kings XI Punjab,Rajasthan Royals,2009-05-05,Kingsmead,Kings XI Punjab,field,1541.3317,1562.165,-20.8333,-3.236,0.0492,-0.001917,-0.019418,0.1158,-0.6818,0.1158,-0.003131,-0.0779,0.4,0
392211,Delhi Daredevils,Kolkata Knight Riders,2009-05-05,Kingsmead,Kolkata Knight Riders,bat,1515.9763,1453.7927,62.1836,4.0658,1.2843,0.037813,-0.070165,-0.2077,1.5421,-0.2077,0.027108,0.1816,0.4,1
392212,Deccan Chargers,Mumbai Indians,2009-05-06,SuperSport Park,Deccan Chargers,bat,1437.7214,1500.5468,-62.8254,-5.15,0.1485,0.009632,0.009184,-0.3157,-0.4357,-0.3157,-0.006367,-0.2143,0.0,1
392213,Royal Challengers Bangalore,Rajasthan Royals,2009-05-07,SuperSport Park,Rajasthan Royals,field,1466.0557,1571.5661,-105.5104,-1.6818,-0.0933,-0.0031,0.004787,-0.216,-0.3636,-0.216,-0.005124,-0.3637,0.0,0
392214,Chennai Super Kings,Kings XI Punjab,2009-05-07,SuperSport Park,Chennai Super Kings,bat,1522.4103,1531.9306,-9.5203,7.6521,0.7923,0.022573,-0.047577,0.4886,1.2173,0.4886,0.019682,-0.0435,0.0,1
392215,Delhi Daredevils,Mumbai Indians,2009-05-08,Buffalo Park,Mumbai Indians,bat,1524.2054,1488.758,35.4474,-2.1429,0.5493,0.02649,-0.014918,-0.8544,0.4286,-0.8544,0.008065,0.0952,0.2,1
392216,Deccan Chargers,Kings XI Punjab,2009-05-09,De Beers Diamond Oval,Kings XI Punjab,field,1449.5102,1521.6567,-72.1465,8.7424,0.5144,0.020742,-0.001051,0.4171,0.9394,0.4171,0.007871,-0.2651,0.0,0
392217,Chennai Super Kings,Rajasthan Royals,2009-05-09,De Beers Diamond Oval,Rajasthan Royals,bat,1532.6843,1578.6193,-45.935,5.3152,0.7875,0.015924,-0.076064,-0.3678,0.0453,-0.3678,0.006356,-0.1558,0.0,1
392218,Royal Challengers Bangalore,Mumbai Indians,2009-05-10,St George's Park,Mumbai Indians,bat,1459.0025,1479.7747,-20.7722,-4.7727,-0.0897,0.004915,0.035631,-0.5166,-0.7332,-0.5166,-0.010902,-0.1067,0.4,0
392219,Delhi Daredevils,Kolkata Knight Riders,2009-05-10,New Wanderers Stadium,Delhi Daredevils,field,1533.1886,1445.5637,87.625,-3.0591,0.6189,0.018167,-0.036704,0.0828,1.5,0.0828,0.029537,0.2409,0.6,1
392220,Deccan Chargers,Rajasthan Royals,2009-05-11,De Beers Diamond Oval,Deccan Chargers,bat,1441.5574,1567.3049,-125.7475,4.9203,0.3346,-0.000359,-0.042102,-0.6467,-0.0526,-0.6467,-0.004158,-0.404,-0.4,1
392221,Royal Challengers Bangalore,Kolkata Knight Riders,2009-05-12,SuperSport Park,Royal Challengers Bangalore,field,1449.5997,1438.0336,11.5661,-4.8096,-0.0052,-0.003111,-0.003998,0.4769,0.0357,0.4769,0.005609,0.0,0.6,1
392222,Kings XI Punjab,Mumbai Indians,2009-05-12,SuperSport Park,Kings XI Punjab,bat,1529.6095,1489.1776,40.4319,-5.313,0.1829,0.005788,-0.029544,-1.0466,-0.9061,-1.0466,-0.010451,0.1217,0.0,0
392223,Deccan Chargers,Delhi Daredevils,2009-05-13,Kingsmead,Deccan Chargers,field,1455.0265,1540.7187,-85.6922,4.2626,0.3235,-0.002764,-0.01023,0.3427,-0.4311,0.3427,-0.008186,-0.2754,-0.4,0
392224,Royal Challengers Bangalore,Chennai Super Kings,2009-05-14,Kingsmead,Chennai Super Kings,bat,1459.2669,1543.9987,-84.7318,-9.24,-1.0465,-0.033934,0.06535,-0.2048,-1.04,-0.2048,-0.024458,-0.24,-0.4,1
392225,Mumbai Indians,Rajasthan Royals,2009-05-14,Kingsmead,Rajasthan Royals,bat,1500.3361,1553.8357,-53.4997,6.7833,0.2768,-0.004301,-0.037792,0.2329,0.1483,0.2329,0.002544,-0.18,-0.2,0
392226,Delhi Daredevils,Kings XI Punjab,2009-05-15,OUTsurance Oval,Kings XI Punjab,field,1548.3011,1518.451,29.8502,4.0609,0.6963,0.028927,-0.001612,0.3518,1.3269,0.3518,0.022929,0.0481,0.4,0
392227,Chennai Super Kings,Mumbai Indians,2009-05-16,St George's Park,Mumbai Indians,bat,1531.6072,1491.8639,39.7433,6.4677,1.1332,0.050272,-0.042181,-0.6827,0.1308,-0.6827,0.007067,0.0969,0.4,1
392228,Deccan Chargers,Kolkata Knight Riders,2009-05-16,New Wanderers Stadium,Deccan Chargers,field,1447.4441,1428.3663,19.0778,1.1855,0.6936,0.009306,-0.046704,0.3451,0.7255,0.3451,0.018473,0.0018,0.4,1
392229,Deccan Chargers,Kings XI Punjab,2009-05-17,New Wanderers Stadium,Deccan Chargers,field,1456.8956,1529.308,-72.4124,7.1396,0.7817,0.018633,-0.018031,-0.0317,0.3134,-0.0317,0.00422,-0.2464,0.2,0
392230,Delhi Daredevils,Rajasthan Royals,2009-05-17,OUTsurance Oval,Delhi Daredevils,bat,1537.4441,1562.3079,-24.8638,8.2569,0.6364,0.009967,-0.051095,-0.3076,0.3462,-0.3076,0.005259,-0.0923,0.2,1
392231,Chennai Super Kings,Kolkata Knight Riders,2009-05-18,SuperSport Park,Chennai Super Kings,bat,1540.4682,1418.9149,121.5534,2.2754,1.0529,0.039741,-0.053328,0.5049,0.773,0.5049,0.025356,0.2883,0.8,0
392232,Royal Challengers Bangalore,Delhi Daredevils,2009-05-19,New Wanderers Stadium,Delhi Daredevils,bat,1471.6585,1548.1585,-76.5001,1.3462,0.0358,0.003169,0.021896,-0.5718,-1.0,-0.5718,-0.020977,-0.2308,-0.2,1
392233,Kolkata Knight Riders,Rajasthan Royals,2009-05-20,Kingsmead,Kolkata Knight Riders,field,1432.2774,1551.5935,-119.3161,7.3843,0.4554,0.001351,-0.028904,-1.0105,-0.6204,-1.0105,-0.017991,-0.3334,-0.2,1
392234,Chennai Super Kings,Kings XI Punjab,2009-05-20,Kingsmead,Chennai Super Kings,bat,1527.1057,1537.2535,-10.1477,9.0,1.3522,0.046429,-0.051693,-0.3586,0.1786,-0.3586,0.005122,-0.0357,0.0,1
392235,Delhi Daredevils,Mumbai Indians,2009-05-21,SuperSport Park,Delhi Daredevils,field,1535.9916,1483.0028,52.9888,-1.3618,0.1591,0.011863,-0.016404,-0.2518,0.3604,-0.2518,0.008872,0.1311,0.2,1
392236,Royal Challengers Bangalore,Deccan Chargers,2009-05-21,SuperSport Park,Royal Challengers Bangalore,bat,1483.8254,1448.9501,34.8753,-2.2592,-0.3924,-0.011801,0.009309,0.1365,-0.5185,0.1365,-0.010785,0.0741,0.2,1
392237,Delhi Daredevils,Deccan Chargers,2009-05-22,SuperSport Park,Deccan Chargers,field,1544.4782,1439.9505,104.5276,-2.0357,-0.178,-0.002043,-0.010143,0.4664,0.4286,0.4664,0.010065,0.2857,0.2,0
392238,Royal Challengers Bangalore,Chennai Super Kings,2009-05-23,New Wanderers Stadium,Royal Challengers Bangalore,field,1492.825,1537.3977,-44.5728,-1.9323,-0.5679,-0.033867,0.023924,0.0036,-0.3485,0.0036,-0.011087,-0.1576,0.2,1
392239,Royal Challengers Bangalore,Deccan Chargers,2009-05-24,New Wanderers Stadium,Royal Challengers Bangalore,field,1504.1009,1452.8715,51.2294,-1.5172,-0.3334,-0.007253,0.011453,0.2873,-0.4138,0.2873,-0.009043,0.1035,0.6,0
419106,Deccan Chargers,Kolkata Knight Riders,2010-03-12,Dr DY Patil Sports Academy,Deccan Chargers,field,1464.3354,1445.5827,18.7527,-7.04,0.4207,0.00636,-0.008937,0.3193,0.4667,0.3193,0.01846,0.0067,0.2,0
419107,Mumbai Indians,Rajasthan Royals,2010-03-13,Brabourne Stadium,Mumbai Indians,bat,1474.5162,1538.2883,-63.772,1.0542,-0.2239,-0.024017,-0.025273,-0.1709,-0.2116,-0.1709,-0.00577,-0.1985,0.2,1
419108,Kings XI Punjab,Delhi Daredevils,2010-03-13,"Punjab Cricket Association Stadium, Mohali",Delhi Daredevils,field,1526.9615,1531.5572,-4.5957,-4.069,-0.7601,-0.018314,0.038794,-0.2446,-0.3448,-0.2446,-0.008224,0.0,0.2,0
419109,Kolkata Knight Riders,Royal Challengers Bangalore,2010-03-14,Eden Gardens,Kolkata Knight Riders,field,1456.1219,1492.637,-36.5151,8.7948,0.0721,0.002724,-0.015063,-0.3588,-0.0308,-0.3588,-0.006984,-0.0487,-0.2,1
419110,Chennai Super Kings,Deccan Chargers,2010-03-14,"MA Chidambaram Stadium, Chepauk",Deccan Chargers,bat,1526.1218,1453.7962,72.3257,1.2774,0.0364,0.017801,-0.007774,0.1938,-0.0591,0.1938,-0.000874,0.2119,0.0,0
419111,Rajasthan Royals,Delhi Daredevils,2010-03-15,"Sardar Patel Stadium, Motera",Delhi Daredevils,field,1526.4731,1541.4249,-14.9519,1.9367,0.0083,0.017153,0.041348,-0.1638,-0.0943,-0.1638,-0.004851,0.0207,-0.4,0
419112,Royal Challengers Bangalore,Kings XI Punjab,2010-03-16,M Chinnaswamy Stadium,Kings XI Punjab,bat,1481.5898,1517.0937,-35.5039,1.6699,0.548,0.010685,-0.021303,0.3388,-0.2871,0.3388,-0.005972,-0.1473,0.2,1
419113,Kolkata Knight Riders,Chennai Super Kings,2010-03-16,Eden Gardens,Chennai Super Kings,bat,1467.169,1514.0697,-46.9007,5.5089,-0.3337,-0.012103,0.03261,-0.0457,-0.1577,-0.0457,-0.011389,-0.141,0.4,0
419114,Delhi Daredevils,Mumbai Indians,2010-03-17,Feroz Shah Kotla,Delhi Daredevils,field,1550.9949,1486.3314,64.6635,-5.8779,0.0247,-0.002956,-0.01405,0.5116,0.326,0.5116,0.013197,0.1486,0.2,0
419115,Royal Challengers Bangalore,Rajasthan Royals,2010-03-18,M Chinnaswamy Stadium,Royal Challengers Bangalore,field,1492.6082,1516.9032,-24.295,-1.9771,0.0936,-0.010554,-0.021073,-0.2945,-0.5355,-0.2945,-0.010941,-0.1625,0.4,1
419116,Delhi Daredevils,Chennai Super Kings,2010-03-19,Feroz Shah Kotla,Delhi Daredevils,bat,1539.1549,1522.7279,16.427,-3.9375,-0.3909,-0.018987,0.001164,-0.1978,0.1875,-0.1978,0.003728,0.0313,0.2,0
419117,Deccan Chargers,Kings XI Punjab,2010-03-19,Barabati Stadium,Kings XI Punjab,field,1465.8483,1506.0754,-40.2271,4.0312,0.8602,0.016663,-0.031091,0.4019,0.5746,0.4019,0.01535,-0.1734,0.2,1
419118,Rajasthan Royals,Kolkata Knight Riders,2010-03-20,"Sardar Patel Stadium, Motera",Rajasthan Royals,bat,1506.205,1458.5108,47.6943,-6.4677,-0.1296,0.000298,0.014166,0.2774,0.2316,0.2774,0.01285,0.1877,-0.8,1
419119,Mumbai Indians,Royal Challengers Bangalore,2010-03-20,Brabourne Stadium,Mumbai Indians,bat,1498.1714,1503.3063,-5.135,7.2613,-0.1674,-0.008697,-0.015077,-0.2951,0.303,-0.2951,0.003893,0.0283,-0.2,0
419120,Deccan Chargers,Delhi Daredevils,2010-03-21,Barabati Stadium,Deccan Chargers,bat,1477.001,1528.6824,-51.6814,3.4546,0.3426,0.007992,0.009717,0.4003,0.1818,0.4003,0.003664,-0.1819,0.4,1
419122,Mumbai Indians,Kolkata Knight Riders,2010-03-22,Brabourne Stadium,Kolkata Knight Riders,bat,1488.3191,1449.875,38.4442,0.5931,0.4018,0.008238,-0.039146,0.1469,0.3448,0.1469,0.011389,0.0874,-0.2,1
419123,Royal Challengers Bangalore,Chennai Super Kings,2010-03-23,M Chinnaswamy Stadium,Chennai Super Kings,field,1513.1585,1533.2004,-20.0418,-2.7549,0.097,0.00147,0.009597,0.3273,0.0953,0.3273,0.003446,-0.1052,0.0,1
419124,Kings XI Punjab,Rajasthan Royals,2010-03-24,"Punjab Cricket Association Stadium, Mohali",Kings XI Punjab,field,1494.9227,1514.8408,-19.9181,1.6874,0.1845,0.004076,-0.009107,-0.6781,0.0,-0.6781,-0.001886,-0.0626,0.0,0
419125,Chennai Super Kings,Mumbai Indians,2010-03-25,"Brabourne Stadium, Mumbai",Mumbai Indians,field,1522.6242,1497.2171,25.407,-5.4582,-0.2879,-0.005582,0.019845,0.1291,-0.074,0.1291,0.000853,0.0749,-0.2,0
419128,Royal Challengers Bangalore,Delhi Daredevils,2010-03-25,M Chinnaswamy Stadium,Royal Challengers Bangalore,field,1523.7347,1517.2058,6.5289,-0.6008,0.297,0.020726,0.034129,0.9,0.0916,0.9,0.003186,-0.0731,0.4,0
419126,Rajasthan Royals,Deccan Chargers,2010-03-26,"Sardar Patel Stadium, Motera",Deccan Chargers,bat,1524.2682,1488.4776,35.7906,-3.5562,-0.8899,-0.018333,0.03388,0.0892,-0.4224,0.0892,-0.009597,0.1943,-0.4,1
419127,Kings XI Punjab,Kolkata Knight Riders,2010-03-27,"Punjab Cricket Association Stadium, Mohali",Kolkata Knight Riders,bat,1485.4954,1440.977,44.5184,-3.6939,0.1413,0.002282,-0.007762,-0.1745,0.0,-0.1745,0.004761,0.1485,-0.4,0
419129,Rajasthan Royals,Chennai Super Kings,2010-03-28,"Sardar Patel Stadium, Motera",Rajasthan Royals,bat,1533.2417,1511.8942,21.3475,-1.4547,-0.3537,-0.004481,0.042321,0.1105,0.1076,0.1105,0.004556,0.0747,0.2,1
419130,Deccan Chargers,Mumbai Indians,2010-03-28,Dr DY Patil Sports Academy,Deccan Chargers,field,1479.5041,1507.9471,-28.443,-4.8045,-0.286,-0.013532,0.023354,0.0853,0.1071,0.0853,0.006839,-0.1,-0.2,0
419131,Delhi Daredevils,Kolkata Knight Riders,2010-03-29,Feroz Shah Kotla,Delhi Daredevils,bat,1527.3937,1452.2514,75.1423,-3.623,0.5547,0.003903,-0.061242,-0.4373,0.176,-0.4373,0.01152,0.1843,0.0,1
419132,Mumbai Indians,Kings XI Punjab,2010-03-30,Brabourne Stadium,Mumbai Indians,field,1517.1303,1474.221,42.9093,7.1364,1.1695,0.041931,-0.055027,-0.1295,0.1114,-0.1295,0.003036,0.0152,0.8,1
419133,Chennai Super Kings,Royal Challengers Bangalore,2010-03-31,"MA Chidambaram Stadium, Chepauk",Royal Challengers Bangalore,bat,1502.5078,1513.5468,-11.039,1.1666,-0.2492,-0.011598,-0.01335,-0.6282,-0.0556,-0.6282,-0.001181,0.0556,-0.4,1
419134,Delhi Daredevils,Rajasthan Royals,2010-03-31,Feroz Shah Kotla,Delhi Daredevils,bat,1535.264,1542.628,-7.364,0.6444,0.5072,0.004589,-0.063227,-0.5606,0.1476,-0.5606,0.003397,-0.0453,-0.4,1
419135,Kolkata Knight Riders,Deccan Chargers,2010-04-01,Eden Gardens,Kolkata Knight Riders,bat,1444.381,1470.321,-25.9399,2.2049,-0.5714,-0.008912,0.017316,0.1795,-0.2049,0.1795,-0.01257,-0.0139,-0.4,1
419136,Kings XI Punjab,Royal Challengers Bangalore,2010-04-02,"Punjab Cricket Association Stadium, Mohali",Kings XI Punjab,bat,1465.4498,1503.2292,-37.7794,-1.7375,-1.1326,-0.03631,0.051619,-0.3017,0.0895,-0.3017,0.000878,0.0262,-0.6,0
419137,Chennai Super Kings,Rajasthan Royals,2010-04-03,"MA Chidambaram Stadium, Chepauk",Chennai Super Kings,bat,1512.8255,1532.4161,-19.5906,1.6997,0.3373,0.001238,-0.055185,-0.1942,0.0127,-0.1942,-0.000968,-0.0706,-0.4,1
419138,Mumbai Indians,Deccan Chargers,2010-04-03,Brabourne Stadium,Mumbai Indians,bat,1525.9015,1459.5757,66.3257,6.0414,0.3739,0.022519,-0.016285,-0.061,-0.0191,-0.061,-0.003586,0.151,0.4,1
419139,Kolkata Knight Riders,Kings XI Punjab,2010-04-04,Eden Gardens,Kolkata Knight Riders,bat,1455.1263,1456.5329,-1.4066,3.2475,-0.0395,0.005168,0.002011,0.3651,-0.0303,0.3651,-0.005336,-0.0783,0.4,0
419140,Delhi Daredevils,Royal Challengers Bangalore,2010-04-04,Feroz Shah Kotla,Delhi Daredevils,bat,1545.4759,1512.1461,33.3298,2.803,0.1615,0.000413,-0.021822,-0.5145,0.473,-0.5145,0.014574,0.1209,0.0,1
419141,Deccan Chargers,Rajasthan Royals,2010-04-05,"Vidarbha Cricket Association Stadium, Jamtha",Rajasthan Royals,bat,1451.4619,1521.8528,-70.3909,-2.2461,-0.2523,-0.020239,-0.017344,0.1917,0.2227,0.1917,0.006132,-0.2262,-0.4,0
419142,Chennai Super Kings,Mumbai Indians,2010-04-06,"MA Chidambaram Stadium, Chepauk",Chennai Super Kings,bat,1523.3887,1534.0153,-10.6266,-4.5398,-0.2131,-0.016933,0.006726,-0.1095,-0.2474,-0.1095,-0.005879,0.0097,-0.6,1
419143,Rajasthan Royals,Kings XI Punjab,2010-04-07,Sawai Mansingh Stadium,Kings XI Punjab,bat,1529.8541,1466.4924,63.3617,0.6586,0.5114,0.023502,0.013446,-0.2064,0.1458,-0.2064,0.008808,0.1188,0.4,1
419144,Kolkata Knight Riders,Delhi Daredevils,2010-04-07,Eden Gardens,Kolkata Knight Riders,bat,1445.1668,1554.5196,-109.3528,-0.0976,-1.032,-0.023441,0.060397,0.2542,-0.3886,0.2542,-0.018533,-0.2229,-0.4,1
419145,Royal Challengers Bangalore,Deccan Chargers,2010-04-08,M Chinnaswamy Stadium,Deccan Chargers,field,1503.1025,1443.4606,59.6419,0.641,0.4478,0.018802,-0.03126,0.3725,-0.3077,0.3725,-0.010844,0.1025,0.4,0
419146,Kings XI Punjab,Mumbai Indians,2010-04-09,"Punjab Cricket Association Stadium, Mohali",Mumbai Indians,bat,1458.2962,1523.7096,-65.4134,-5.1038,-0.5522,-0.025785,0.008426,-0.6391,-0.541,-0.6391,-0.01566,-0.0541,-0.6,1
419147,Deccan Chargers,Chennai Super Kings,2010-04-10,"Vidarbha Cricket Association Stadium, Jamtha",Chennai Super Kings,bat,1455.1606,1533.6945,-78.5339,-4.2885,-0.5473,-0.01117,0.033777,0.014,0.1115,0.014,0.005547,-0.1891,-0.4,1
419148,Royal Challengers Bangalore,Kolkata Knight Riders,2010-04-10,M Chinnaswamy Stadium,Royal Challengers Bangalore,field,1491.4025,1458.2142,33.1883,-4.0071,0.6861,0.015453,-0.034708,0.0665,-0.1357,0.0665,0.001578,0.05,-0.4,1
419149,Delhi Daredevils,Kings XI Punjab,2010-04-11,Feroz Shah Kotla,Delhi Daredevils,bat,1541.4721,1470.157,71.3151,0.1538,0.1679,0.002144,-0.014078,0.873,0.6667,0.873,0.021084,0.1025,0.4,0
419150,Rajasthan Royals,Mumbai Indians,2010-04-11,Sawai Mansingh Stadium,Rajasthan Royals,field,1538.0503,1511.8487,26.2016,-5.334,-0.2524,-0.00189,0.04497,-0.3041,-0.1116,-0.3041,0.000315,0.1019,0.0,0
419151,Deccan Chargers,Royal Challengers Bangalore,2010-04-12,"Vidarbha Cricket Association Stadium, Jamtha",Royal Challengers Bangalore,field,1467.3833,1500.4502,-33.0669,-1.2683,-0.6661,-0.022506,0.040083,-0.1569,0.2439,-0.1569,0.009171,-0.0732,0.0,1
419152,Mumbai Indians,Delhi Daredevils,2010-04-13,Brabourne Stadium,Mumbai Indians,bat,1522.6015,1529.4478,-6.8464,3.3737,0.1172,0.008699,0.001453,0.3588,-0.0171,0.3588,-0.002144,-0.0487,0.0,1
419153,Chennai Super Kings,Kolkata Knight Riders,2010-04-13,"MA Chidambaram Stadium, Chepauk",Kolkata Knight Riders,bat,1521.4718,1449.1665,72.3053,-0.5278,0.742,0.007279,-0.041687,-0.0684,0.1667,-0.0684,0.009396,0.1611,0.2,1
419154,Rajasthan Royals,Royal Challengers Bangalore,2010-04-14,Sawai Mansingh Stadium,Rajasthan Royals,bat,1527.2976,1489.5013,37.7963,2.1452,-0.0058,0.007819,0.034296,-0.4571,0.05,-0.4571,0.001452,0.1476,0.0,0
419155,Chennai Super Kings,Delhi Daredevils,2010-04-15,"MA Chidambaram Stadium, Chepauk",Chennai Super Kings,bat,1529.4202,1519.2508,10.1694,1.3415,0.4769,0.014419,0.000905,0.0842,-0.0244,0.0842,-0.001405,0.0,0.4,0
419156,Kings XI Punjab,Deccan Chargers,2010-04-16,Himachal Pradesh Cricket Association Stadium,Deccan Chargers,field,1482.1812,1478.3321,3.8491,3.9774,0.4158,0.02126,-0.040569,-0.5672,-0.3905,-0.5672,-0.015532,0.0952,0.0,0
419157,Royal Challengers Bangalore,Mumbai Indians,2010-04-17,M Chinnaswamy Stadium,Royal Challengers Bangalore,field,1500.5849,1532.7985,-32.2136,-4.5528,0.06,-0.002311,0.000401,-0.4626,-0.192,-0.4626,-0.002649,-0.0734,-0.2,0
419158,Kolkata Knight Riders,Rajasthan Royals,2010-04-17,Eden Gardens,Rajasthan Royals,bat,1441.2181,1516.214,-74.9959,2.3296,-0.7632,-0.023599,0.014185,-0.3121,-0.499,-0.3121,-0.02003,-0.207,0.0,1
419159,Kings XI Punjab,Chennai Super Kings,2010-04-18,Himachal Pradesh Cricket Association Stadium,Chennai Super Kings,field,1472.0705,1519.1276,-47.0572,0.6905,-0.1969,0.003496,-0.003308,-0.467,-0.0395,-0.467,-0.001492,-0.0598,0.0,0
419160,Delhi Daredevils,Deccan Chargers,2010-04-18,Feroz Shah Kotla,Deccan Chargers,bat,1529.5434,1488.4429,41.1005,2.4917,0.1758,-0.001278,-0.049467,0.6143,0.0603,0.6143,0.000708,0.1528,-0.4,0
419161,Kolkata Knight Riders,Mumbai Indians,2010-04-19,Eden Gardens,Mumbai Indians,bat,1453.3438,1541.874,-88.5302,-0.675,-0.501,-0.010294,0.034537,-0.9997,-0.4118,-0.9997,-0.0145,-0.1553,-0.2,1
419162,Royal Challengers Bangalore,Mumbai Indians,2010-04-21,Dr DY Patil Sports Academy,Mumbai Indians,bat,1491.5094,1529.3796,-37.8702,-4.3021,-0.1107,-0.006157,0.002319,-0.8102,-0.3581,-0.8102,-0.010764,-0.0821,-0.2,0
419163,Chennai Super Kings,Deccan Chargers,2010-04-22,Dr DY Patil Sports Academy,Chennai Super Kings,bat,1527.7814,1499.6204,28.161,3.3087,0.6233,0.019259,-0.038157,-0.0725,-0.1754,-0.0725,-0.008083,0.1263,-0.4,1
419164,Royal Challengers Bangalore,Deccan Chargers,2010-04-24,Dr DY Patil Sports Academy,Deccan Chargers,bat,1482.5951,1490.4292,-7.834,2.0,0.513,0.007862,-0.064537,-0.6191,-0.3777,-0.6191,-0.01391,0.0222,-0.4,1
419165,Chennai Super Kings,Mumbai Indians,2010-04-25,Dr DY Patil Sports Academy,Chennai Super Kings,bat,1536.9727,1538.2939,-1.3212,-2.4675,0.1226,0.001173,-0.007132,-0.5825,-0.3507,-0.5825,-0.011253,0.0206,-0.2,1
501198,Chennai Super Kings,Kolkata Knight Riders,2011-04-08,"MA Chidambaram Stadium, Chepauk",Chennai Super Kings,bat,1547.0107,1465.8381,81.1726,-3.8992,0.3247,-0.003874,-0.028341,0.6147,0.1658,0.6147,0.010544,0.1675,0.2,1
501199,Deccan Chargers,Rajasthan Royals,2011-04-09,"Rajiv Gandhi International Stadium, Uppal",Rajasthan Royals,field,1480.2037,1504.0884,-23.8847,-6.3634,-1.0043,-0.03343,0.042816,0.7786,-0.1542,0.7786,-0.001585,-0.1584,0.2,0
501200,Kochi Tuskers Kerala,Royal Challengers Bangalore,2011-04-09,Nehru Stadium,Kochi Tuskers Kerala,bat,1500.0,1492.8206,7.1794,-30.4783,-7.558,-0.155436,-0.349506,8.1915,-1.2609,8.1915,-0.049153,0.0435,0.1,0
501201,Delhi Daredevils,Mumbai Indians,2011-04-10,Feroz Shah Kotla,Delhi Daredevils,bat,1518.366,1528.2559,-9.8899,-1.5348,-0.2875,-0.014192,0.001125,0.0154,0.0466,0.0154,0.001308,0.0232,-0.4,0
501202,Pune Warriors,Kings XI Punjab,2011-04-10,Dr DY Patil Sports Academy,Kings XI Punjab,bat,1500.0,1463.4167,36.5833,-36.9524,-7.9386,-0.176471,-0.327366,8.8933,-1.2381,8.8933,-0.0451,0.0238,0.1,1
501203,Kolkata Knight Riders,Deccan Chargers,2011-04-11,Eden Gardens,Kolkata Knight Riders,bat,1458.1329,1470.8901,-12.7572,8.7899,0.8004,0.030981,-0.050775,-0.6471,-0.0053,-0.6471,-0.007079,-0.0043,0.0,1
501204,Rajasthan Royals,Delhi Daredevils,2011-04-12,Sawai Mansingh Stadium,Delhi Daredevils,bat,1513.402,1508.6505,4.7515,1.7897,0.5859,0.03345,0.028612,-1.237,-0.0354,-1.237,-0.002121,0.0359,0.2,1
501205,Royal Challengers Bangalore,Mumbai Indians,2011-04-12,M Chinnaswamy Stadium,Mumbai Indians,field,1503.0272,1537.9713,-34.9441,-3.9327,0.0607,0.001491,0.0108,-0.878,-0.2887,-0.878,-0.009045,-0.0774,0.0,0
501206,Kings XI Punjab,Chennai Super Kings,2011-04-13,"Punjab Cricket Association Stadium, Mohali",Kings XI Punjab,field,1454.4657,1554.716,-100.2502,2.0481,-0.2173,0.005083,0.00836,-1.1901,-0.2068,-1.1901,-0.00829,-0.1219,-0.4,1
501207,Pune Warriors,Kochi Tuskers Kerala,2011-04-13,Dr DY Patil Sports Academy,Kochi Tuskers Kerala,bat,1508.9509,1489.7934,19.1575,-41.0,0.7785,0.077848,0.130696,3.0315,4.0,3.0315,0.031513,1.0,1.0,1
501208,Deccan Chargers,Royal Challengers Bangalore,2011-04-14,"Rajiv Gandhi International Stadium, Uppal",Royal Challengers Bangalore,field,1460.5231,1494.0296,-33.5065,0.2291,-0.3286,-0.002745,0.051565,0.4144,0.0833,0.4144,0.004464,-0.0625,-0.2,1
501209,Rajasthan Royals,Kolkata Knight Riders,2011-04-15,Sawai Mansingh Stadium,Kolkata Knight Riders,field,1523.2653,1468.4999,54.7654,-2.7056,0.0893,-0.000949,0.009333,-0.1392,0.0726,-0.1392,0.005449,0.1763,-0.2,0
501210,Mumbai Indians,Kochi Tuskers Kerala,2011-04-15,Wankhede Stadium,Kochi Tuskers Kerala,field,1546.9689,1480.3442,66.6247,-111.3222,0.238,0.007751,-0.03521,1.0202,-3.6444,1.0202,0.007827,0.5556,0.6,0
501211,Chennai Super Kings,Royal Challengers Bangalore,2011-04-16,"MA Chidambaram Stadium, Chepauk",Chennai Super Kings,bat,1541.908,1483.0682,58.8399,5.7338,0.801,0.023765,-0.031555,0.1121,0.2384,0.1121,0.00764,0.1255,0.4,1
501212,Deccan Chargers,Kings XI Punjab,2011-04-16,"Rajiv Gandhi International Stadium, Uppal",Kings XI Punjab,field,1471.4845,1467.2737,4.2108,-7.3776,-0.948,-0.035962,0.073032,1.3731,0.0497,1.3731,0.005328,-0.0691,-0.2,0
501213,Pune Warriors,Delhi Daredevils,2011-04-17,Dr DY Patil Sports Academy,Delhi Daredevils,field,1518.4001,1498.7873,19.6128,93.9889,0.7761,0.042836,0.046875,0.7135,6.6667,0.7135,0.014817,0.4667,0.8,0
501214,Kolkata Knight Riders,Rajasthan Royals,2011-04-17,Eden Gardens,Kolkata Knight Riders,field,1480.0632,1511.7019,-31.6387,4.0587,0.3049,0.014496,-0.018578,0.3016,0.0381,0.3016,-0.001472,-0.1492,0.4,1
501215,Kochi Tuskers Kerala,Chennai Super Kings,2011-04-18,Nehru Stadium,Kochi Tuskers Kerala,field,1492.2387,1550.2305,-57.9918,122.3125,0.0949,0.01221,0.027577,-1.0705,2.6458,-1.0705,-0.020395,-0.25,-0.4667,1
501216,Delhi Daredevils,Deccan Chargers,2011-04-19,Feroz Shah Kotla,Deccan Chargers,bat,1509.3512,1461.3633,47.9879,2.8,0.1319,-0.001094,-0.024722,-0.0066,0.1574,-0.0066,0.002162,0.1435,0.2,0
501218,Mumbai Indians,Pune Warriors,2011-04-20,Wankhede Stadium,Pune Warriors,bat,1535.0745,1507.8362,27.2383,-110.3624,-0.6233,-0.02784,-0.066607,0.1431,-6.3841,0.1431,-0.013971,-0.1232,-0.0667,1
501219,Kolkata Knight Riders,Kochi Tuskers Kerala,2011-04-20,Eden Gardens,Kolkata Knight Riders,field,1490.9713,1503.8925,-12.9211,-115.4419,-0.4731,-0.013077,0.004722,0.3304,-2.6744,0.3304,0.015743,-0.0581,0.3,0
501220,Kings XI Punjab,Rajasthan Royals,2011-04-21,"Punjab Cricket Association Stadium, Mohali",Rajasthan Royals,field,1477.3949,1500.7938,-23.3989,5.042,0.8118,0.035215,-0.04198,-0.5477,0.0463,-0.5477,0.00045,-0.0763,0.0,1
501221,Mumbai Indians,Chennai Super Kings,2011-04-22,Wankhede Stadium,Chennai Super Kings,field,1544.2921,1538.5767,5.7154,0.8511,-0.3001,-0.011107,0.001318,0.3722,0.1789,0.3722,0.005177,-0.0182,0.0,1
501222,Kolkata Knight Riders,Royal Challengers Bangalore,2011-04-22,Eden Gardens,Royal Challengers Bangalore,field,1481.3431,1474.7457,6.5974,3.8018,0.0101,0.010874,0.02043,0.3059,0.2891,0.3059,0.008179,-0.0082,0.2,0
501223,Delhi Daredevils,Kings XI Punjab,2011-04-23,Feroz Shah Kotla,Kings XI Punjab,field,1497.9787,1488.0673,9.9114,-5.7521,-1.306,-0.058656,0.047068,0.9611,-0.1101,0.9611,-0.005296,0.0319,-0.4,1
501224,Deccan Chargers,Mumbai Indians,2011-04-24,"Rajiv Gandhi International Stadium, Uppal",Deccan Chargers,field,1472.7358,1554.1276,-81.3918,-2.6642,-0.2958,-0.003845,0.03334,-0.1376,-0.3554,-0.1376,-0.011827,-0.1507,-0.4,0
501225,Rajasthan Royals,Kochi Tuskers Kerala,2011-04-24,Sawai Mansingh Stadium,Rajasthan Royals,field,1490.1213,1513.5208,-23.3994,-115.2851,-0.6197,-0.027097,0.004581,-0.0695,-3.8936,-0.0695,0.003009,-0.0468,-0.2,1
501226,Chennai Super Kings,Pune Warriors,2011-04-25,"MA Chidambaram Stadium, Chepauk",Pune Warriors,field,1528.7412,1498.6186,30.1226,-103.78,0.1055,-0.004505,-0.074995,-0.55,-5.32,-0.55,-0.003566,0.06,-0.1,1
501227,Delhi Daredevils,Royal Challengers Bangalore,2011-04-26,Feroz Shah Kotla,Royal Challengers Bangalore,field,1507.6935,1484.9356,22.7579,2.5772,-0.1133,-0.006297,0.010431,0.0381,-0.0404,0.0381,-0.00365,0.0907,0.0,0
501228,Pune Warriors,Chennai Super Kings,2011-04-27,Dr DY Patil Sports Academy,Pune Warriors,bat,1489.4834,1537.8763,-48.3929,99.4667,-0.3913,-0.009589,0.069742,0.4658,5.2235,0.4658,0.001744,-0.1686,0.0,0
501229,Kochi Tuskers Kerala,Deccan Chargers,2011-04-27,Nehru Stadium,Kochi Tuskers Kerala,field,1502.8483,1465.0365,37.8118,109.5962,0.1884,0.003763,-0.00305,-0.2079,3.6154,-0.2079,0.001131,0.0962,0.2,0
501230,Delhi Daredevils,Kolkata Knight Riders,2011-04-28,Feroz Shah Kotla,Delhi Daredevils,field,1497.0394,1471.1532,25.8862,-1.1556,-0.0299,-0.009796,0.000232,-0.1216,-0.1814,-0.1216,-0.005884,0.1084,-0.2,0
501231,Rajasthan Royals,Mumbai Indians,2011-04-29,Sawai Mansingh Stadium,Rajasthan Royals,field,1500.7938,1561.8269,-61.0331,-2.6828,-0.3247,-0.009489,0.028692,-0.3755,-0.284,-0.3755,-0.011253,-0.0089,-0.4,1
501232,Royal Challengers Bangalore,Pune Warriors,2011-04-29,M Chinnaswamy Stadium,Pune Warriors,field,1495.5897,1480.8673,14.7223,-103.9231,0.1628,0.007829,-0.061627,-0.7647,-4.6667,-0.7647,-0.00376,0.1282,0.2,1
501233,Kochi Tuskers Kerala,Delhi Daredevils,2011-04-30,Nehru Stadium,Delhi Daredevils,bat,1491.7642,1486.2957,5.4685,98.0829,-0.4041,-0.000914,0.031765,0.2748,3.7571,0.2748,-0.002968,-0.0914,0.2,0
501234,Kolkata Knight Riders,Kings XI Punjab,2011-04-30,Eden Gardens,Kolkata Knight Riders,field,1481.8969,1478.3525,3.5444,-5.2484,-1.1008,-0.049965,0.014386,1.3312,0.1559,1.3312,0.00526,-0.0546,0.0,1
501235,Rajasthan Royals,Pune Warriors,2011-05-01,Sawai Mansingh Stadium,Rajasthan Royals,field,1512.5326,1471.2908,41.2418,-107.4081,-0.5706,-0.019755,-0.008003,0.0755,-4.4694,0.0755,0.001994,0.2857,0.4,1
501236,Chennai Super Kings,Deccan Chargers,2011-05-01,"MA Chidambaram Stadium, Chepauk",Chennai Super Kings,bat,1546.4924,1476.1205,70.3719,4.3095,1.0716,0.024984,-0.065398,-0.4344,0.1923,-0.4344,0.006123,0.1618,0.0,1
501237,Mumbai Indians,Kings XI Punjab,2011-05-02,Wankhede Stadium,Kings XI Punjab,field,1550.0881,1468.4545,81.6335,-5.3692,-1.0715,-0.051852,-0.003857,1.2266,0.0533,1.2266,0.00422,0.0808,0.0,1
501238,Delhi Daredevils,Kochi Tuskers Kerala,2011-05-02,Feroz Shah Kotla,Kochi Tuskers Kerala,field,1496.4531,1481.6069,14.8462,-96.6422,0.5397,0.010993,-0.011166,0.0262,-3.9289,0.0262,0.006487,0.1544,0.0,0
501239,Deccan Chargers,Kolkata Knight Riders,2011-05-03,"Rajiv Gandhi International Stadium, Uppal",Deccan Chargers,field,1468.1187,1491.7949,-23.6761,-2.8783,-0.3295,-0.010928,0.026466,-0.4345,-0.4599,-0.4345,-0.011353,-0.0394,-0.2,0
501240,Chennai Super Kings,Rajasthan Royals,2011-05-04,"MA Chidambaram Stadium, Chepauk",Rajasthan Royals,bat,1554.4942,1521.3511,33.1431,3.8419,1.0049,0.024122,-0.070902,-0.2695,0.1442,-0.2695,0.00703,0.0049,0.0,1
501241,Pune Warriors,Mumbai Indians,2011-05-04,Dr DY Patil Sports Academy,Pune Warriors,field,1462.4723,1557.7808,-95.3085,106.1373,0.1113,0.00168,0.038963,-0.3379,4.0417,-0.3379,-0.013666,-0.3186,-0.8,0
501242,Kochi Tuskers Kerala,Kolkata Knight Riders,2011-05-05,Nehru Stadium,Kolkata Knight Riders,field,1492.0339,1501.1145,-9.0806,96.5069,-0.2821,0.002926,0.044891,-0.4795,3.9097,-0.4795,-0.007821,-0.0139,-0.2,1
501243,Deccan Chargers,Delhi Daredevils,2011-05-05,"Rajiv Gandhi International Stadium, Uppal",Delhi Daredevils,field,1458.7991,1486.0261,-27.2269,-2.657,-0.3726,-0.018834,-0.023162,0.4132,-0.185,0.4132,-0.005768,-0.1192,0.0,0
501244,Royal Challengers Bangalore,Kings XI Punjab,2011-05-06,M Chinnaswamy Stadium,Kings XI Punjab,field,1505.1662,1460.7618,44.4043,-4.4686,-0.3832,-0.028296,-0.015217,0.3554,-0.0989,0.3554,-0.002708,0.0023,0.2,1
501245,Kolkata Knight Riders,Chennai Super Kings,2011-05-07,Eden Gardens,Chennai Super Kings,bat,1490.8532,1563.5431,-72.69,-0.7418,-0.7075,-0.013019,0.03597,0.4539,0.0578,0.4539,-0.002397,-0.1436,-0.2,1
501246,Mumbai Indians,Delhi Daredevils,2011-05-07,Wankhede Stadium,Delhi Daredevils,field,1565.1044,1495.244,69.8604,-2.0972,-0.6756,-0.023316,-0.017422,1.1177,0.2692,1.1177,0.010422,0.0486,0.4,1
501247,Royal Challengers Bangalore,Kochi Tuskers Kerala,2011-05-08,M Chinnaswamy Stadium,Kochi Tuskers Kerala,bat,1513.895,1502.2952,11.5998,-99.4037,0.8777,0.02703,-0.036882,-0.2179,-4.363,-0.2179,-0.000326,-0.0185,0.4,1
501248,Kings XI Punjab,Pune Warriors,2011-05-08,"Punjab Cricket Association Stadium, Mohali",Kings XI Punjab,bat,1452.033,1455.1487,-3.1157,-102.0356,0.714,0.036534,-0.042747,-1.4295,-4.5956,-1.4295,-0.004519,0.2378,0.2,0
501249,Rajasthan Royals,Chennai Super Kings,2011-05-09,Sawai Mansingh Stadium,Rajasthan Royals,field,1512.3022,1551.481,-39.1788,-2.394,-0.8057,-0.012236,0.067132,0.4492,0.021,0.4492,-0.003484,-0.0132,-0.2,0
501250,Deccan Chargers,Pune Warriors,2011-05-10,"Rajiv Gandhi International Stadium, Uppal",Deccan Chargers,bat,1449.5812,1465.059,-15.4778,-103.9393,0.3491,0.002608,-0.076032,-0.5395,-4.8536,-0.5395,-0.002773,0.0929,0.0,0
501251,Kings XI Punjab,Mumbai Indians,2011-05-10,"Punjab Cricket Association Stadium, Mohali",Mumbai Indians,field,1442.1226,1573.1203,-130.9976,2.8461,0.4249,0.017609,0.004257,-1.7705,-0.3984,-1.7705,-0.018927,-0.1339,-0.8,1
501252,Rajasthan Royals,Royal Challengers Bangalore,2011-05-11,Sawai Mansingh Stadium,Royal Challengers Bangalore,field,1503.4251,1523.5613,-20.1362,-2.6629,-1.2136,-0.053209,0.027645,0.058,-0.0524,0.058,-0.003641,0.0668,-0.4,0
501253,Chennai Super Kings,Delhi Daredevils,2011-05-12,"MA Chidambaram Stadium, Chepauk",Chennai Super Kings,bat,1560.3581,1487.2281,73.13,-1.3492,0.0211,-0.021222,-0.058075,0.8851,0.0351,0.8851,0.005754,0.0708,0.4,1
501254,Kochi Tuskers Kerala,Kings XI Punjab,2011-05-13,Holkar Cricket Stadium,Kings XI Punjab,field,1492.629,1455.724,36.905,84.5192,-0.5826,-0.020759,0.03015,0.8936,3.5979,0.8936,-0.003455,-0.007,0.2,0
501255,Royal Challengers Bangalore,Kolkata Knight Riders,2011-05-14,M Chinnaswamy Stadium,Royal Challengers Bangalore,field,1532.9824,1502.9154,30.067,2.0586,1.1702,0.050172,-0.012838,-0.673,-0.2,-0.673,-0.004661,0.04,0.2,1
501256,Mumbai Indians,Deccan Chargers,2011-05-14,Wankhede Stadium,Deccan Chargers,bat,1559.5189,1440.0264,119.4925,-0.2553,-0.1434,0.011037,0.042103,0.6662,0.3129,0.6662,0.011309,0.1881,0.4,0
501257,Kings XI Punjab,Delhi Daredevils,2011-05-15,Himachal Pradesh Cricket Association Stadium,Delhi Daredevils,field,1466.7822,1479.3024,-12.5202,0.5019,-0.0496,0.003054,-0.01303,0.0194,0.0943,0.0194,0.004187,-0.0374,0.0,1
501258,Kochi Tuskers Kerala,Rajasthan Royals,2011-05-15,Holkar Cricket Stadium,Kochi Tuskers Kerala,field,1481.5707,1494.004,-12.4333,80.7893,0.0899,0.015048,0.006311,-0.152,3.1965,-0.152,0.002919,-0.1305,0.0,1
501259,Pune Warriors,Deccan Chargers,2011-05-16,Dr DY Patil Sports Academy,Deccan Chargers,field,1474.6138,1453.3362,21.2776,95.5455,-0.3317,0.002754,0.094529,0.2261,4.2555,0.2261,-0.00261,-0.033,0.2,0
501260,Kings XI Punjab,Royal Challengers Bangalore,2011-05-17,Himachal Pradesh Cricket Association Stadium,Kings XI Punjab,bat,1477.1424,1542.1191,-64.9767,1.3791,-0.6944,-0.023935,0.022215,-0.6294,0.1832,-0.6294,0.007292,-0.0273,-0.4,1
501261,Chennai Super Kings,Kochi Tuskers Kerala,2011-05-18,"MA Chidambaram Stadium, Chepauk",Chennai Super Kings,bat,1568.2838,1491.9284,76.3553,-63.4291,0.9175,0.010004,-0.078891,-0.0224,-3.3144,-0.0224,0.00281,0.135,0.2,1
501262,Pune Warriors,Kolkata Knight Riders,2011-05-19,Dr DY Patil Sports Academy,Kolkata Knight Riders,field,1464.0022,1493.7786,-29.7764,86.6814,-0.0228,0.009103,0.058758,-0.3738,3.3627,-0.3738,-0.006487,-0.1177,-0.2,0
501263,Mumbai Indians,Rajasthan Royals,2011-05-20,Wankhede Stadium,Mumbai Indians,bat,1546.2091,1483.6463,62.5628,2.3256,0.5218,0.027077,-0.027841,0.6306,0.4946,0.6306,0.020017,0.0266,0.4,0
501264,Kings XI Punjab,Deccan Chargers,2011-05-21,Himachal Pradesh Cricket Association Stadium,Kings XI Punjab,field,1488.9911,1463.9478,25.0433,3.7574,0.5761,0.041415,0.041093,-0.484,0.1636,-0.484,0.006517,0.0841,0.4,0
501266,Royal Challengers Bangalore,Chennai Super Kings,2011-05-22,M Chinnaswamy Stadium,Royal Challengers Bangalore,field,1530.2704,1576.1208,-45.8503,-0.1207,0.7237,0.055201,0.045473,-0.7831,-0.0517,-0.7831,-0.004938,-0.1034,0.0,1
501267,Kolkata Knight Riders,Mumbai Indians,2011-05-22,Eden Gardens,Mumbai Indians,field,1502.9237,1534.4277,-31.504,-1.3406,-0.082,-0.011878,0.000135,0.311,-0.059,0.311,-0.006299,-0.0921,0.2,0
501268,Royal Challengers Bangalore,Chennai Super Kings,2011-05-24,Wankhede Stadium,Chennai Super Kings,field,1541.5825,1564.8087,-23.2262,-0.2034,0.8962,0.064003,0.035473,-0.688,0.0169,-0.688,-0.000606,-0.0847,0.2,0
501269,Mumbai Indians,Kolkata Knight Riders,2011-05-25,Wankhede Stadium,Mumbai Indians,field,1543.5234,1493.828,49.6954,0.3959,0.0272,0.012681,0.010406,-0.1684,0.1013,-0.1684,0.008547,0.1086,0.0,1
501270,Royal Challengers Bangalore,Mumbai Indians,2011-05-27,"MA Chidambaram Stadium, Chepauk",Mumbai Indians,field,1532.25,1552.1027,-19.8527,0.9586,1.2745,0.052006,-0.003205,-0.4514,-0.1367,-0.4514,-0.005625,-0.069,0.2,1
501271,Chennai Super Kings,Royal Challengers Bangalore,2011-05-28,"MA Chidambaram Stadium, Chepauk",Chennai Super Kings,bat,1574.1412,1542.8208,31.3204,0.8303,-0.733,-0.053679,-0.029852,0.4612,-0.0333,0.4612,-0.001212,0.0918,0.2,1
548306,Chennai Super Kings,Mumbai Indians,2012-04-04,"MA Chidambaram Stadium, Chepauk",Mumbai Indians,field,1583.2422,1541.5319,41.7102,2.8408,0.9054,0.000806,-0.058531,0.2619,-0.0825,0.2619,-0.001643,0.0473,0.4,0
548307,Kolkata Knight Riders,Delhi Daredevils,2012-04-05,Eden Gardens,Delhi Daredevils,field,1485.2486,1468.9422,16.3064,-2.9855,-0.2922,-0.018972,-0.02245,1.1344,0.0185,1.1344,1.2e-05,-0.0556,0.2,0
548308,Mumbai Indians,Pune Warriors,2012-04-06,Wankhede Stadium,Mumbai Indians,field,1552.7267,1454.8571,97.8696,-73.4962,0.6337,0.023881,-0.055328,-0.413,-2.7295,-0.413,0.015173,0.259,0.2,0
548309,Rajasthan Royals,Kings XI Punjab,2012-04-06,Sawai Mansingh Stadium,Kings XI Punjab,field,1495.4278,1478.2716,17.1562,-4.4545,-0.7148,-0.036532,0.020484,0.8116,-0.1991,0.8116,-0.009047,0.0634,-0.6,1
548310,Royal Challengers Bangalore,Delhi Daredevils,2012-04-07,M Chinnaswamy Stadium,Delhi Daredevils,field,1533.7198,1479.4112,54.3087,-1.7547,0.6272,0.020435,-0.013825,0.5709,-0.1025,0.5709,-0.002953,-0.0088,0.0,1
548311,Deccan Chargers,Chennai Super Kings,2012-04-07,Dr. Y.S. Rajasekhara Reddy ACA-VDCA Cricket Stadium,Deccan Chargers,field,1474.6674,1572.0474,-97.38,-0.3102,-0.3804,-0.004181,-0.008698,-0.0553,0.2619,-0.0553,0.009988,-0.1801,0.0,0
548312,Rajasthan Royals,Kolkata Knight Riders,2012-04-08,Sawai Mansingh Stadium,Kolkata Knight Riders,field,1504.9344,1474.7796,30.1548,1.1295,-0.0769,0.000598,0.023625,-0.5945,-0.0539,-0.5945,-0.001868,0.1172,0.2,1
548313,Pune Warriors,Kings XI Punjab,2012-04-08,Subrata Roy Sahara Stadium,Pune Warriors,bat,1467.6018,1468.765,-1.1631,65.2819,-0.6923,-0.0288,0.042197,1.1433,2.9649,1.1433,-0.005482,-0.1166,0.0,1
548314,Deccan Chargers,Mumbai Indians,2012-04-09,Dr. Y.S. Rajasekhara Reddy ACA-VDCA Cricket Stadium,Deccan Chargers,bat,1467.3991,1539.982,-72.5829,1.6721,0.2599,-0.014136,-0.064811,-0.0052,-0.0328,-0.0052,-0.001729,-0.1476,0.0,0
548315,Royal Challengers Bangalore,Kolkata Knight Riders,2012-04-10,M Chinnaswamy Stadium,Royal Challengers Bangalore,field,1542.1693,1465.6454,76.5239,1.3194,0.9696,0.040897,-0.006211,-0.4015,0.0555,-0.4015,0.006231,0.0793,0.4,0
548316,Delhi Daredevils,Chennai Super Kings,2012-04-10,Feroz Shah Kotla,Delhi Daredevils,field,1470.9617,1579.3157,-108.354,-0.9119,-0.5848,0.009763,0.060291,-0.9119,0.2132,-0.9119,0.00615,-0.1032,-0.4,1
548317,Mumbai Indians,Rajasthan Royals,2012-04-11,Wankhede Stadium,Rajasthan Royals,field,1547.9228,1514.0686,33.8541,-2.1738,-0.3361,-0.002949,0.00571,-0.0783,0.129,-0.0783,0.008588,0.0031,0.0,1
548318,Chennai Super Kings,Royal Challengers Bangalore,2012-04-12,"MA Chidambaram Stadium, Chepauk",Royal Challengers Bangalore,bat,1566.2944,1530.0017,36.2926,2.3125,-0.0888,-0.024072,-0.020422,0.6515,-0.1562,0.6515,-0.00415,0.0938,0.2,1
548319,Kings XI Punjab,Pune Warriors,2012-04-12,"Punjab Cricket Association Stadium, Mohali",Kings XI Punjab,field,1458.7315,1477.6353,-18.9038,-62.2931,0.5683,0.022803,-0.0438,-1.2615,-2.7805,-1.2615,0.006577,0.0655,-0.2,1
548320,Kolkata Knight Riders,Rajasthan Royals,2012-04-13,Eden Gardens,Rajasthan Royals,bat,1477.813,1505.04,-27.227,-1.5553,0.052,0.000176,-0.02631,0.5834,0.0511,0.5834,0.001867,-0.1131,-0.4,1
548322,Pune Warriors,Chennai Super Kings,2012-04-14,Subrata Roy Sahara Stadium,Chennai Super Kings,bat,1467.0917,1575.2536,-108.1618,55.1923,-1.38,-0.021691,0.077572,0.7227,2.8106,0.7227,-0.000492,-0.225,-0.2,1
548323,Kolkata Knight Riders,Kings XI Punjab,2012-04-15,Eden Gardens,Kolkata Knight Riders,field,1488.595,1469.275,19.32,-3.3249,-0.2247,-0.017484,-0.011307,0.8701,-0.2215,0.8701,-0.011707,-0.0263,0.0,0
548324,Royal Challengers Bangalore,Rajasthan Royals,2012-04-15,M Chinnaswamy Stadium,Rajasthan Royals,bat,1521.0425,1494.2579,26.7846,-1.8391,0.3503,0.010441,-0.021532,-0.1954,0.0294,-0.1954,0.003604,-0.0501,-0.2,0
548325,Mumbai Indians,Delhi Daredevils,2012-04-16,Wankhede Stadium,Delhi Daredevils,field,1556.9514,1483.9831,72.9684,-1.7325,-0.3208,-0.01177,0.002116,0.1925,0.0264,0.1925,0.003155,0.0629,0.2,0
548326,Rajasthan Royals,Deccan Chargers,2012-04-17,Sawai Mansingh Stadium,Deccan Chargers,bat,1505.0273,1459.4583,45.569,1.4667,0.4362,0.032775,0.042565,-0.7819,-0.1973,-0.7819,-0.009418,0.1468,0.0,1
548327,Royal Challengers Bangalore,Pune Warriors,2012-04-17,M Chinnaswamy Stadium,Pune Warriors,bat,1510.2731,1480.1081,30.1651,-54.0721,0.8331,0.019946,-0.043672,-1.8137,-2.6676,-1.8137,-0.005058,0.073,-0.4,1
548328,Kings XI Punjab,Kolkata Knight Riders,2012-04-18,"Punjab Cricket Association Stadium, Mohali",Kings XI Punjab,bat,1479.8305,1478.0395,1.791,3.6958,0.3621,0.022357,0.017399,-0.598,0.1669,-0.598,0.008957,0.0426,0.0,0
548321,Delhi Daredevils,Deccan Chargers,2012-04-19,Feroz Shah Kotla,Deccan Chargers,bat,1496.0529,1450.7624,45.2905,-1.8944,-0.2647,0.013727,0.06865,0.3123,0.1326,0.3123,0.007585,0.1199,0.2,1
548330,Chennai Super Kings,Pune Warriors,2012-04-19,"MA Chidambaram Stadium, Chepauk",Pune Warriors,field,1562.2372,1470.9741,91.2631,-49.6515,0.9453,0.010246,-0.057647,-0.7898,-2.5202,-0.7898,-0.005649,0.202,-0.2,1
548331,Kings XI Punjab,Royal Challengers Bangalore,2012-04-20,"Punjab Cricket Association Stadium, Mohali",Royal Challengers Bangalore,field,1469.779,1519.4071,-49.6281,1.7303,-0.1587,0.006292,0.014932,1.0137,0.2611,1.0137,0.013443,-0.0171,0.0,0
548332,Chennai Super Kings,Rajasthan Royals,2012-04-21,"MA Chidambaram Stadium, Chepauk",Rajasthan Royals,bat,1569.6693,1513.7232,55.9461,-1.5591,-0.1421,-0.027944,-0.019438,0.5785,-0.1077,0.5785,-0.002109,0.0396,0.0,1
548333,Delhi Daredevils,Pune Warriors,2012-04-21,Feroz Shah Kotla,Delhi Daredevils,field,1504.7567,1463.5421,41.2146,-48.3788,0.4593,0.02126,-0.006031,-0.6826,-1.9344,-0.6826,0.009087,0.1562,0.4,0
548334,Mumbai Indians,Kings XI Punjab,2012-04-22,Wankhede Stadium,Mumbai Indians,bat,1544.8816,1461.1978,83.6838,-3.25,-0.8235,-0.019608,0.034953,0.4321,0.0317,0.4321,0.004827,0.0948,0.2,0
548335,Deccan Chargers,Kolkata Knight Riders,2012-04-22,Barabati Stadium,Kolkata Knight Riders,field,1442.0586,1488.0911,-46.0324,1.9062,0.362,0.001376,-0.048009,-0.7257,-0.0479,-0.7257,-0.00266,-0.0594,-0.4,0
548336,Rajasthan Royals,Royal Challengers Bangalore,2012-04-23,Sawai Mansingh Stadium,Rajasthan Royals,field,1505.3197,1527.9883,-22.6686,1.8012,0.1394,0.022633,0.02668,0.3662,-0.0128,0.3662,-0.001111,0.0484,0.0,0
548337,Pune Warriors,Delhi Daredevils,2012-04-24,Subrata Roy Sahara Stadium,Pune Warriors,bat,1474.7228,1493.576,-18.8532,48.1452,-0.3984,-0.017586,0.000348,0.4716,1.7516,0.4716,-0.008427,-0.1161,-0.2,0
548339,Kings XI Punjab,Mumbai Indians,2012-04-25,"Punjab Cricket Association Stadium, Mohali",Kings XI Punjab,bat,1473.5609,1532.5185,-58.9576,2.1812,0.466,0.005449,-0.024275,-0.1787,-0.0168,-0.1787,-0.004067,-0.0776,0.2,0
548341,Pune Warriors,Deccan Chargers,2012-04-26,Subrata Roy Sahara Stadium,Deccan Chargers,bat,1465.2649,1433.3759,31.889,44.3084,-0.3049,-0.004679,0.037278,0.1893,1.4118,0.1893,-0.01014,-0.0036,0.4,0
548342,Delhi Daredevils,Mumbai Indians,2012-04-27,Feroz Shah Kotla,Mumbai Indians,field,1503.0339,1540.8377,-37.8038,-0.3377,0.3692,0.008632,-0.008139,-0.0685,-0.0159,-0.0685,-0.002743,-0.0368,0.2,1
548343,Chennai Super Kings,Kings XI Punjab,2012-04-28,"MA Chidambaram Stadium, Chepauk",Kings XI Punjab,bat,1578.0728,1465.2417,112.8311,-0.0138,0.3235,-0.000771,-0.010211,0.2063,-0.1709,0.2063,-0.005265,0.1341,0.2,0
548344,Kolkata Knight Riders,Royal Challengers Bangalore,2012-04-28,Eden Gardens,Kolkata Knight Riders,bat,1496.7739,1537.3368,-40.5629,-1.4498,-0.7935,-0.018846,0.023582,1.5337,0.1758,1.5337,0.005829,-0.0482,0.2,1
548345,Delhi Daredevils,Rajasthan Royals,2012-04-29,Feroz Shah Kotla,Delhi Daredevils,bat,1514.1177,1495.9712,18.1464,-2.4636,-0.0298,-0.010702,-0.020047,0.5634,0.1739,0.5634,0.009211,-0.0085,0.4,1
548346,Mumbai Indians,Deccan Chargers,2012-04-29,Wankhede Stadium,Mumbai Indians,field,1529.7539,1444.2911,85.4627,-1.2372,-0.2684,0.011075,0.06252,-0.1507,-0.0145,-0.1507,0.000376,0.1583,0.2,1
548347,Chennai Super Kings,Kolkata Knight Riders,2012-04-30,"MA Chidambaram Stadium, Chepauk",Chennai Super Kings,bat,1564.9348,1507.9361,56.9987,0.4588,0.4678,-0.003724,-0.022883,-0.737,-0.1723,-0.737,-0.003368,0.1265,-0.2,0
548348,Deccan Chargers,Pune Warriors,2012-05-01,Barabati Stadium,Deccan Chargers,bat,1436.7025,1454.3496,-17.6471,-43.3026,0.0696,-0.000312,-0.007056,0.3094,-1.3026,0.3094,0.011773,0.0245,0.0,1
548349,Rajasthan Royals,Delhi Daredevils,2012-05-01,Sawai Mansingh Stadium,Rajasthan Royals,bat,1486.493,1523.5958,-37.1028,3.2481,0.2443,0.012674,-0.006919,-0.4416,-0.0935,-0.4416,-0.008119,-0.0073,-0.4,0
548350,Royal Challengers Bangalore,Kings XI Punjab,2012-05-02,M Chinnaswamy Stadium,Kings XI Punjab,field,1526.1746,1478.3797,47.7949,0.7352,0.6805,0.025459,-0.00579,-0.5508,-0.0329,-0.5508,0.000429,0.0231,0.2,0
548351,Pune Warriors,Mumbai Indians,2012-05-03,Subrata Roy Sahara Stadium,Mumbai Indians,bat,1443.8421,1537.3425,-93.5003,44.5569,0.5821,0.006286,-0.052851,-0.3827,1.2321,-0.3827,-0.014119,-0.211,-0.2,0
548352,Chennai Super Kings,Deccan Chargers,2012-05-04,"MA Chidambaram Stadium, Chepauk",Chennai Super Kings,bat,1553.3088,1447.21,106.0988,0.3185,0.1515,-0.010916,-0.007064,-0.0372,-0.0975,-0.0372,-0.002007,0.1886,0.0,1
548353,Kolkata Knight Riders,Pune Warriors,2012-05-05,Eden Gardens,Kolkata Knight Riders,bat,1519.5621,1436.4702,83.0919,-40.0933,-0.292,-0.006702,0.009776,1.1043,-1.1567,1.1043,0.009478,0.1429,0.6,1
548354,Kings XI Punjab,Rajasthan Royals,2012-05-05,"Punjab Cricket Association Stadium, Mohali",Rajasthan Royals,bat,1489.7467,1477.5569,12.1898,-2.1184,-0.4969,-0.036021,-0.009337,0.3323,0.0016,0.3323,0.00077,-0.0383,0.4,0
548355,Mumbai Indians,Chennai Super Kings,2012-05-06,Wankhede Stadium,Mumbai Indians,field,1544.7145,1560.3465,-15.6321,-1.8769,-0.6655,0.007207,0.06217,0.5037,0.2394,0.5037,0.011439,-0.0263,0.0,1
548356,Royal Challengers Bangalore,Deccan Chargers,2012-05-06,M Chinnaswamy Stadium,Royal Challengers Bangalore,field,1514.8075,1440.1722,74.6353,0.1749,0.1442,0.009942,0.036023,-0.9161,-0.0664,-0.9161,-0.003721,0.1017,0.2,1
548357,Delhi Daredevils,Kolkata Knight Riders,2012-05-07,Feroz Shah Kotla,Delhi Daredevils,bat,1532.532,1527.2151,5.3169,0.1046,0.9746,0.039915,-0.0197,-0.4434,0.0156,-0.4434,0.002565,0.0611,-0.2,0
548358,Pune Warriors,Rajasthan Royals,2012-05-08,Subrata Roy Sahara Stadium,Pune Warriors,bat,1428.8172,1487.9076,-59.0905,34.4006,-0.4701,-0.026027,-0.008267,-0.0349,1.0564,-0.0349,-0.007535,-0.2103,-0.2,0
548359,Deccan Chargers,Kings XI Punjab,2012-05-08,"Rajiv Gandhi International Stadium, Uppal",Deccan Chargers,field,1432.288,1479.396,-47.108,-0.0098,0.3589,0.013572,-0.019134,-0.3849,-0.139,-0.3849,-0.005988,-0.0919,-0.2,0
548360,Mumbai Indians,Royal Challengers Bangalore,2012-05-09,Wankhede Stadium,Royal Challengers Bangalore,field,1555.1641,1522.6918,32.4723,-2.2087,-0.9701,-0.023783,0.027716,1.0592,0.221,1.0592,0.013754,0.0714,0.2,0
548329,Deccan Chargers,Delhi Daredevils,2012-05-10,"Rajiv Gandhi International Stadium, Uppal",Deccan Chargers,bat,1423.6356,1522.379,-98.7433,-0.1549,-0.4253,-0.026602,-0.012472,-0.6648,-0.1639,-0.6648,-0.006009,-0.157,-0.6,0
548361,Rajasthan Royals,Chennai Super Kings,2012-05-10,Sawai Mansingh Stadium,Chennai Super Kings,field,1496.2231,1549.8969,-53.6739,1.22,0.0424,0.03208,0.028658,-0.0473,-0.0423,-0.0473,-0.007354,-0.046,0.0,0
548362,Pune Warriors,Royal Challengers Bangalore,2012-05-11,Subrata Roy Sahara Stadium,Pune Warriors,field,1420.5017,1533.6237,-113.122,34.8714,-0.5768,-0.027756,-0.029228,0.4265,1.1339,0.4265,-0.001775,-0.1991,-0.6,0
548363,Kolkata Knight Riders,Mumbai Indians,2012-05-12,Eden Gardens,Mumbai Indians,bat,1537.3681,1544.2322,-6.8641,1.2227,-0.0486,-0.013187,-0.026315,0.8308,0.2459,0.8308,0.00676,-0.0711,0.4,0
548364,Chennai Super Kings,Delhi Daredevils,2012-05-12,"MA Chidambaram Stadium, Chepauk",Chennai Super Kings,field,1558.3642,1529.611,28.7532,-1.2149,-0.8627,-0.048271,0.006609,-0.3011,-0.0711,-0.3011,0.000547,0.0449,-0.4,1
548365,Rajasthan Royals,Pune Warriors,2012-05-13,Sawai Mansingh Stadium,Rajasthan Royals,bat,1487.7557,1413.6472,74.1085,-31.8998,0.244,0.026649,0.020646,0.6113,-0.9243,0.6113,0.005987,0.2331,0.4,1
548366,Kings XI Punjab,Deccan Chargers,2012-05-13,"Punjab Cricket Association Stadium, Mohali",Deccan Chargers,bat,1488.0484,1416.4035,71.6448,-0.2484,-0.4525,-0.01811,0.0248,0.7818,0.2459,0.7818,0.011246,0.1103,0.4,1
548367,Royal Challengers Bangalore,Mumbai Indians,2012-05-14,M Chinnaswamy Stadium,Mumbai Indians,field,1540.4782,1554.0346,-13.5565,1.5942,0.8488,0.020475,-0.012218,-0.7072,-0.0338,-0.7072,-0.002999,-0.0559,-0.2,0
548368,Kolkata Knight Riders,Chennai Super Kings,2012-05-14,Eden Gardens,Chennai Super Kings,field,1527.5656,1567.5385,-39.9729,0.9074,-0.5045,-0.006653,-0.001993,0.6381,0.2027,0.6381,0.005586,-0.1098,0.2,0
548369,Delhi Daredevils,Kings XI Punjab,2012-05-15,Feroz Shah Kotla,Kings XI Punjab,bat,1520.4367,1496.015,24.4217,-0.7536,0.4309,0.022495,0.008919,0.2734,-0.1015,0.2734,-0.005408,0.0434,-0.2,1
548370,Mumbai Indians,Kolkata Knight Riders,2012-05-16,Wankhede Stadium,Mumbai Indians,field,1563.6446,1518.7111,44.9335,-1.1799,0.0493,0.017635,0.042455,-0.6365,-0.2405,-0.6365,-0.008037,0.0977,0.2,0
548371,Kings XI Punjab,Chennai Super Kings,2012-05-17,Himachal Pradesh Cricket Association Stadium,Kings XI Punjab,field,1486.7168,1576.3931,-89.6763,2.42,0.1549,0.01682,-0.004532,-0.7483,0.0257,-0.7483,-0.00069,-0.1143,-0.2,1
548372,Delhi Daredevils,Royal Challengers Bangalore,2012-05-17,Feroz Shah Kotla,Delhi Daredevils,field,1529.735,1530.8682,-1.1332,0.5924,0.0907,0.007474,-0.019493,0.3814,-0.021,0.3814,-0.00304,0.0362,0.0,0
548373,Deccan Chargers,Rajasthan Royals,2012-05-18,"Rajiv Gandhi International Stadium, Uppal",Rajasthan Royals,bat,1408.4369,1495.6545,-87.2176,-0.8672,0.0176,-0.015729,-0.030801,-0.8364,-0.1412,-0.8364,-0.005698,-0.1663,-0.6,1
548374,Kings XI Punjab,Delhi Daredevils,2012-05-19,Himachal Pradesh Cricket Association Stadium,Delhi Daredevils,field,1499.242,1519.7676,-20.5255,-0.4366,-0.5281,-0.015941,0.022981,0.3222,0.2676,0.3222,0.015197,-0.0422,0.2,0
548375,Pune Warriors,Kolkata Knight Riders,2012-05-19,Subrata Roy Sahara Stadium,Kolkata Knight Riders,bat,1405.7485,1529.9972,-124.2487,29.3004,-0.1639,-0.006742,0.016194,-1.1566,0.6576,-1.1566,-0.016206,-0.1996,-0.6,0
548376,Deccan Chargers,Royal Challengers Bangalore,2012-05-20,"Rajiv Gandhi International Stadium, Uppal",Royal Challengers Bangalore,field,1420.8958,1540.8355,-119.9397,-1.4015,-0.7874,-0.033885,-0.024632,0.1187,-0.0733,0.1187,-0.004277,-0.1348,-0.6,1
548377,Rajasthan Royals,Mumbai Indians,2012-05-20,Sawai Mansingh Stadium,Rajasthan Royals,bat,1483.1956,1552.3585,-69.1629,1.1494,0.0462,0.001513,-0.0137,0.2114,0.0132,0.2114,-0.000779,-0.039,0.0,0
548378,Delhi Daredevils,Kolkata Knight Riders,2012-05-22,Subrata Roy Sahara Stadium,Kolkata Knight Riders,bat,1529.1775,1536.5661,-7.3886,0.8321,0.9745,0.046856,0.019371,-1.0917,-0.3176,-1.0917,-0.015711,0.0489,0.0,0
548379,Chennai Super Kings,Mumbai Indians,2012-05-23,M Chinnaswamy Stadium,Mumbai Indians,field,1563.8678,1560.3937,3.4741,-0.552,-0.0686,-0.018732,-0.000834,0.4848,0.0165,0.4848,0.00182,0.0188,0.0,1
548380,Delhi Daredevils,Chennai Super Kings,2012-05-25,"MA Chidambaram Stadium, Chepauk",Delhi Daredevils,field,1519.3901,1573.7678,-54.3777,2.0091,0.5468,0.034894,-0.005725,-0.7828,-0.1217,-0.7828,-0.00974,-0.0632,-0.4,0
548381,Kolkata Knight Riders,Chennai Super Kings,2012-05-27,"MA Chidambaram Stadium, Chepauk",Chennai Super Kings,bat,1546.3535,1582.2154,-35.8619,1.1674,-0.5093,-0.020882,-0.036045,0.3593,0.1109,0.3593,-0.000928,-0.1026,-0.2,1
597998,Kolkata Knight Riders,Delhi Daredevils,2013-04-03,Eden Gardens,Kolkata Knight Riders,field,1557.382,1510.9426,46.4394,1.7392,-0.1219,-0.018476,-0.051199,1.0205,0.2927,1.0205,0.014919,-0.02,0.4,1
597999,Royal Challengers Bangalore,Mumbai Indians,2013-04-04,M Chinnaswamy Stadium,Mumbai Indians,field,1527.5143,1550.4937,-22.9794,2.2158,0.914,0.022707,-0.012839,-0.1984,0.029,-0.1984,0.001808,-0.0593,0.0,1
598000,Sunrisers Hyderabad,Pune Warriors,2013-04-05,"Rajiv Gandhi International Stadium, Uppal",Pune Warriors,field,1500.0,1399.1796,100.8204,-46.3103,-6.715,-0.1225,-0.360833,8.1005,-1.5517,8.1005,-0.038995,0.2241,0.5,1
598001,Delhi Daredevils,Rajasthan Royals,2013-04-06,Feroz Shah Kotla,Rajasthan Royals,bat,1502.2713,1475.1604,27.1109,-0.993,0.4089,0.017111,0.005596,-0.7741,-0.1042,-0.7741,-0.004894,-0.0011,-0.2,0
598002,Chennai Super Kings,Mumbai Indians,2013-04-06,"MA Chidambaram Stadium, Chepauk",Mumbai Indians,bat,1571.1868,1539.8333,31.3535,1.4713,0.8403,0.015809,-0.024542,0.0643,0.0443,0.0643,0.005345,0.0365,0.2,0
598003,Pune Warriors,Kings XI Punjab,2013-04-07,Subrata Roy Sahara Stadium,Pune Warriors,bat,1392.0027,1489.8321,-97.8295,21.7111,-1.1802,-0.062933,-0.007468,0.0405,0.6473,0.0405,-0.011745,-0.2194,-0.6,0
598005,Rajasthan Royals,Kolkata Knight Riders,2013-04-08,Sawai Mansingh Stadium,Kolkata Knight Riders,field,1485.9391,1566.0533,-80.1141,-0.0694,-0.0132,0.009579,0.032823,-0.3338,-0.1945,-0.3338,-0.009617,0.0139,-0.6,1
598006,Mumbai Indians,Delhi Daredevils,2013-04-09,Wankhede Stadium,Mumbai Indians,bat,1550.7333,1491.4926,59.2407,-0.2966,-0.1543,-0.001432,-0.000653,0.6414,0.1255,0.6414,0.008188,0.0509,0.2,1
598048,Royal Challengers Bangalore,Sunrisers Hyderabad,2013-04-09,M Chinnaswamy Stadium,Sunrisers Hyderabad,bat,1538.1747,1507.177,30.9978,-102.8974,1.8161,0.073716,0.010401,-2.5431,-9.2308,-2.5431,-0.038371,-0.4872,-0.4,1
598007,Kings XI Punjab,Chennai Super Kings,2013-04-10,"Punjab Cricket Association Stadium, Mohali",Chennai Super Kings,field,1497.0885,1560.2868,-63.1983,0.3384,-0.3754,0.003485,0.014126,0.0393,0.0493,0.0393,-0.002859,-0.0943,0.2,0
598008,Royal Challengers Bangalore,Kolkata Knight Riders,2013-04-11,M Chinnaswamy Stadium,Royal Challengers Bangalore,field,1547.2849,1553.7874,-6.5025,0.3821,0.8061,0.043083,0.048981,-0.855,-0.1847,-0.855,-0.007614,0.0122,-0.2,1
598009,Pune Warriors,Rajasthan Royals,2013-04-11,Subrata Roy Sahara Stadium,Rajasthan Royals,bat,1384.7463,1498.205,-113.4587,20.0132,-1.0766,-0.04971,0.027242,-0.4487,0.5975,-0.4487,-0.013994,-0.2761,-0.6,1
598010,Delhi Daredevils,Sunrisers Hyderabad,2013-04-12,Feroz Shah Kotla,Delhi Daredevils,bat,1483.1813,1498.0668,-14.8855,-120.9675,0.5027,0.035699,0.023999,-1.3772,-5.8896,-1.3772,-0.018983,0.0065,-0.5,0
598011,Mumbai Indians,Pune Warriors,2013-04-13,Wankhede Stadium,Mumbai Indians,bat,1559.0445,1397.9006,161.144,-18.7916,1.545,0.06725,-0.029977,-0.4402,-0.6467,-0.4402,0.010752,0.2884,0.4,1
598012,Chennai Super Kings,Royal Challengers Bangalore,2013-04-13,"MA Chidambaram Stadium, Chepauk",Chennai Super Kings,field,1568.4876,1557.472,11.0156,-0.8958,-0.2279,-0.014553,-0.021981,0.414,0.0644,0.414,0.007005,0.0676,-0.2,1
598013,Kolkata Knight Riders,Sunrisers Hyderabad,2013-04-14,Eden Gardens,Kolkata Knight Riders,bat,1543.6003,1507.6386,35.9617,-111.063,0.6856,0.023513,-0.044877,-0.7438,-6.1622,-0.7438,-0.009405,-0.1667,-0.0667,1
598014,Rajasthan Royals,Kings XI Punjab,2013-04-14,Sawai Mansingh Stadium,Rajasthan Royals,field,1485.0507,1488.8877,-3.837,0.2568,-0.1976,-0.01788,-0.025106,0.1687,0.0135,0.1687,0.002632,0.0405,0.0,1
598015,Chennai Super Kings,Pune Warriors,2013-04-15,"MA Chidambaram Stadium, Chepauk",Pune Warriors,bat,1578.1707,1392.2324,185.9383,-17.5432,1.8986,0.071811,-0.026506,0.0599,-0.5162,0.0599,0.019039,0.3249,0.4,0
598016,Kings XI Punjab,Kolkata Knight Riders,2013-04-16,"Punjab Cricket Association Stadium, Mohali",Kolkata Knight Riders,field,1478.7773,1552.5689,-73.7917,-1.4134,-0.1708,0.013634,0.053498,-0.0548,-0.1067,-0.0548,-0.006173,-0.0267,-0.2,1
598018,Pune Warriors,Sunrisers Hyderabad,2013-04-17,Maharashtra Cricket Association Stadium,Pune Warriors,field,1407.1257,1498.67,-91.5443,-91.7794,-0.2488,-0.005428,0.025189,-0.3334,-4.9853,-0.3334,-0.01648,-0.2059,-0.1,0
598019,Rajasthan Royals,Mumbai Indians,2013-04-17,Sawai Mansingh Stadium,Rajasthan Royals,bat,1495.1611,1564.7127,-69.5515,-0.5033,-0.6336,-0.017714,0.013269,0.7709,0.09,0.7709,0.004373,-0.0417,0.0,1
598020,Delhi Daredevils,Chennai Super Kings,2013-04-18,Feroz Shah Kotla,Chennai Super Kings,bat,1473.6095,1563.2774,-89.6679,-0.9761,-0.9333,-0.023767,0.023466,-0.637,-0.1542,-0.637,-0.013941,-0.0904,-0.4,0
598021,Sunrisers Hyderabad,Kings XI Punjab,2013-04-19,"Rajiv Gandhi International Stadium, Uppal",Kings XI Punjab,bat,1506.0945,1490.8698,15.2247,107.2895,-0.8868,-0.05894,-0.024361,0.397,6.2632,0.397,0.012972,0.1132,0.2,1
598022,Kolkata Knight Riders,Chennai Super Kings,2013-04-20,Eden Gardens,Kolkata Knight Riders,bat,1540.4764,1570.7524,-30.276,0.3765,-0.6199,-0.014502,0.007302,0.3879,0.0495,0.3879,-0.004545,-0.0952,-0.2,0
598023,Royal Challengers Bangalore,Rajasthan Royals,2013-04-20,M Chinnaswamy Stadium,Royal Challengers Bangalore,field,1547.789,1507.1367,40.6523,1.1722,1.1038,0.036766,0.024584,-1.0462,-0.0775,-1.0462,-0.004486,-0.021,-0.2,1
598024,Delhi Daredevils,Mumbai Indians,2013-04-21,Feroz Shah Kotla,Mumbai Indians,bat,1466.1345,1552.7371,-86.6026,-1.3871,-0.6237,-0.021291,0.023383,-0.419,-0.0945,-0.419,-0.007054,-0.0742,-0.6,1
598025,Kings XI Punjab,Pune Warriors,2013-04-21,"Punjab Cricket Association Stadium, Mohali",Kings XI Punjab,field,1481.3077,1399.7012,81.6065,-16.826,1.05,0.059311,-0.000944,0.3122,-0.6,0.3122,0.006901,0.1948,0.0,1
598026,Chennai Super Kings,Rajasthan Royals,2013-04-22,"MA Chidambaram Stadium, Chepauk",Rajasthan Royals,bat,1579.8832,1498.3014,81.5817,0.19,0.9037,0.016456,-0.036272,-0.4053,0.0654,-0.4053,0.009688,0.0675,0.2,1
598027,Royal Challengers Bangalore,Pune Warriors,2013-04-23,M Chinnaswamy Stadium,Pune Warriors,field,1556.6242,1392.0077,164.6165,-16.7317,1.4307,0.057619,0.005664,-0.0168,-0.4119,-0.0168,0.019518,0.2466,0.4,1
598059,Delhi Daredevils,Kings XI Punjab,2013-04-23,Feroz Shah Kotla,Kings XI Punjab,field,1478.5768,1489.0011,-10.4243,-0.5359,-0.1315,-0.013449,-0.009242,-1.1407,-0.0413,-1.1407,-0.002834,0.0128,-0.2,0
598029,Kolkata Knight Riders,Mumbai Indians,2013-04-24,Eden Gardens,Kolkata Knight Riders,bat,1531.3456,1540.2949,-8.9493,0.5556,-0.315,-0.010219,-0.000766,1.0697,0.1766,1.0697,0.008808,-0.0675,-0.4,0
598030,Chennai Super Kings,Sunrisers Hyderabad,2013-04-25,"MA Chidambaram Stadium, Chepauk",Sunrisers Hyderabad,bat,1587.5773,1515.6565,71.9208,-105.7635,1.8279,0.061609,-0.060512,-0.756,-6.4728,-0.756,0.000137,-0.062,0.2,1
598031,Kolkata Knight Riders,Kings XI Punjab,2013-04-26,Eden Gardens,Kings XI Punjab,bat,1521.6031,1498.7012,22.9019,2.1066,0.2893,-0.001919,-0.029159,-0.3117,0.137,-0.3117,0.007611,-0.0065,-0.4,1
598032,Rajasthan Royals,Sunrisers Hyderabad,2013-04-27,Sawai Mansingh Stadium,Sunrisers Hyderabad,bat,1490.6073,1507.6975,-17.0902,-109.7326,0.7239,0.033845,-0.011736,-0.2276,-6.2179,-0.2276,-0.006675,-0.0458,-0.2,1
598033,Mumbai Indians,Royal Challengers Bangalore,2013-04-27,Wankhede Stadium,Mumbai Indians,bat,1550.0374,1562.2116,-12.1742,-1.9397,-0.9241,-0.043339,-0.033016,-0.4496,-0.1808,-0.4496,-0.01201,0.0362,-0.2,1
598034,Chennai Super Kings,Kolkata Knight Riders,2013-04-28,"MA Chidambaram Stadium, Chepauk",Kolkata Knight Riders,field,1595.5363,1530.9449,64.5914,-0.2693,0.6218,0.002414,-0.054793,-0.0836,0.0313,-0.0836,0.008462,0.1155,0.4,1
598035,Delhi Daredevils,Pune Warriors,2013-04-28,Shaheed Veer Narayan Singh International Stadium,Pune Warriors,field,1468.8767,1386.4204,82.4563,-18.1411,0.3513,0.015006,-0.019236,-0.0408,-0.643,-0.0408,0.003668,0.2235,0.0,1
598036,Rajasthan Royals,Royal Challengers Bangalore,2013-04-29,Sawai Mansingh Stadium,Rajasthan Royals,field,1501.0988,1551.8613,-50.7625,-0.852,-0.9767,-0.037637,-0.039436,0.5591,-0.0849,0.5591,-0.006507,0.0078,0.0,1
598037,Mumbai Indians,Kings XI Punjab,2013-04-29,Wankhede Stadium,Mumbai Indians,bat,1560.3876,1489.3594,71.0282,1.9875,0.7569,0.010955,-0.041677,-0.9731,0.0399,-0.9731,0.003948,0.0839,0.0,1
598038,Pune Warriors,Chennai Super Kings,2013-04-30,Subrata Roy Sahara Stadium,Chennai Super Kings,bat,1378.7501,1603.6984,-224.9482,15.9917,-1.4162,-0.029378,0.097289,-0.3155,0.5509,-0.3155,-0.012494,-0.3504,-0.8,0
598039,Sunrisers Hyderabad,Mumbai Indians,2013-05-01,"Rajiv Gandhi International Stadium, Uppal",Mumbai Indians,bat,1497.206,1568.3713,-71.1653,110.4676,-1.3298,-0.045762,0.036656,0.9418,5.6338,0.9418,0.002257,-0.0765,-0.2,1
598040,Delhi Daredevils,Kolkata Knight Riders,2013-05-01,Shaheed Veer Narayan Singh International Stadium,Kolkata Knight Riders,bat,1476.547,1522.7829,-46.2358,-2.4189,-0.6784,-0.031062,0.007714,-0.3579,-0.1149,-0.3579,-0.006466,0.0125,0.2,1
598041,Chennai Super Kings,Kings XI Punjab,2013-05-02,"MA Chidambaram Stadium, Chepauk",Chennai Super Kings,bat,1607.9988,1481.3758,126.6231,0.6141,0.6634,0.003091,-0.062685,-0.0653,0.1704,-0.0653,0.015779,0.1365,0.6,1
598042,Pune Warriors,Royal Challengers Bangalore,2013-05-02,Subrata Roy Sahara Stadium,Royal Challengers Bangalore,bat,1374.4497,1540.4105,-165.9609,14.9225,-1.5299,-0.055184,0.019003,-0.3316,0.372,-0.3316,-0.019406,-0.2612,-0.4,0
598043,Kolkata Knight Riders,Rajasthan Royals,2013-05-03,Eden Gardens,Rajasthan Royals,bat,1511.4599,1512.5496,-1.0897,-1.0034,-0.2961,-0.001994,0.036965,-0.1343,-0.0713,-0.1343,-0.005358,-0.056,-0.4,1
598044,Sunrisers Hyderabad,Delhi Daredevils,2013-05-04,"Rajiv Gandhi International Stadium, Uppal",Delhi Daredevils,bat,1509.2261,1487.87,21.3561,112.9291,-0.2888,-0.011617,0.005902,0.9954,5.4846,0.9954,0.008543,0.0496,0.0,1
598046,Mumbai Indians,Chennai Super Kings,2013-05-05,Wankhede Stadium,Mumbai Indians,bat,1556.3512,1614.5075,-58.1564,0.3504,-0.2968,0.002291,0.053573,-0.3418,-0.0574,-0.3418,-0.00614,-0.0524,-0.4,1
598047,Rajasthan Royals,Pune Warriors,2013-05-05,Sawai Mansingh Stadium,Pune Warriors,bat,1502.5182,1368.8934,133.6248,-16.4346,0.3962,0.01092,-0.054662,1.159,-0.3349,1.159,0.017161,0.2809,0.4,1
598064,Kings XI Punjab,Royal Challengers Bangalore,2013-05-06,"Punjab Cricket Association Stadium, Mohali",Kings XI Punjab,field,1474.867,1545.9668,-71.0997,-1.1619,-0.6693,-0.029498,-0.039389,0.2689,-0.2512,0.2689,-0.018905,-0.0477,-0.2,1
598049,Rajasthan Royals,Delhi Daredevils,2013-05-07,Sawai Mansingh Stadium,Delhi Daredevils,bat,1508.8512,1478.4839,30.3673,2.996,0.9337,0.035761,-0.047728,0.098,0.149,0.098,0.009421,0.0366,0.0,1
598050,Mumbai Indians,Kolkata Knight Riders,2013-05-07,Wankhede Stadium,Mumbai Indians,bat,1568.0096,1521.4913,46.5183,0.4907,0.519,0.00387,-0.027307,0.0012,0.1123,0.0012,0.012338,0.0869,0.4,1
598051,Sunrisers Hyderabad,Chennai Super Kings,2013-05-08,"Rajiv Gandhi International Stadium, Uppal",Sunrisers Hyderabad,field,1518.6122,1602.8491,-84.2369,106.8846,-1.3005,-0.031071,0.074102,0.7633,5.7967,0.7633,0.002367,-0.0154,-0.2,0
598052,Kings XI Punjab,Rajasthan Royals,2013-05-09,"Punjab Cricket Association Stadium, Mohali",Rajasthan Royals,field,1486.8854,1517.9794,-31.0941,-0.1205,-0.0191,-0.00274,0.008398,-0.3826,-0.1566,-0.3826,-0.011935,-0.0603,-0.4,0
598053,Pune Warriors,Kolkata Knight Riders,2013-05-09,Subrata Roy Sahara Stadium,Kolkata Knight Riders,bat,1362.5604,1512.8222,-150.2618,18.459,0.1613,-0.003012,0.002612,-0.8276,0.5321,-0.8276,-0.005388,-0.238,-0.4,0
598054,Delhi Daredevils,Royal Challengers Bangalore,2013-05-10,Feroz Shah Kotla,Delhi Daredevils,field,1469.3557,1533.9484,-64.5927,-3.4726,-1.6686,-0.065466,0.013515,0.4179,-0.2399,0.4179,-0.016569,-0.0231,0.0,0
598055,Pune Warriors,Mumbai Indians,2013-05-11,Subrata Roy Sahara Stadium,Pune Warriors,bat,1356.6344,1576.6786,-220.0442,15.73,-0.7587,-0.022119,0.033796,-1.11,0.4053,-1.11,-0.018285,-0.3414,-0.8,0
598056,Kings XI Punjab,Sunrisers Hyderabad,2013-05-11,"Punjab Cricket Association Stadium, Mohali",Kings XI Punjab,field,1477.7779,1510.9904,-33.2124,-96.5357,0.9749,0.031138,-0.047176,-0.5986,-4.737,-0.5986,-0.011637,-0.0693,-0.2,0
598057,Kolkata Knight Riders,Royal Challengers Bangalore,2013-05-12,JSCA International Stadium Complex,Kolkata Knight Riders,field,1518.7482,1542.1104,-23.3622,-2.2793,-1.4149,-0.037965,0.031582,0.8337,-0.092,0.8337,-0.009028,-0.0346,0.0,1
598058,Rajasthan Royals,Chennai Super Kings,2013-05-12,Sawai Mansingh Stadium,Rajasthan Royals,field,1527.0868,1610.471,-83.3842,0.515,-0.4532,-0.003733,0.030412,-0.0822,-0.015,-0.0822,-0.004525,-0.072,0.0,1
598060,Mumbai Indians,Sunrisers Hyderabad,2013-05-13,Wankhede Stadium,Sunrisers Hyderabad,bat,1581.0751,1520.0373,61.0378,-87.2622,0.8638,0.028381,-0.017909,-0.2305,-4.5917,-0.2305,0.00379,0.001,0.2,1
598045,Royal Challengers Bangalore,Kings XI Punjab,2013-05-14,M Chinnaswamy Stadium,Kings XI Punjab,field,1531.439,1468.731,62.7081,0.686,0.6463,0.024342,0.011881,-0.0507,0.2331,-0.0507,0.019387,0.0463,0.2,0
598062,Chennai Super Kings,Delhi Daredevils,2013-05-14,"MA Chidambaram Stadium, Chepauk",Chennai Super Kings,bat,1598.1161,1461.1937,136.9223,1.8611,1.3462,0.029111,-0.086909,0.3721,0.1864,0.3721,0.016613,0.1245,0.2,1
598061,Kolkata Knight Riders,Pune Warriors,2013-05-15,JSCA International Stadium Complex,Kolkata Knight Riders,field,1529.4196,1352.2379,177.1818,-16.4134,-0.1104,0.008125,0.015193,1.0074,-0.4448,1.0074,0.010659,0.2615,0.6,0
598063,Mumbai Indians,Rajasthan Royals,2013-05-15,Wankhede Stadium,Rajasthan Royals,field,1589.3362,1539.4418,49.8944,-1.4582,-0.4318,-0.010504,0.041425,0.0985,0.0543,0.0985,0.008197,0.036,0.0,1
598028,Kings XI Punjab,Delhi Daredevils,2013-05-16,Himachal Pradesh Cricket Association Stadium,Delhi Daredevils,field,1480.5165,1454.9426,25.5739,2.7498,1.0992,0.03091,-0.062839,-0.5227,0.0059,-0.5227,-0.001624,-0.0061,0.2,1
598065,Sunrisers Hyderabad,Rajasthan Royals,2013-05-17,"Rajiv Gandhi International Stadium, Uppal",Sunrisers Hyderabad,bat,1511.7763,1530.8681,-19.0918,83.1145,-0.8662,-0.028412,0.026301,0.4577,3.9455,0.4577,0.006794,-0.008,-0.2,1
598066,Kings XI Punjab,Mumbai Indians,2013-05-18,Himachal Pradesh Cricket Association Stadium,Mumbai Indians,field,1489.7817,1597.9099,-108.1282,0.739,0.1913,0.007934,-0.030455,-0.9645,-0.1856,-0.9645,-0.018569,-0.1106,-0.4,1
598068,Royal Challengers Bangalore,Chennai Super Kings,2013-05-18,M Chinnaswamy Stadium,Chennai Super Kings,field,1519.6535,1604.3672,-84.7137,1.2844,0.0914,0.015338,0.039234,-0.6409,0.0418,-0.6409,0.001514,-0.1059,-0.2,1
598067,Pune Warriors,Delhi Daredevils,2013-05-19,Subrata Roy Sahara Stadium,Pune Warriors,bat,1366.9371,1445.6773,-78.7402,16.7273,0.183,-0.002575,-0.009633,-0.6254,0.6477,-0.6254,0.004923,-0.2273,0.2,1
598069,Sunrisers Hyderabad,Kolkata Knight Riders,2013-05-19,"Rajiv Gandhi International Stadium, Uppal",Kolkata Knight Riders,bat,1522.3252,1514.7204,7.6048,77.7941,0.0116,-0.014498,-0.027345,0.3602,3.897,0.3602,0.005418,0.083,0.0,1
598070,Chennai Super Kings,Mumbai Indians,2013-05-21,Feroz Shah Kotla,Chennai Super Kings,bat,1591.9762,1584.8945,7.0817,-0.198,0.7658,0.008504,-0.071352,-0.7648,-0.1721,-0.7648,-0.010404,0.0235,-0.4,1
598071,Rajasthan Royals,Sunrisers Hyderabad,2013-05-22,Feroz Shah Kotla,Sunrisers Hyderabad,bat,1520.3191,1532.1064,-11.7873,-70.7287,0.7057,0.020289,-0.030197,-0.7041,-3.4115,-0.7041,-0.003644,-0.0598,0.0,1
598072,Mumbai Indians,Rajasthan Royals,2013-05-24,Eden Gardens,Rajasthan Royals,bat,1575.0983,1530.6582,44.44,-0.2211,0.1038,0.004976,0.008197,0.104,0.0499,0.104,0.00843,0.0351,0.0,1
598073,Chennai Super Kings,Mumbai Indians,2013-05-26,Eden Gardens,Mumbai Indians,bat,1601.7724,1583.8261,17.9463,0.5844,1.0016,0.013298,-0.080049,-0.277,-0.0354,-0.277,0.000633,0.0295,0.0,0
729279,Mumbai Indians,Kolkata Knight Riders,2014-04-16,Sheikh Zayed Stadium,Kolkata Knight Riders,bat,1594.3422,1504.9393,89.4029,-0.1418,0.458,0.010726,-0.012456,0.1014,0.029,0.1014,0.008053,0.1067,0.2,0
729281,Delhi Daredevils,Royal Challengers Bangalore,2014-04-17,Sharjah Cricket Stadium,Royal Challengers Bangalore,field,1433.449,1532.0446,-98.5955,-2.031,-1.4612,-0.04334,0.048359,0.4479,-0.2534,0.4479,-0.023007,-0.0446,-0.4,0
729283,Chennai Super Kings,Kings XI Punjab,2014-04-18,Sheikh Zayed Stadium,Chennai Super Kings,bat,1591.2563,1502.7972,88.4591,-1.8099,0.3133,-0.013871,-0.030656,0.2156,0.1112,0.2156,0.017486,0.1196,-0.2,0
729285,Sunrisers Hyderabad,Rajasthan Royals,2014-04-18,Sheikh Zayed Stadium,Rajasthan Royals,field,1521.7672,1521.9304,-0.1632,66.3638,-0.4708,-0.017287,0.013433,0.4712,2.9958,0.4712,0.002109,0.0232,0.2,0
729287,Royal Challengers Bangalore,Mumbai Indians,2014-04-19,Dubai International Cricket Stadium,Royal Challengers Bangalore,field,1539.2805,1581.8243,-42.5437,2.4819,1.3611,0.043846,-0.04566,-1.0123,-0.0457,-1.0123,-0.003114,-0.0616,0.2,1
729289,Kolkata Knight Riders,Delhi Daredevils,2014-04-19,Dubai International Cricket Stadium,Kolkata Knight Riders,bat,1517.4572,1426.213,91.2441,0.4008,0.1578,0.01122,-0.005005,0.6914,0.2261,0.6914,0.014156,0.0219,0.6,0
729291,Rajasthan Royals,Kings XI Punjab,2014-04-20,Sharjah Cricket Stadium,Kings XI Punjab,field,1531.9257,1515.2896,16.6361,-2.6338,-1.0369,-0.039183,0.04486,0.9722,0.0829,0.9722,0.006625,0.05,-0.4,0
729293,Chennai Super Kings,Delhi Daredevils,2014-04-21,Sheikh Zayed Stadium,Chennai Super Kings,bat,1578.7639,1438.7805,139.9834,0.31,1.2334,0.023931,-0.075002,0.0825,0.2441,0.0825,0.025733,0.1295,0.2,1
729295,Kings XI Punjab,Sunrisers Hyderabad,2014-04-22,Sharjah Cricket Stadium,Sunrisers Hyderabad,field,1525.7681,1511.7719,13.9961,-57.2993,1.7596,0.06769,-0.050763,-1.5077,-2.9262,-1.5077,-0.00913,-0.0294,0.6,1
729297,Rajasthan Royals,Chennai Super Kings,2014-04-23,Dubai International Cricket Stadium,Rajasthan Royals,field,1521.4472,1584.9395,-63.4923,0.689,-0.7041,-0.002092,0.0581,0.1859,-0.0504,0.1859,-0.014758,-0.0676,0.0,0
729299,Royal Challengers Bangalore,Kolkata Knight Riders,2014-04-24,Sharjah Cricket Stadium,Royal Challengers Bangalore,field,1550.499,1504.8897,45.6093,0.6227,1.1308,0.031219,-0.031411,-1.0061,-0.0177,-1.0061,0.004289,0.0438,0.2,0
729301,Sunrisers Hyderabad,Delhi Daredevils,2014-04-25,Dubai International Cricket Stadium,Sunrisers Hyderabad,bat,1502.1746,1432.6048,69.5698,56.2343,-0.0654,-0.011615,-0.034726,0.9553,3.0326,0.9553,0.015112,0.0326,0.2,1
729303,Chennai Super Kings,Mumbai Indians,2014-04-25,Dubai International Cricket Stadium,Mumbai Indians,bat,1593.1322,1570.6059,22.5263,0.1495,0.8071,0.012041,-0.044499,-0.16,0.0914,-0.16,0.015353,0.0327,0.2,1
729305,Rajasthan Royals,Royal Challengers Bangalore,2014-04-26,Sheikh Zayed Stadium,Rajasthan Royals,field,1513.2546,1539.1937,-25.9391,-0.4318,-0.8083,-0.023614,0.047779,0.5798,0.003,0.5798,-0.005007,0.0113,-0.2,1
729307,Kolkata Knight Riders,Kings XI Punjab,2014-04-26,Sheikh Zayed Stadium,Kolkata Knight Riders,field,1516.195,1535.3655,-19.1705,-3.7846,-1.9001,-0.069771,0.061802,1.2602,0.0624,1.2602,0.004702,-0.0166,-0.6,0
729309,Delhi Daredevils,Mumbai Indians,2014-04-27,Sharjah Cricket Stadium,Mumbai Indians,bat,1424.5808,1561.2533,-136.6725,0.3016,-0.156,-0.001362,0.014504,-0.7354,-0.143,-0.7354,-0.01221,-0.109,-0.2,1
729311,Sunrisers Hyderabad,Chennai Super Kings,2014-04-27,Sharjah Cricket Stadium,Sunrisers Hyderabad,bat,1510.1985,1602.4847,-92.2862,54.3158,-1.2422,-0.035544,0.033692,0.2253,2.593,0.2253,-0.015123,-0.0876,-0.2,0
729313,Kings XI Punjab,Royal Challengers Bangalore,2014-04-28,Dubai International Cricket Stadium,Kings XI Punjab,field,1544.8142,1528.4485,16.3657,3.2654,0.6658,0.024059,-0.03246,-0.1678,0.0634,-0.1678,-0.002003,-0.0049,0.4,1
729317,Mumbai Indians,Sunrisers Hyderabad,2014-04-30,Dubai International Cricket Stadium,Mumbai Indians,field,1547.5106,1502.794,44.7167,-54.5111,0.0705,0.010796,0.029721,-0.0138,-2.4051,-0.0138,-0.007054,0.0657,0.0,0
733971,Chennai Super Kings,Kolkata Knight Riders,2014-05-02,JSCA International Stadium Complex,Chennai Super Kings,bat,1609.8893,1506.7462,103.1431,0.047,1.1012,0.023505,-0.044515,-0.7329,-0.05,-0.7329,0.009037,0.1341,0.4,1
733973,Mumbai Indians,Kings XI Punjab,2014-05-03,Wankhede Stadium,Kings XI Punjab,bat,1536.2307,1554.3436,-18.1129,-3.3572,-1.2317,-0.048483,0.037222,-0.112,-0.2104,-0.112,-0.013506,0.0439,-1.0,1
733975,Delhi Daredevils,Rajasthan Royals,2014-05-03,Feroz Shah Kotla,Rajasthan Royals,field,1438.3235,1523.9998,-85.6763,0.3912,0.039,-0.005682,-0.047354,-1.1036,-0.284,-1.1036,-0.022567,-0.0695,0.0,0
733977,Royal Challengers Bangalore,Sunrisers Hyderabad,2014-05-04,M Chinnaswamy Stadium,Royal Challengers Bangalore,field,1518.9192,1514.074,4.8452,-52.0268,0.4529,0.033967,0.05152,-0.1813,-2.3899,-0.1813,-0.000902,-0.0134,0.0,1
733979,Rajasthan Royals,Kolkata Knight Riders,2014-05-05,"Sardar Patel Stadium, Motera",Kolkata Knight Riders,field,1531.5827,1499.6306,31.952,0.3763,0.5355,0.026108,0.036168,-0.1635,-0.0148,-0.1635,0.000377,0.0643,0.2,1
733981,Delhi Daredevils,Chennai Super Kings,2014-05-05,Feroz Shah Kotla,Chennai Super Kings,field,1430.7407,1617.0048,-186.2641,0.3669,-0.8307,-0.014567,0.036499,-0.8261,-0.2868,-0.8261,-0.034275,-0.1582,-0.6,0
733983,Mumbai Indians,Royal Challengers Bangalore,2014-05-06,Wankhede Stadium,Royal Challengers Bangalore,field,1546.7515,1528.7798,17.9718,0.1082,-0.4075,-0.018385,-0.012206,-0.5243,-0.0922,-0.5243,-0.010823,0.0489,-0.2,1
733985,Delhi Daredevils,Kolkata Knight Riders,2014-05-07,Feroz Shah Kotla,Delhi Daredevils,bat,1425.6411,1490.5477,-64.9066,0.0652,0.276,0.01076,-0.000409,-1.2112,-0.282,-1.2112,-0.021386,-0.0148,0.0,0
733987,Kings XI Punjab,Chennai Super Kings,2014-05-07,Barabati Stadium,Chennai Super Kings,field,1543.8227,1622.1044,-78.2817,2.7539,0.1406,0.023663,0.013811,-0.0026,0.0716,-0.0026,-0.006019,-0.1144,-0.2,1
733989,Rajasthan Royals,Sunrisers Hyderabad,2014-05-08,"Sardar Patel Stadium, Motera",Rajasthan Royals,field,1540.6656,1504.2134,36.4522,-48.4292,0.1613,0.022872,0.076767,0.2467,-1.9871,0.2467,0.007101,0.0474,0.2,0
733991,Royal Challengers Bangalore,Kings XI Punjab,2014-05-09,M Chinnaswamy Stadium,Royal Challengers Bangalore,field,1519.2966,1556.0385,-36.7419,-4.8819,-1.541,-0.056287,0.080197,0.5848,-0.1753,0.5848,-0.007921,-0.0056,-0.6,0
733993,Delhi Daredevils,Sunrisers Hyderabad,2014-05-10,Feroz Shah Kotla,Sunrisers Hyderabad,field,1417.4878,1515.2588,-97.771,-43.3931,0.505,0.027497,0.020455,-1.1667,-2.4882,-1.1667,-0.023632,-0.0681,-0.4,0
733995,Mumbai Indians,Chennai Super Kings,2014-05-10,Wankhede Stadium,Chennai Super Kings,field,1556.2347,1609.8887,-53.6539,-1.3157,-1.0072,-0.023196,0.051319,0.1525,-0.2053,0.1525,-0.021349,-0.0504,-0.4,0
733997,Kings XI Punjab,Kolkata Knight Riders,2014-05-11,Barabati Stadium,Kolkata Knight Riders,field,1564.9849,1498.701,66.2839,3.6003,1.7877,0.077553,-0.020691,-0.5153,0.1327,-0.5153,0.011734,0.0421,0.4,0
733999,Royal Challengers Bangalore,Rajasthan Royals,2014-05-11,M Chinnaswamy Stadium,Royal Challengers Bangalore,bat,1510.3502,1529.6203,-19.2701,-0.363,0.5347,0.030018,0.007642,-0.5656,-0.1221,-0.5656,-0.004338,-0.0366,-0.4,0
734001,Sunrisers Hyderabad,Mumbai Indians,2014-05-12,"Rajiv Gandhi International Stadium, Uppal",Sunrisers Hyderabad,bat,1522.5167,1547.7668,-25.2501,38.1383,-0.2397,-0.018027,-0.040972,0.2549,2.1424,0.2549,0.007679,-0.0214,0.2,0
734003,Chennai Super Kings,Rajasthan Royals,2014-05-13,JSCA International Stadium Complex,Rajasthan Royals,bat,1618.3565,1539.0662,79.2903,0.0972,0.4939,0.00907,-0.048151,-0.4207,-0.008,-0.4207,0.004969,0.0762,0.0,1
734005,Royal Challengers Bangalore,Delhi Daredevils,2014-05-13,M Chinnaswamy Stadium,Delhi Daredevils,field,1500.9042,1410.2299,90.6744,-0.8431,0.3703,0.030563,0.0634,0.5649,0.2329,0.5649,0.022173,0.051,0.0,1
734007,Sunrisers Hyderabad,Kings XI Punjab,2014-05-14,"Rajiv Gandhi International Stadium, Uppal",Kings XI Punjab,field,1513.2422,1553.0999,-39.8577,33.3773,-1.6931,-0.073912,0.010157,0.3477,1.7093,0.3477,-0.006713,0.0045,0.0,0
734009,Kolkata Knight Riders,Mumbai Indians,2014-05-14,Barabati Stadium,Kolkata Knight Riders,field,1510.5859,1557.0414,-46.4554,0.928,0.0555,-0.007512,-0.046364,0.0146,0.1201,0.0146,0.005861,-0.0831,-0.2,1
734011,Rajasthan Royals,Delhi Daredevils,2014-05-15,"Sardar Patel Stadium, Motera",Delhi Daredevils,field,1531.3095,1402.782,128.5275,-0.2302,-0.0204,0.006986,0.048842,0.8837,0.279,0.8837,0.020707,0.0964,0.6,1
734013,Chennai Super Kings,Royal Challengers Bangalore,2014-05-18,JSCA International Stadium Complex,Chennai Super Kings,bat,1626.1132,1508.3521,117.7611,0.5646,0.5367,-0.001977,-0.090664,-0.1188,0.0321,-0.1188,0.005914,0.1212,0.4,0
734015,Sunrisers Hyderabad,Kolkata Knight Riders,2014-05-18,"Rajiv Gandhi International Stadium, Uppal",Sunrisers Hyderabad,bat,1504.3844,1521.9151,-17.5308,37.1827,0.1389,0.004051,-0.006343,-0.5662,1.6162,-0.5662,-0.001021,0.0104,-0.2,0
734017,Rajasthan Royals,Mumbai Indians,2014-05-19,"Sardar Patel Stadium, Motera",Mumbai Indians,bat,1537.7702,1545.7122,-7.942,1.1665,0.4991,0.014945,-0.006224,0.2726,0.2084,0.2726,0.015551,-0.0164,0.0,0
734019,Delhi Daredevils,Kings XI Punjab,2014-05-19,Feroz Shah Kotla,Kings XI Punjab,field,1396.3213,1561.9577,-165.6364,-3.3212,-1.4854,-0.059926,0.016341,-0.387,-0.2629,-0.387,-0.018869,-0.0804,-0.6,0
734021,Sunrisers Hyderabad,Royal Challengers Bangalore,2014-05-20,"Rajiv Gandhi International Stadium, Uppal",Royal Challengers Bangalore,bat,1494.8885,1521.6174,-26.7289,36.2592,0.0853,-0.010764,-0.077027,-0.2583,1.4488,-0.2583,-0.005719,-0.0283,0.0,1
734023,Kolkata Knight Riders,Chennai Super Kings,2014-05-20,Eden Gardens,Kolkata Knight Riders,field,1531.411,1612.8478,-81.4369,0.4636,-0.388,-0.012269,-0.004398,0.1319,0.0096,0.1319,-0.006338,-0.1256,0.2,1
734025,Kings XI Punjab,Mumbai Indians,2014-05-21,"Punjab Cricket Association Stadium, Mohali",Mumbai Indians,field,1567.5214,1555.4836,12.0378,3.2373,1.2236,0.046638,-0.036902,-0.3728,0.2044,-0.3728,0.014254,-0.0407,0.2,0
734027,Kolkata Knight Riders,Royal Challengers Bangalore,2014-05-22,Eden Gardens,Royal Challengers Bangalore,field,1543.7129,1510.8496,32.8633,0.1894,-0.0102,-0.016394,-0.092945,0.4435,0.0777,0.4435,0.002757,-0.0049,0.6,1
734029,Chennai Super Kings,Sunrisers Hyderabad,2014-05-22,JSCA International Stadium Complex,Sunrisers Hyderabad,field,1600.5459,1505.6563,94.8896,-36.1025,0.0257,-0.004044,0.002705,0.0311,-1.4047,0.0311,0.005497,0.1147,0.0,0
734031,Mumbai Indians,Delhi Daredevils,2014-05-23,Wankhede Stadium,Delhi Daredevils,field,1565.83,1390.7576,175.0724,-0.1848,0.2432,0.010934,0.02543,0.8759,0.1186,0.8759,0.009907,0.1345,0.6,1
734033,Kings XI Punjab,Rajasthan Royals,2014-05-23,"Punjab Cricket Association Stadium, Mohali",Rajasthan Royals,field,1557.1751,1527.9988,29.1763,1.93,0.703,0.037499,-0.027059,-0.2379,0.03,-0.2379,0.002444,-0.02,0.2,1
734035,Royal Challengers Bangalore,Chennai Super Kings,2014-05-24,M Chinnaswamy Stadium,Chennai Super Kings,field,1501.7927,1587.8807,-86.088,0.0867,-0.3935,-0.001135,0.069607,-0.1381,-0.0096,-0.1381,-0.002471,-0.1091,0.0,0
734037,Kolkata Knight Riders,Sunrisers Hyderabad,2014-05-24,Eden Gardens,Kolkata Knight Riders,field,1552.7698,1518.3215,34.4483,-33.7458,-0.0472,-0.002732,-0.009826,0.3333,-1.2762,0.3333,0.00319,-0.0121,0.6,1
734039,Kings XI Punjab,Delhi Daredevils,2014-05-25,"Punjab Cricket Association Stadium, Mohali",Kings XI Punjab,field,1566.3373,1385.4094,180.9279,1.3235,0.6672,0.031749,0.018959,0.5448,0.2021,0.5448,0.014239,0.0934,0.6,1
734041,Mumbai Indians,Rajasthan Royals,2014-05-25,Wankhede Stadium,Mumbai Indians,field,1571.1782,1518.8365,52.3416,0.0469,0.2848,0.02077,-0.021165,-0.2596,-0.1046,-0.2596,-0.006551,0.0394,0.4,1
734043,Kings XI Punjab,Kolkata Knight Riders,2014-05-27,Eden Gardens,Kings XI Punjab,field,1571.5545,1561.7816,9.7729,1.3076,0.492,0.023699,0.016608,-0.5279,0.0078,-0.5279,0.002412,0.0194,-0.2,0
734045,Chennai Super Kings,Mumbai Indians,2014-05-28,Brabourne Stadium,Chennai Super Kings,field,1595.4524,1579.683,15.7694,-0.6953,-0.335,-0.019206,-0.017497,-0.1081,-0.0181,-0.1081,1.5e-05,0.0346,-0.4,1
734047,Chennai Super Kings,Kings XI Punjab,2014-05-30,Wankhede Stadium,Chennai Super Kings,field,1604.9988,1561.2732,43.7256,-1.6206,-0.2133,-0.01908,-0.032957,0.0072,-0.093,0.0072,-0.00433,0.0918,-0.2,0
734049,Kolkata Knight Riders,Kings XI Punjab,2014-06-01,M Chinnaswamy Stadium,Kolkata Knight Riders,field,1572.0628,1572.5252,-0.4624,-1.3058,-0.593,-0.021866,-0.017808,0.8413,-0.0312,0.8413,-0.004739,-0.0139,0.4,1
829705,Kolkata Knight Riders,Mumbai Indians,2015-04-08,Eden Gardens,Kolkata Knight Riders,field,1582.0761,1570.1365,11.9396,0.7482,-0.016,-0.000793,-0.025579,0.3909,0.1064,0.3909,0.005123,-0.0531,0.2,1
829707,Chennai Super Kings,Delhi Daredevils,2015-04-09,"MA Chidambaram Stadium, Chepauk",Delhi Daredevils,field,1593.7469,1380.1922,213.5547,0.3634,0.9905,0.02788,-0.029927,-0.1888,0.0507,-0.1888,0.003384,0.1834,0.4,1
829709,Kings XI Punjab,Rajasthan Royals,2015-04-10,Maharashtra Cricket Association Stadium,Kings XI Punjab,field,1562.5119,1510.3318,52.1801,1.2275,0.8149,0.035661,-0.023916,-0.5006,0.021,-0.5006,0.001954,-0.0056,0.4,0
829711,Chennai Super Kings,Sunrisers Hyderabad,2015-04-11,"MA Chidambaram Stadium, Chepauk",Chennai Super Kings,bat,1598.2729,1509.3098,88.9631,-32.9667,0.4222,0.001829,-0.039405,-0.4462,-1.3245,-0.4462,0.000952,0.114,0.2,1
829713,Kolkata Knight Riders,Royal Challengers Bangalore,2015-04-11,Eden Gardens,Royal Challengers Bangalore,field,1591.7326,1494.221,97.5116,0.8461,0.921,0.02932,-0.07531,0.7606,0.0867,0.7606,0.00562,0.0291,0.6,0
829715,Delhi Daredevils,Rajasthan Royals,2015-04-12,Feroz Shah Kotla,Rajasthan Royals,field,1375.6662,1521.8224,-146.1563,-0.9225,-0.4482,-0.005848,-0.013639,-0.541,-0.1401,-0.541,-0.007455,-0.1109,-0.4,0
829717,Mumbai Indians,Kings XI Punjab,2015-04-12,Wankhede Stadium,Mumbai Indians,field,1560.48,1551.0212,9.4589,-0.384,0.1812,0.004666,-0.028021,0.3059,-0.1348,0.3059,-0.010423,0.0487,0.2,0
829719,Royal Challengers Bangalore,Sunrisers Hyderabad,2015-04-13,M Chinnaswamy Stadium,Sunrisers Hyderabad,field,1506.9562,1501.8158,5.1404,-30.2864,0.3495,0.010112,0.021543,-0.269,-1.2057,-0.269,-0.002894,0.0161,0.0,0
829721,Rajasthan Royals,Mumbai Indians,2015-04-14,"Sardar Patel Stadium, Motera",Mumbai Indians,bat,1527.8475,1550.2079,-22.3604,0.7548,-0.4686,-0.029195,0.004377,-0.074,0.1195,-0.074,0.007929,-0.024,0.0,1
829725,Kings XI Punjab,Delhi Daredevils,2015-04-15,Maharashtra Cricket Association Stadium,Kings XI Punjab,bat,1561.2934,1369.6411,191.6522,0.8851,0.874,0.033505,0.01371,0.3282,0.1782,0.3282,0.011897,0.1044,0.4,0
829727,Sunrisers Hyderabad,Rajasthan Royals,2015-04-16,Dr. Y.S. Rajasekhara Reddy ACA-VDCA Cricket Stadium,Rajasthan Royals,field,1511.9638,1538.4902,-26.5264,29.2827,-0.0985,0.009519,-0.004748,-0.1218,1.2167,-0.1218,0.000839,-0.0429,0.0,0
829729,Mumbai Indians,Chennai Super Kings,2015-04-17,Wankhede Stadium,Mumbai Indians,bat,1539.5652,1605.7669,-66.2017,0.4391,0.2699,0.021585,0.02568,-0.0307,-0.1235,-0.0307,-0.012171,-0.0599,-0.6,0
829731,Sunrisers Hyderabad,Delhi Daredevils,2015-04-18,Dr. Y.S. Rajasekhara Reddy ACA-VDCA Cricket Stadium,Delhi Daredevils,bat,1502.7258,1384.6585,118.0673,28.8937,0.3521,0.016389,0.022156,0.0772,1.0058,0.0772,-0.007641,0.0603,0.2,0
829733,Kings XI Punjab,Kolkata Knight Riders,2015-04-18,Maharashtra Cricket Association Stadium,Kolkata Knight Riders,field,1546.276,1578.9974,-32.7214,-1.0549,-0.5733,-0.024321,0.041579,-0.4275,0.0716,-0.4275,0.00911,-0.0007,-0.4,0
829735,Rajasthan Royals,Chennai Super Kings,2015-04-19,"Sardar Patel Stadium, Motera",Chennai Super Kings,bat,1547.7282,1613.8842,-66.156,1.1263,-0.327,-0.018501,0.015183,0.0823,-0.0353,0.0823,-0.00688,-0.0735,0.0,1
829737,Royal Challengers Bangalore,Mumbai Indians,2015-04-19,M Chinnaswamy Stadium,Royal Challengers Bangalore,field,1496.8082,1531.4479,-34.6396,0.5142,-0.4599,-0.02141,0.014897,-0.2997,0.0264,-0.2997,-0.000379,-0.0573,0.2,0
829739,Delhi Daredevils,Kolkata Knight Riders,2015-04-20,Feroz Shah Kotla,Kolkata Knight Riders,field,1397.9317,1588.0584,-190.1267,-1.5971,-1.2123,-0.052394,0.010424,-0.7217,-0.0107,-0.7217,0.00614,-0.0939,-0.4,0
829743,Sunrisers Hyderabad,Kolkata Knight Riders,2015-04-22,Dr. Y.S. Rajasekhara Reddy ACA-VDCA Cricket Stadium,Kolkata Knight Riders,field,1489.4526,1593.074,-103.6214,29.9345,-0.9112,-0.040185,0.033275,-0.8165,0.7881,-0.8165,-0.011788,-0.0577,-0.6,1
829745,Royal Challengers Bangalore,Chennai Super Kings,2015-04-22,M Chinnaswamy Stadium,Royal Challengers Bangalore,field,1487.802,1602.0027,-114.2008,0.9267,-0.3662,-0.012204,0.035252,-0.5074,-0.0257,-0.5074,-0.005465,-0.1247,-0.4,0
829747,Delhi Daredevils,Mumbai Indians,2015-04-23,Feroz Shah Kotla,Mumbai Indians,field,1392.9161,1540.4542,-147.5381,-0.9937,-1.2738,-0.056549,-0.008993,0.2752,0.148,0.2752,0.01174,-0.1306,0.2,1
829749,Rajasthan Royals,Royal Challengers Bangalore,2015-04-24,"Sardar Patel Stadium, Motera",Royal Challengers Bangalore,field,1559.6096,1480.9755,78.6342,0.0856,-0.054,-0.016671,-0.030637,0.7953,0.0362,0.7953,0.002395,0.0652,0.8,0
829751,Mumbai Indians,Sunrisers Hyderabad,2015-04-25,Wankhede Stadium,Mumbai Indians,bat,1526.4458,1502.3496,24.0961,-30.2869,0.6459,0.04105,0.018667,-0.2518,-0.9835,-0.2518,-0.0045,0.066,-0.2,1
829753,Chennai Super Kings,Kings XI Punjab,2015-04-25,"MA Chidambaram Stadium, Chepauk",Chennai Super Kings,bat,1608.8292,1537.2151,71.6142,-0.11,0.6303,0.029251,-0.015653,-0.2033,-0.1324,-0.2033,-0.008999,0.1048,0.6,1
829757,Delhi Daredevils,Royal Challengers Bangalore,2015-04-26,Feroz Shah Kotla,Royal Challengers Bangalore,field,1406.9245,1493.2009,-86.2764,-0.2022,-0.3078,-0.009457,-0.014424,0.2122,0.142,0.2122,0.013892,-0.0597,0.2,0
829759,Kings XI Punjab,Sunrisers Hyderabad,2015-04-27,"Punjab Cricket Association Stadium, Mohali",Kings XI Punjab,field,1529.2476,1493.0421,36.2055,-28.1858,0.0446,0.002366,0.007171,-0.1028,-0.8262,-0.1028,0.011383,0.0369,-0.2,0
829765,Chennai Super Kings,Kolkata Knight Riders,2015-04-28,"MA Chidambaram Stadium, Chepauk",Kolkata Knight Riders,field,1616.7967,1580.1769,36.6198,-0.5124,-0.0714,-0.000578,0.022791,-0.0769,-0.0052,-0.0769,0.0053,0.0984,0.2,1
829723,Kolkata Knight Riders,Chennai Super Kings,2015-04-30,Eden Gardens,Kolkata Knight Riders,field,1571.227,1625.7466,-54.5196,0.7213,0.1196,0.000391,-0.019386,-0.1239,-0.0185,-0.1239,-0.007735,-0.1065,-0.4,1
829767,Delhi Daredevils,Kings XI Punjab,2015-05-01,Feroz Shah Kotla,Delhi Daredevils,field,1399.3579,1518.2093,-118.8514,0.2004,-0.0492,0.003994,-0.009117,0.1876,-0.0401,0.1876,-0.000351,-0.0772,0.4,1
829769,Mumbai Indians,Rajasthan Royals,2015-05-01,Wankhede Stadium,Rajasthan Royals,field,1535.7533,1547.3842,-11.6309,-0.2899,0.6299,0.052494,0.037699,-0.6835,-0.0506,-0.6835,-0.002188,0.0093,-0.4,1
829771,Royal Challengers Bangalore,Kolkata Knight Riders,2015-05-02,M Chinnaswamy Stadium,Royal Challengers Bangalore,field,1500.7674,1582.7835,-82.0161,-0.8736,-0.6081,-0.022528,0.027174,-0.2578,-0.1008,-0.2578,-0.006943,-0.0274,-0.2,1
829773,Sunrisers Hyderabad,Chennai Super Kings,2015-05-02,"Rajiv Gandhi International Stadium, Uppal",Chennai Super Kings,field,1504.0804,1614.1902,-110.1098,27.5913,-0.6159,-0.039518,-0.018699,-0.3331,1.0139,-0.3331,-0.004425,-0.1333,-0.2,1
829775,Kings XI Punjab,Mumbai Indians,2015-05-03,"Punjab Cricket Association Stadium, Mohali",Mumbai Indians,bat,1504.9159,1546.088,-41.1721,-1.1709,-1.3086,-0.063949,-0.000274,0.3651,0.1021,0.3651,0.008287,-0.0593,-0.6,0
829777,Rajasthan Royals,Delhi Daredevils,2015-05-03,Brabourne Stadium,Delhi Daredevils,field,1537.0496,1412.6512,124.3983,1.4437,0.3935,-0.003294,-0.026423,-0.5005,-0.1731,-0.5005,-0.020137,0.1089,0.0,1
829779,Chennai Super Kings,Royal Challengers Bangalore,2015-05-04,"MA Chidambaram Stadium, Chepauk",Chennai Super Kings,bat,1601.123,1513.0852,88.0378,0.4893,0.0591,0.019115,0.021906,0.514,0.0499,0.514,0.005418,0.1148,0.0,1
829781,Kolkata Knight Riders,Sunrisers Hyderabad,2015-05-04,Eden Gardens,Sunrisers Hyderabad,field,1570.4658,1517.1476,53.3182,-27.4694,0.4877,0.01888,-0.018328,0.1387,-0.9718,0.1387,0.001962,0.0182,-0.2,1
829783,Mumbai Indians,Delhi Daredevils,2015-05-05,Wankhede Stadium,Delhi Daredevils,bat,1554.9085,1406.0862,148.8223,1.2058,0.7939,0.038034,0.009675,-0.7686,-0.0625,-0.7686,-0.006187,0.1344,0.4,1
829785,Royal Challengers Bangalore,Kings XI Punjab,2015-05-06,M Chinnaswamy Stadium,Kings XI Punjab,field,1505.5662,1496.0954,9.4708,-0.4779,0.7419,0.032551,-0.000838,0.2095,0.0796,0.2095,0.01008,0.0,0.6,1
829761,Kolkata Knight Riders,Delhi Daredevils,2015-05-07,Eden Gardens,Kolkata Knight Riders,bat,1578.9431,1400.1255,178.8175,0.4033,0.8053,0.025352,-0.042219,-0.2224,0.0542,-0.2224,0.004283,0.0977,0.0,1
829787,Rajasthan Royals,Sunrisers Hyderabad,2015-05-07,Brabourne Stadium,Rajasthan Royals,field,1543.6146,1508.6703,34.9444,-24.0317,0.3986,-0.001826,-0.037445,-0.204,-1.1624,-0.204,-0.014458,0.0583,0.0,0
829789,Chennai Super Kings,Mumbai Indians,2015-05-08,"MA Chidambaram Stadium, Chepauk",Chennai Super Kings,bat,1608.6419,1560.8691,47.7728,-0.6465,-0.0812,0.001061,-0.002006,1.0645,0.1191,1.0645,0.01266,0.0512,-0.2,0
829791,Kolkata Knight Riders,Kings XI Punjab,2015-05-09,Eden Gardens,Kings XI Punjab,bat,1584.2073,1486.3679,97.8393,1.2431,1.3299,0.049974,-0.052077,0.8435,0.1503,0.8435,0.014652,0.0356,0.6,1
829793,Delhi Daredevils,Sunrisers Hyderabad,2015-05-09,Shaheed Veer Narayan Singh International Stadium,Sunrisers Hyderabad,bat,1394.8614,1519.6727,-124.8113,-25.7417,-0.1995,-0.001431,0.021208,0.0934,-1.075,0.0934,-0.004248,-0.0789,-0.4,0
829795,Mumbai Indians,Royal Challengers Bangalore,2015-05-10,Wankhede Stadium,Royal Challengers Bangalore,bat,1572.2355,1515.2937,56.9418,0.471,-0.2728,-0.006479,0.012961,-0.3038,-0.1249,-0.3038,-0.015429,0.0702,0.2,0
829797,Chennai Super Kings,Rajasthan Royals,2015-05-10,"MA Chidambaram Stadium, Chepauk",Chennai Super Kings,bat,1597.2755,1532.6122,64.6633,-1.5904,-0.0113,0.023607,0.053108,0.9385,0.1008,0.9385,0.013897,0.0724,0.0,1
829799,Sunrisers Hyderabad,Kings XI Punjab,2015-05-11,"Rajiv Gandhi International Stadium, Uppal",Sunrisers Hyderabad,bat,1526.2273,1479.1118,47.1154,26.4153,1.101,0.038142,-0.031801,0.8154,1.1018,0.8154,0.011181,0.0252,0.8,1
829801,Delhi Daredevils,Chennai Super Kings,2015-05-12,Shaheed Veer Narayan Singh International Stadium,Chennai Super Kings,bat,1388.3068,1605.4355,-217.1288,0.1064,-0.3914,-0.018926,0.00158,-0.4248,-0.0744,-0.4248,-0.009651,-0.1986,-0.2,1
829803,Kings XI Punjab,Royal Challengers Bangalore,2015-05-13,"Punjab Cricket Association Stadium, Mohali",Royal Challengers Bangalore,field,1470.4597,1526.9181,-56.4584,-1.7797,-1.8565,-0.076426,0.022988,-0.5601,-0.2123,-0.5601,-0.025102,-0.0215,-0.8,1
829805,Mumbai Indians,Kolkata Knight Riders,2015-05-14,Wankhede Stadium,Kolkata Knight Riders,field,1560.6111,1591.4634,-30.8523,0.7167,0.1515,0.000983,0.025778,-0.7322,-0.1579,-0.7322,-0.014049,0.0346,0.0,1
829807,Sunrisers Hyderabad,Royal Challengers Bangalore,2015-05-15,"Rajiv Gandhi International Stadium, Uppal",Sunrisers Hyderabad,bat,1534.8794,1515.3072,19.5722,24.9438,-0.8847,-0.037697,0.015913,0.3865,0.8079,0.3865,-0.018783,0.0238,0.2,0
829809,Kings XI Punjab,Chennai Super Kings,2015-05-16,"Punjab Cricket Association Stadium, Mohali",Kings XI Punjab,bat,1482.0705,1589.8899,-107.8194,-0.8272,-0.4441,-0.037661,-0.019097,-1.5789,-0.1142,-1.5789,-0.012691,-0.1239,-0.2,0
829811,Rajasthan Royals,Kolkata Knight Riders,2015-05-16,Brabourne Stadium,Rajasthan Royals,bat,1524.4522,1580.5777,-56.1255,1.3324,-0.1849,-0.022684,-0.011883,-0.1703,-0.133,-0.1703,-0.015428,0.0094,-0.4,1
829815,Sunrisers Hyderabad,Mumbai Indians,2015-05-17,"Rajiv Gandhi International Stadium, Uppal",Sunrisers Hyderabad,bat,1524.3167,1571.4968,-47.1801,23.2808,-0.0563,-0.008075,-0.010867,0.4094,0.94,0.4094,0.008774,-0.0575,-0.2,0
829817,Chennai Super Kings,Mumbai Indians,2015-05-19,Wankhede Stadium,Mumbai Indians,bat,1596.8825,1580.1471,16.7354,-1.2549,-0.789,-0.01916,0.041676,1.0866,0.0512,1.0866,0.008009,0.0416,-0.2,0
829819,Royal Challengers Bangalore,Rajasthan Royals,2015-05-20,Maharashtra Cricket Association Stadium,Royal Challengers Bangalore,bat,1525.87,1536.0537,-10.1837,-2.4273,0.9568,0.046372,0.017161,-0.0441,0.1991,-0.0441,0.03386,-0.0355,0.2,1
829821,Chennai Super Kings,Royal Challengers Bangalore,2015-05-22,JSCA International Stadium Complex,Chennai Super Kings,field,1586.4012,1536.163,50.2382,-0.3485,-1.6686,-0.050511,0.050266,0.5863,-0.1129,0.5863,-0.020218,0.1009,-0.4,1
829823,Mumbai Indians,Chennai Super Kings,2015-05-24,Eden Gardens,Chennai Super Kings,field,1590.6284,1594.9652,-4.3368,1.7155,0.9991,0.029112,-0.029618,-0.5889,0.0006,-0.5889,-0.002679,-0.0364,0.2,1
980901,Mumbai Indians,Rising Pune Supergiants,2016-04-09,Wankhede Stadium,Mumbai Indians,bat,1600.7532,1500.0,100.7532,12.9048,8.4394,0.184256,0.33391,-8.1005,0.5476,-8.1005,0.057789,0.0794,0.3,0
980903,Kolkata Knight Riders,Delhi Daredevils,2016-04-10,Eden Gardens,Kolkata Knight Riders,field,1568.9762,1403.8524,165.1238,0.4704,0.6054,0.016645,-0.053427,-0.4863,0.0648,-0.4863,0.00578,0.0993,0.4,1
980905,Kings XI Punjab,Gujarat Lions,2016-04-11,"Punjab Cricket Association IS Bindra Stadium, Mohali",Gujarat Lions,field,1475.0779,1500.0,-24.9221,10.5763,6.7949,0.128857,0.389292,-9.0,0.3814,-9.0,0.042056,-0.0169,-0.3,0
980907,Royal Challengers Bangalore,Sunrisers Hyderabad,2016-04-12,M Chinnaswamy Stadium,Sunrisers Hyderabad,field,1527.599,1515.6664,11.9326,-23.2987,0.9572,0.03621,-0.014243,0.6907,-0.6652,0.6907,0.0219,0.0042,0.0,1
980909,Kolkata Knight Riders,Mumbai Indians,2016-04-13,Eden Gardens,Mumbai Indians,field,1574.5518,1587.932,-13.3802,-0.4875,-0.3147,0.001195,0.000779,0.0942,0.0463,0.0942,0.001804,-0.0489,-0.2,0
980911,Gujarat Lions,Rising Pune Supergiants,2016-04-14,Saurashtra Cricket Association Stadium,Rising Pune Supergiants,bat,1509.2839,1512.8213,-3.5374,35.0,0.5802,0.044597,-0.139365,-2.0,-2.0,-2.0,-0.016667,0.0,0.0,1
980913,Delhi Daredevils,Kings XI Punjab,2016-04-15,Feroz Shah Kotla,Delhi Daredevils,field,1398.2768,1465.794,-67.5171,0.7879,0.2764,0.031988,0.041546,1.2867,0.0235,1.2867,0.000888,-0.0602,0.0,1
980915,Sunrisers Hyderabad,Kolkata Knight Riders,2016-04-16,"Rajiv Gandhi International Stadium, Uppal",Sunrisers Hyderabad,bat,1506.0097,1564.9367,-58.927,21.3521,-0.0125,-0.009422,0.010566,-0.515,0.7368,-0.515,-0.002531,-0.0325,0.0,0
980917,Mumbai Indians,Gujarat Lions,2016-04-16,Wankhede Stadium,Gujarat Lions,field,1597.547,1519.3857,78.1613,-140.1016,-0.2786,-0.022288,0.051276,-0.2081,-5.0312,-0.2081,0.005802,-0.4219,-0.2,0
980919,Kings XI Punjab,Rising Pune Supergiants,2016-04-17,"Punjab Cricket Association IS Bindra Stadium, Mohali",Rising Pune Supergiants,bat,1453.8748,1502.7195,-48.8447,-130.3333,-1.1655,-0.03306,0.0191,-1.4068,-5.1417,-1.4068,-0.006498,-0.025,-0.3,1
980921,Royal Challengers Bangalore,Delhi Daredevils,2016-04-17,M Chinnaswamy Stadium,Delhi Daredevils,field,1537.2557,1410.196,127.0596,1.0663,2.0934,0.057883,-0.085108,-0.6286,0.1678,-0.6286,0.027996,0.0846,0.2,0
980923,Sunrisers Hyderabad,Mumbai Indians,2016-04-18,"Rajiv Gandhi International Stadium, Uppal",Sunrisers Hyderabad,field,1497.6897,1585.3346,-87.6449,21.2003,-0.0904,-0.008818,-0.020185,-0.5112,0.6436,-0.5112,-0.003882,-0.0953,-0.4,1
980925,Kings XI Punjab,Kolkata Knight Riders,2016-04-19,"Punjab Cricket Association IS Bindra Stadium, Mohali",Kolkata Knight Riders,field,1465.2714,1573.2567,-107.9852,-1.7833,-0.9837,-0.040389,0.050881,-0.602,-0.1703,-0.602,-0.013582,-0.0461,0.0,0
980927,Mumbai Indians,Royal Challengers Bangalore,2016-04-20,Wankhede Stadium,Mumbai Indians,field,1572.8641,1523.7534,49.1108,-0.825,-1.2772,-0.043204,0.053901,0.2799,-0.0987,0.2799,-0.016903,0.0651,-0.2,1
980929,Gujarat Lions,Sunrisers Hyderabad,2016-04-21,Saurashtra Cricket Association Stadium,Sunrisers Hyderabad,field,1531.5982,1510.1601,21.4381,114.6596,-0.1415,0.013758,-0.013578,1.0931,5.312,1.0931,0.007834,0.5106,0.8,0
980931,Rising Pune Supergiants,Royal Challengers Bangalore,2016-04-22,Maharashtra Cricket Association Stadium,Rising Pune Supergiants,field,1491.3228,1515.1575,-23.8348,128.0328,-1.2764,-0.049241,0.020126,0.8663,4.4672,0.8663,-0.019359,-0.1667,-0.0667,0
980933,Delhi Daredevils,Mumbai Indians,2016-04-23,Feroz Shah Kotla,Mumbai Indians,field,1423.6983,1581.46,-157.7616,-0.9558,-0.8918,-0.015804,0.038908,0.76,-0.0554,0.76,-0.008905,-0.1439,0.2,1
980935,Sunrisers Hyderabad,Kings XI Punjab,2016-04-23,"Rajiv Gandhi International Stadium, Uppal",Sunrisers Hyderabad,field,1520.7763,1458.2832,62.4932,19.5233,0.6748,0.014662,-0.032978,0.1945,0.6565,0.1945,0.002054,0.0246,0.2,1
980937,Gujarat Lions,Royal Challengers Bangalore,2016-04-24,Saurashtra Cricket Association Stadium,Royal Challengers Bangalore,bat,1520.9819,1524.4726,-3.4907,129.4736,-1.7409,-0.053425,0.025824,0.665,4.2297,0.665,-0.020184,0.2459,0.35,1
980939,Rising Pune Supergiants,Kolkata Knight Riders,2016-04-24,Maharashtra Cricket Association Stadium,Kolkata Knight Riders,field,1482.0077,1580.245,-98.2373,134.7311,-0.2587,-0.025541,-0.002601,0.0455,3.979,0.0455,-0.016277,-0.2794,-0.35,0
980941,Kings XI Punjab,Mumbai Indians,2016-04-25,"Punjab Cricket Association IS Bindra Stadium, Mohali",Kings XI Punjab,field,1450.0627,1567.2075,-117.1448,-0.6415,-0.6219,-0.029972,0.008071,-0.7741,-0.0713,-0.7741,-0.006802,-0.0967,-0.2,0
980943,Sunrisers Hyderabad,Rising Pune Supergiants,2016-04-26,"Rajiv Gandhi International Stadium, Uppal",Rising Pune Supergiants,field,1528.9968,1474.7622,54.2346,-118.3388,0.2926,0.010663,0.019123,-0.382,-4.2,-0.382,0.000819,0.3102,0.4,0
980945,Delhi Daredevils,Gujarat Lions,2016-04-27,Feroz Shah Kotla,Delhi Daredevils,field,1437.9508,1531.0824,-93.1316,-136.45,-0.2335,0.0104,0.078312,0.6871,-3.75,0.6871,0.009565,-0.3667,0.0,0
980947,Mumbai Indians,Kolkata Knight Riders,2016-04-28,Wankhede Stadium,Mumbai Indians,field,1573.958,1587.4905,-13.5325,-1.0336,0.0525,-0.001902,0.035722,-0.0794,-0.0671,-0.0794,-0.000137,0.0381,-0.4,1
980949,Rising Pune Supergiants,Gujarat Lions,2016-04-29,Maharashtra Cricket Association Stadium,Gujarat Lions,field,1486.3106,1538.4643,-52.1536,-14.1666,-0.0956,-0.005672,0.026396,0.5431,1.3334,0.5431,0.011044,-0.5,-0.6,0
980951,Delhi Daredevils,Kolkata Knight Riders,2016-04-30,Feroz Shah Kotla,Kolkata Knight Riders,field,1430.5689,1577.1012,-146.5323,-0.8512,-0.4647,-0.010526,0.059706,0.4302,-0.0578,0.4302,-0.00572,-0.0991,0.0,1
980953,Sunrisers Hyderabad,Royal Challengers Bangalore,2016-04-30,"Rajiv Gandhi International Stadium, Uppal",Royal Challengers Bangalore,field,1517.4484,1514.3721,3.0762,15.0771,-1.36,-0.056625,0.061323,0.5719,0.4323,0.5719,-0.01039,0.0,0.2,1
980955,Gujarat Lions,Kings XI Punjab,2016-05-01,Saurashtra Cricket Association Stadium,Gujarat Lions,field,1546.9743,1443.3122,103.6621,145.3433,0.6424,0.02475,-0.064512,0.092,3.7235,0.092,-0.014298,0.3894,0.6,0
980957,Rising Pune Supergiants,Mumbai Indians,2016-05-01,Maharashtra Cricket Association Stadium,Mumbai Indians,field,1477.8006,1584.3473,-106.5468,132.4734,-0.1633,-0.022182,-0.050994,0.2987,5.4317,0.2987,0.000489,-0.2889,-0.4,0
980959,Royal Challengers Bangalore,Kolkata Knight Riders,2016-05-02,M Chinnaswamy Stadium,Kolkata Knight Riders,field,1504.4607,1563.1171,-58.6565,-0.0249,0.7274,0.010965,-0.02788,-0.536,-0.052,-0.536,0.000699,-0.0286,-0.4,0
980961,Gujarat Lions,Delhi Daredevils,2016-05-03,Saurashtra Cricket Association Stadium,Delhi Daredevils,field,1534.0762,1444.553,89.5232,141.2377,0.2145,-0.010532,-0.063182,-0.6669,4.3832,-0.6669,-0.010012,0.3156,-0.2,0
980963,Kolkata Knight Riders,Kings XI Punjab,2016-05-04,Eden Gardens,Kings XI Punjab,field,1571.4447,1456.2103,115.2344,1.1234,0.6865,0.033376,-0.046698,-0.1367,0.0962,-0.1367,0.003796,0.0565,0.2,1
980965,Delhi Daredevils,Rising Pune Supergiants,2016-05-05,Feroz Shah Kotla,Rising Pune Supergiants,field,1457.0741,1470.7746,-13.7005,-133.5915,-0.1977,0.016368,0.042385,0.4234,-4.8709,0.4234,0.007297,0.189,0.6,0
980967,Sunrisers Hyderabad,Gujarat Lions,2016-05-06,"Rajiv Gandhi International Stadium, Uppal",Sunrisers Hyderabad,field,1527.3598,1521.5551,5.8048,-123.9085,0.0727,-0.000694,0.03081,-0.085,-3.634,-0.085,0.006622,-0.1569,0.2,1
980969,Royal Challengers Bangalore,Rising Pune Supergiants,2016-05-07,M Chinnaswamy Stadium,Royal Challengers Bangalore,field,1496.1331,1480.3805,15.7526,-133.2539,0.8783,0.037781,-0.017826,-0.8319,-5.1191,-0.8319,0.001662,0.1588,-0.2,1
980971,Kings XI Punjab,Delhi Daredevils,2016-05-07,"Punjab Cricket Association IS Bindra Stadium, Mohali",Delhi Daredevils,field,1449.4105,1447.4682,1.9423,-0.8109,-0.5915,-0.034743,0.008865,-0.4543,-0.0709,-0.4543,-0.002221,0.0328,-0.4,1
980973,Mumbai Indians,Sunrisers Hyderabad,2016-05-08,Dr. Y.S. Rajasekhara Reddy ACA-VDCA Cricket Stadium,Mumbai Indians,field,1591.3733,1537.1928,54.1806,-14.6499,0.5491,0.033379,0.005897,-0.0916,-0.4994,-0.0916,-0.000265,0.0586,0.0,0
980975,Kolkata Knight Riders,Gujarat Lions,2016-05-08,Eden Gardens,Gujarat Lions,field,1578.2445,1511.7221,66.5224,-136.679,0.4203,0.018415,-0.02191,-0.0833,-4.0516,-0.0833,0.018029,-0.0677,0.2,0
980977,Kings XI Punjab,Royal Challengers Bangalore,2016-05-09,"Punjab Cricket Association IS Bindra Stadium, Mohali",Kings XI Punjab,field,1459.3546,1505.68,-46.3253,-2.5669,-1.598,-0.056127,0.07117,0.6273,-0.0709,0.6273,-0.005031,-0.0237,0.0,0
980979,Rising Pune Supergiants,Sunrisers Hyderabad,2016-05-10,Dr. Y.S. Rajasekhara Reddy ACA-VDCA Cricket Stadium,Sunrisers Hyderabad,bat,1470.8335,1548.7397,-77.9061,123.4208,0.6459,0.015234,-0.048236,-0.5468,4.3189,-0.5468,-0.002743,-0.2283,-0.4,0
980981,Royal Challengers Bangalore,Mumbai Indians,2016-05-11,M Chinnaswamy Stadium,Mumbai Indians,field,1514.3545,1579.8264,-65.4719,2.9329,1.0872,0.015314,-0.098078,-0.7391,0.0606,-0.7391,0.00353,-0.0735,-0.2,0
980983,Sunrisers Hyderabad,Delhi Daredevils,2016-05-12,"Rajiv Gandhi International Stadium, Uppal",Delhi Daredevils,field,1556.5342,1437.5241,119.0101,15.0721,-0.2429,-0.012203,0.02287,0.1994,0.6206,0.1994,0.001655,0.105,0.4,0
980985,Mumbai Indians,Kings XI Punjab,2016-05-13,Dr. Y.S. Rajasekhara Reddy ACA-VDCA Cricket Stadium,Mumbai Indians,bat,1587.964,1450.6802,137.2838,-0.561,0.5239,0.034582,0.02111,0.0053,-0.0412,0.0053,-0.004359,0.1078,0.4,0
980987,Royal Challengers Bangalore,Gujarat Lions,2016-05-14,M Chinnaswamy Stadium,Gujarat Lions,field,1506.2169,1523.6137,-17.3968,-121.8246,1.2456,0.0345,-0.061941,-0.9822,-3.6202,-0.9822,0.003594,-0.1403,0.0,1
980989,Kolkata Knight Riders,Rising Pune Supergiants,2016-05-14,Eden Gardens,Rising Pune Supergiants,bat,1566.3529,1463.039,103.3139,-125.3447,0.04,0.006398,-0.006891,0.1337,-4.2822,0.1337,0.012414,0.2553,0.2,1
980991,Kings XI Punjab,Sunrisers Hyderabad,2016-05-15,"Punjab Cricket Association IS Bindra Stadium, Mohali",Kings XI Punjab,bat,1464.4379,1543.2368,-78.7989,-14.3541,-0.0561,-0.008206,-0.016903,-0.7121,-0.6204,-0.7121,-0.003022,-0.0544,-0.2,0
980993,Mumbai Indians,Delhi Daredevils,2016-05-15,Dr. Y.S. Rajasekhara Reddy ACA-VDCA Cricket Stadium,Delhi Daredevils,field,1574.2062,1450.8216,123.3846,-1.2491,-0.329,-0.003371,0.042303,-0.1479,-0.1363,-0.1479,-0.011866,0.136,0.0,1
980995,Kolkata Knight Riders,Royal Challengers Bangalore,2016-05-16,Eden Gardens,Royal Challengers Bangalore,field,1573.4639,1516.7172,56.7467,-2.2206,-0.7805,-0.023395,0.01522,0.6121,0.0923,0.6121,0.008722,0.0317,0.0,0
980997,Rising Pune Supergiants,Delhi Daredevils,2016-05-17,Dr. Y.S. Rajasekhara Reddy ACA-VDCA Cricket Stadium,Rising Pune Supergiants,field,1455.928,1444.2307,11.6973,108.6024,-0.3675,-0.018199,2e-05,-0.2014,3.8294,-0.2014,-0.006125,-0.1831,-0.2,1
980999,Royal Challengers Bangalore,Kings XI Punjab,2016-05-18,M Chinnaswamy Stadium,Kings XI Punjab,field,1528.3362,1456.6678,71.6683,2.1023,1.3444,0.040863,-0.036251,-0.7443,-0.0187,-0.7443,-0.00155,0.0346,0.4,1
981001,Gujarat Lions,Kolkata Knight Riders,2016-05-19,Green Park,Gujarat Lions,field,1513.1134,1561.845,-48.7316,108.0591,-0.8681,-0.024598,0.061431,-0.4036,3.0276,-0.4036,-0.015344,0.0557,-0.4,1
981003,Delhi Daredevils,Sunrisers Hyderabad,2016-05-20,Shaheed Veer Narayan Singh International Stadium,Delhi Daredevils,field,1434.5673,1551.0069,-116.4396,-13.7846,0.2521,0.007171,-0.01852,-1.0856,-0.6339,-1.0856,-0.00439,-0.106,-0.6,1
981005,Rising Pune Supergiants,Kings XI Punjab,2016-05-21,Dr. Y.S. Rajasekhara Reddy ACA-VDCA Cricket Stadium,Kings XI Punjab,bat,1465.5914,1448.7019,16.8896,94.4633,-0.0252,0.000877,0.017604,0.3742,3.7492,0.3742,0.002742,-0.1579,0.0,1
981007,Gujarat Lions,Mumbai Indians,2016-05-21,Green Park,Gujarat Lions,field,1524.5069,1580.797,-56.2901,97.3049,-0.5378,-0.023726,-0.016696,-0.5782,2.8639,-0.5782,-0.007241,0.0399,-0.2,1
981009,Kolkata Knight Riders,Sunrisers Hyderabad,2016-05-22,Eden Gardens,Sunrisers Hyderabad,field,1550.4515,1537.7756,12.676,-14.3622,0.3639,0.010376,-0.041682,-1.0157,-0.5722,-1.0157,-0.000944,-0.0029,-0.2,1
981011,Delhi Daredevils,Royal Challengers Bangalore,2016-05-22,Shaheed Veer Narayan Singh International Stadium,Royal Challengers Bangalore,field,1447.7986,1536.3021,-88.5036,-2.3501,-1.8457,-0.056416,0.056922,0.4417,-0.0049,0.4417,-0.001395,-0.0735,-0.4,0
981013,Gujarat Lions,Royal Challengers Bangalore,2016-05-24,M Chinnaswamy Stadium,Royal Challengers Bangalore,field,1536.113,1543.8085,-7.6955,89.5601,-1.696,-0.041966,0.063797,-0.0008,3.1203,-0.0008,-0.010151,0.1316,-0.2,0
981015,Sunrisers Hyderabad,Kolkata Knight Riders,2016-05-25,Feroz Shah Kotla,Kolkata Knight Riders,field,1528.1402,1560.0869,-31.9466,13.9348,-0.5705,-0.011031,0.059469,0.881,0.5236,0.881,-0.000852,-0.0099,0.0,1
981017,Gujarat Lions,Sunrisers Hyderabad,2016-05-27,Feroz Shah Kotla,Sunrisers Hyderabad,field,1526.3345,1539.0572,-12.7227,69.6983,0.1091,0.013095,0.009877,-0.8597,2.6169,-0.8597,-0.005793,0.0746,0.2,0
981019,Royal Challengers Bangalore,Sunrisers Hyderabad,2016-05-29,M Chinnaswamy Stadium,Sunrisers Hyderabad,bat,1553.5871,1548.6911,4.8959,-12.3766,1.5579,0.04324,-0.044258,-0.7504,-0.5408,-0.7504,0.004661,-0.0184,0.4,0
1082591,Sunrisers Hyderabad,Royal Challengers Bangalore,2017-04-05,"Rajiv Gandhi International Stadium, Uppal",Royal Challengers Bangalore,field,1558.832,1543.4461,15.3859,12.0263,-1.6117,-0.045108,0.038986,0.716,0.5291,0.716,-0.005555,0.0299,-0.2,1
1082592,Rising Pune Supergiant,Mumbai Indians,2017-04-06,Maharashtra Cricket Association Stadium,Rising Pune Supergiant,field,1500.0,1569.1909,-69.1909,-10.9857,-8.109,-0.181898,-0.36819,8.1701,-0.3714,8.1701,-0.044674,-0.0714,0.1,1
1082593,Gujarat Lions,Kolkata Knight Riders,2017-04-07,Saurashtra Cricket Association Stadium,Kolkata Knight Riders,field,1516.7005,1549.1699,-32.4694,77.0327,-0.3942,0.014217,0.085507,0.0602,2.976,0.0602,-0.006521,0.0394,0.0,0
1082594,Kings XI Punjab,Rising Pune Supergiant,2017-04-08,Holkar Cricket Stadium,Kings XI Punjab,field,1439.1876,1511.9656,-72.778,-171.5758,-1.3247,-0.041856,0.06984,0.5506,-7.5833,0.5506,-0.019048,-0.5379,-0.8,1
1082595,Royal Challengers Bangalore,Delhi Daredevils,2017-04-08,M.Chinnaswamy Stadium,Royal Challengers Bangalore,bat,1533.8887,1440.2922,93.5965,1.6094,1.7294,0.060558,-0.021187,-0.2436,0.0695,-0.2436,0.009299,0.0766,0.2,1
1082596,Sunrisers Hyderabad,Gujarat Lions,2017-04-09,"Rajiv Gandhi International Stadium, Uppal",Sunrisers Hyderabad,field,1568.3895,1507.6323,60.7571,-56.3206,0.6638,0.004829,-0.05664,0.6705,-1.9782,0.6705,0.011525,0.019,0.4,1
1082597,Mumbai Indians,Kolkata Knight Riders,2017-04-09,Wankhede Stadium,Mumbai Indians,field,1557.2253,1558.2381,-1.0128,-0.0055,-0.0301,0.013872,0.070104,0.2534,-0.1176,0.2534,-0.011966,0.0407,0.0,1
1082598,Kings XI Punjab,Royal Challengers Bangalore,2017-04-10,Holkar Cricket Stadium,Royal Challengers Bangalore,bat,1451.2522,1541.2581,-90.0059,-1.1326,-1.0588,-0.041264,-0.029851,-0.346,-0.0898,-0.346,-0.013031,-0.0447,-0.2,1
1082599,Rising Pune Supergiant,Delhi Daredevils,2017-04-11,Maharashtra Cricket Association Stadium,Rising Pune Supergiant,field,1499.9009,1432.9228,66.9781,158.9695,1.1127,0.030184,-0.093229,-0.6965,5.5649,-0.6965,0.000435,0.0725,0.3,0
1082600,Mumbai Indians,Sunrisers Hyderabad,2017-04-12,Wankhede Stadium,Mumbai Indians,field,1567.2545,1576.6584,-9.4039,-14.0494,0.0488,0.010545,0.045216,-0.2343,-0.6567,-0.2343,-0.010065,0.0148,-0.6,1
1082601,Kolkata Knight Riders,Kings XI Punjab,2017-04-13,Eden Gardens,Kolkata Knight Riders,field,1548.209,1463.7863,84.4226,-0.193,-0.0243,-0.006932,-0.0076,-0.064,0.0364,-0.064,0.005277,0.0526,0.0,1
1082602,Royal Challengers Bangalore,Mumbai Indians,2017-04-14,M Chinnaswamy Stadium,Mumbai Indians,field,1528.724,1577.5251,-48.8011,1.57,0.8728,0.023147,-0.025665,-0.1047,0.1292,-0.1047,0.016275,-0.0662,-0.2,0
1082603,Gujarat Lions,Rising Pune Supergiant,2017-04-14,Saurashtra Cricket Association Stadium,Gujarat Lions,field,1499.3635,1487.9967,11.3668,-69.6111,-0.4373,0.012475,0.074089,0.5465,-2.9444,0.5465,-0.006319,0.1667,-0.1333,1
1082604,Kolkata Knight Riders,Sunrisers Hyderabad,2017-04-15,Eden Gardens,Sunrisers Hyderabad,field,1555.8258,1566.3878,-10.562,-13.9964,0.0333,-0.006212,-0.028066,-0.1238,-0.5177,-0.1238,0.000699,-0.0206,-0.2,1
1082605,Delhi Daredevils,Kings XI Punjab,2017-04-15,Feroz Shah Kotla,Delhi Daredevils,bat,1444.8271,1456.1695,-11.3424,-0.1013,-0.6697,-0.031695,0.0243,0.7392,0.0837,0.7392,0.010515,-0.0349,0.0,1
1082606,Mumbai Indians,Gujarat Lions,2017-04-16,Wankhede Stadium,Mumbai Indians,field,1586.1296,1509.0364,77.0932,-64.8355,0.1392,-0.011743,0.005761,0.6718,-2.2178,0.6718,0.00104,0.0501,0.4,1
1082607,Royal Challengers Bangalore,Rising Pune Supergiant,2017-04-16,M Chinnaswamy Stadium,Royal Challengers Bangalore,field,1520.1194,1478.3237,41.7957,-140.1277,0.863,0.037895,0.048994,1.0554,-4.2464,1.0554,0.021598,0.2536,-0.05,0
1082608,Delhi Daredevils,Kolkata Knight Riders,2017-04-17,Feroz Shah Kotla,Delhi Daredevils,bat,1455.1534,1566.1297,-110.9763,0.4123,-0.654,-0.020197,0.04258,0.414,0.0182,0.414,0.002675,-0.0938,0.0,0
1082609,Sunrisers Hyderabad,Kings XI Punjab,2017-04-17,"Rajiv Gandhi International Stadium, Uppal",Kings XI Punjab,field,1556.0839,1445.8432,110.2407,13.6716,0.1159,0.005464,0.013736,0.5945,0.6324,0.5945,0.01103,0.0753,0.2,1
1082610,Gujarat Lions,Royal Challengers Bangalore,2017-04-18,Saurashtra Cricket Association Stadium,Gujarat Lions,field,1501.2196,1508.9222,-7.7026,62.4571,-0.3352,0.009945,0.003925,-0.4403,1.9143,-0.4403,-0.017831,0.0,0.0,0
1082611,Sunrisers Hyderabad,Delhi Daredevils,2017-04-19,"Rajiv Gandhi International Stadium, Uppal",Sunrisers Hyderabad,bat,1563.0132,1448.2432,114.77,12.7463,0.4881,0.017435,-0.012666,-0.2355,0.6131,-0.2355,0.003958,0.1127,0.2,1
1082612,Kings XI Punjab,Mumbai Indians,2017-04-20,Holkar Cricket Stadium,Mumbai Indians,field,1438.9138,1593.9464,-155.0327,0.3936,0.1755,0.007163,-0.04797,-0.6222,0.0206,-0.6222,0.000612,-0.1194,-0.4,0
1082613,Kolkata Knight Riders,Gujarat Lions,2017-04-21,Eden Gardens,Gujarat Lions,field,1573.0399,1491.4413,81.5986,-60.5259,0.3138,-0.011265,-0.062862,1.003,-1.7535,1.003,0.010956,0.0571,0.6,0
1082614,Mumbai Indians,Delhi Daredevils,2017-04-22,Wankhede Stadium,Delhi Daredevils,field,1599.7586,1441.4314,158.3272,-0.2011,0.7465,0.020268,0.007148,-0.3065,-0.0957,-0.3065,-0.010193,0.1526,0.6,1
1082615,Rising Pune Supergiant,Sunrisers Hyderabad,2017-04-22,Maharashtra Cricket Association Stadium,Rising Pune Supergiant,field,1489.5209,1569.825,-80.3041,127.2806,-0.4089,-0.01471,-0.00567,-0.5678,4.5254,-0.5678,-0.012496,-0.1522,-0.2,1
1082616,Gujarat Lions,Kings XI Punjab,2017-04-23,Saurashtra Cricket Association Stadium,Gujarat Lions,field,1503.7476,1433.1016,70.646,61.423,0.3712,0.019732,-0.003698,0.1796,1.8412,0.1796,0.000703,0.0435,0.2,0
1082617,Kolkata Knight Riders,Royal Challengers Bangalore,2017-04-23,Eden Gardens,Royal Challengers Bangalore,field,1560.7336,1518.7005,42.033,0.3712,-0.0313,-0.006103,-0.069747,-0.1001,-0.0627,-0.1001,-0.010614,0.0259,0.2,1
1082618,Mumbai Indians,Rising Pune Supergiant,2017-04-24,Wankhede Stadium,Mumbai Indians,field,1605.4928,1501.792,103.7008,-144.6769,0.229,0.010132,0.045534,0.6278,-4.7926,0.6278,0.003131,0.085,0.6,0
1082620,Rising Pune Supergiant,Kolkata Knight Riders,2017-04-26,Maharashtra Cricket Association Stadium,Kolkata Knight Riders,field,1514.6911,1569.5296,-54.8385,144.3378,-0.0643,-0.000112,0.006213,-0.2687,5.075,-0.2687,-0.015055,0.0386,-0.2,0
1082621,Royal Challengers Bangalore,Gujarat Lions,2017-04-27,M Chinnaswamy Stadium,Gujarat Lions,field,1509.9045,1491.7419,18.1626,-61.0459,-0.72,-0.033376,0.052411,0.8914,-1.5435,0.8914,0.019588,0.0217,-0.2,0
1082622,Kolkata Knight Riders,Delhi Daredevils,2017-04-28,Eden Gardens,Kolkata Knight Riders,field,1577.9642,1435.6972,142.2671,0.6097,0.9699,0.022777,-0.060202,-0.4347,0.0515,-0.4347,0.006319,0.1097,0.4,1
1082623,Kings XI Punjab,Sunrisers Hyderabad,2017-04-28,"Punjab Cricket Association IS Bindra Stadium, Mohali",Kings XI Punjab,field,1445.1074,1557.554,-112.4466,-12.9973,-0.1241,0.002261,0.021694,-1.0681,-0.7057,-1.0681,-0.018744,-0.0837,-0.2,0
1082624,Rising Pune Supergiant,Royal Challengers Bangalore,2017-04-29,Maharashtra Cricket Association Stadium,Royal Challengers Bangalore,field,1506.2565,1499.3822,6.8744,148.035,0.5093,0.013039,-0.070098,-0.1411,4.7885,-0.1411,-0.013816,0.0035,0.4,1
1082626,Kings XI Punjab,Delhi Daredevils,2017-04-30,"Punjab Cricket Association IS Bindra Stadium, Mohali",Kings XI Punjab,field,1438.2354,1429.5774,8.658,0.0556,0.7391,0.031394,-1.1e-05,-1.6012,-0.1166,-1.6012,-0.014989,0.0337,0.0,1
1082627,Sunrisers Hyderabad,Kolkata Knight Riders,2017-04-30,"Rajiv Gandhi International Stadium, Uppal",Kolkata Knight Riders,field,1564.426,1584.0839,-19.658,13.2054,0.1779,-1.3e-05,-0.003617,-0.0332,0.547,-0.0332,0.000314,0.0111,-0.2,1
1082628,Mumbai Indians,Royal Challengers Bangalore,2017-05-01,Wankhede Stadium,Royal Challengers Bangalore,bat,1592.5936,1489.58,103.0136,1.4448,1.1971,0.041035,-0.049452,0.4606,-0.0178,0.4606,-0.003568,0.088,0.6,1
1082629,Rising Pune Supergiant,Gujarat Lions,2017-05-01,Maharashtra Cricket Association Stadium,Rising Pune Supergiant,field,1516.0587,1502.2641,13.7946,90.9444,-0.3415,-0.022429,-0.016965,0.7486,3.625,0.7486,0.004969,0.0556,0.4,1
1082630,Delhi Daredevils,Sunrisers Hyderabad,2017-05-02,Feroz Shah Kotla,Delhi Daredevils,field,1419.8266,1574.9912,-155.1646,-14.1917,-1.4647,-0.037977,0.068607,0.5116,-0.5868,0.5116,-0.004624,-0.1368,-0.8,1
1082631,Kolkata Knight Riders,Rising Pune Supergiant,2017-05-03,Eden Gardens,Rising Pune Supergiant,field,1573.5187,1525.6619,47.8569,-146.2571,0.5989,0.025958,-0.022168,-0.378,-5.6571,-0.378,0.002876,-0.0643,-0.2,0
1082632,Delhi Daredevils,Gujarat Lions,2017-05-04,Feroz Shah Kotla,Delhi Daredevils,field,1434.0176,1492.661,-58.6434,-53.3358,-0.8018,-0.029966,0.023487,0.9516,-1.5243,0.9516,0.009074,-0.0555,-0.2,1
1082633,Royal Challengers Bangalore,Kings XI Punjab,2017-05-05,M Chinnaswamy Stadium,Royal Challengers Bangalore,field,1482.4611,1447.9863,34.4748,-1.4609,-1.2598,-0.050684,0.051784,0.155,0.0243,0.155,0.005123,0.0287,-0.2,0
1082634,Sunrisers Hyderabad,Rising Pune Supergiant,2017-05-06,"Rajiv Gandhi International Stadium, Uppal",Sunrisers Hyderabad,field,1560.8002,1537.0307,23.7695,-116.1805,0.8782,0.021169,-0.051439,-0.285,-4.5878,-0.285,0.005344,-0.0871,-0.2,0
1082635,Delhi Daredevils,Mumbai Indians,2017-05-06,Feroz Shah Kotla,Delhi Daredevils,field,1445.6896,1599.7126,-154.023,0.5695,-0.1534,-0.004146,0.003963,-0.0618,0.0385,-0.0618,0.006436,-0.1553,-0.4,0
1082636,Royal Challengers Bangalore,Kolkata Knight Riders,2017-05-07,M Chinnaswamy Stadium,Kolkata Knight Riders,field,1471.472,1562.15,-90.6779,-2.4119,-1.4954,-0.05313,0.091085,0.5213,-0.0429,0.5213,-0.003371,-0.0456,-0.6,0
1082637,Kings XI Punjab,Gujarat Lions,2017-05-07,"Punjab Cricket Association IS Bindra Stadium, Mohali",Gujarat Lions,field,1458.9753,1480.9889,-22.0136,-53.0851,-0.5684,-0.008777,0.043986,1.0707,-1.3364,1.0707,0.00953,0.0033,0.2,0
1082638,Sunrisers Hyderabad,Mumbai Indians,2017-05-08,"Rajiv Gandhi International Stadium, Uppal",Mumbai Indians,bat,1550.1171,1605.5487,-55.4316,12.1706,0.046,-0.003135,-0.016658,-0.3385,0.5034,-0.3385,0.002294,-0.045,-0.4,1
1082639,Kings XI Punjab,Kolkata Knight Riders,2017-05-09,"Punjab Cricket Association IS Bindra Stadium, Mohali",Kolkata Knight Riders,field,1449.6081,1569.5977,-119.9897,-0.5457,-0.2056,-0.007291,0.023464,-0.0572,-0.0731,-0.0572,-0.009025,-0.0737,0.0,1
1082640,Gujarat Lions,Delhi Daredevils,2017-05-10,Green Park,Delhi Daredevils,field,1490.3562,1439.8535,50.5027,50.7305,0.7578,0.013786,-0.055038,-0.4796,1.4019,-0.4796,-0.007435,0.056,0.0,0
1082641,Mumbai Indians,Kings XI Punjab,2017-05-11,Wankhede Stadium,Mumbai Indians,field,1593.9667,1462.9306,131.0361,-0.1222,0.0905,-0.002583,-0.010934,0.7545,0.0217,0.7545,0.00413,0.1175,0.0,0
1082642,Delhi Daredevils,Rising Pune Supergiant,2017-05-12,Feroz Shah Kotla,Delhi Daredevils,bat,1451.2969,1547.7137,-96.4168,-116.8263,0.149,0.023102,0.02554,-1.0244,-5.162,-1.0244,-0.012644,-0.2371,-0.2,1
1082643,Gujarat Lions,Sunrisers Hyderabad,2017-05-13,Green Park,Sunrisers Hyderabad,field,1478.9127,1561.6992,-82.7864,38.3973,0.686,0.026517,-0.016471,-0.9587,1.0602,-0.9587,-0.009046,-0.0836,-0.2,0
1082644,Kolkata Knight Riders,Mumbai Indians,2017-05-13,Eden Gardens,Kolkata Knight Riders,field,1556.2752,1580.3644,-24.0892,0.2693,-0.1537,0.000564,-0.002236,-0.3839,0.045,-0.3839,0.003923,-0.0474,0.0,0
1082645,Rising Pune Supergiant,Kings XI Punjab,2017-05-14,Maharashtra Cricket Association Stadium,Rising Pune Supergiant,field,1535.0078,1476.5329,58.4748,110.3549,-0.4977,-0.017421,0.01818,0.871,4.9708,0.871,0.007259,0.1464,0.0,1
1082646,Delhi Daredevils,Royal Challengers Bangalore,2017-05-14,Feroz Shah Kotla,Royal Challengers Bangalore,bat,1464.0029,1464.0243,-0.0213,1.5324,1.0379,0.049119,-0.023585,-0.7572,-0.0524,-0.7572,-0.008792,-0.0494,0.8,0
1082647,Mumbai Indians,Rising Pune Supergiant,2017-05-16,Wankhede Stadium,Mumbai Indians,field,1589.6721,1543.3404,46.3317,-95.6653,0.5553,0.022026,-0.012995,-0.7271,-5.1209,-0.7271,-0.015861,-0.0612,-0.2,0
1082648,Sunrisers Hyderabad,Kolkata Knight Riders,2017-05-17,M Chinnaswamy Stadium,Kolkata Knight Riders,field,1569.3605,1546.9674,22.393,11.6211,0.2263,-0.003609,-0.022632,0.2686,0.5292,0.2686,0.005492,0.0263,0.4,0
1082649,Mumbai Indians,Kolkata Knight Riders,2017-05-19,M Chinnaswamy Stadium,Mumbai Indians,field,1578.3465,1557.6111,20.7354,0.5767,0.0541,-0.004894,-0.002082,0.1311,-0.0437,0.1311,-0.003902,0.0469,0.0,1
1082650,Mumbai Indians,Rising Pune Supergiant,2017-05-21,"Rajiv Gandhi International Stadium, Uppal",Mumbai Indians,bat,1587.7503,1554.6661,33.0842,-89.5742,0.3709,0.024807,0.00062,-0.479,-4.7268,-0.479,-0.011186,-0.0861,-0.4,1
1136561,Mumbai Indians,Chennai Super Kings,2018-04-07,Wankhede Stadium,Chennai Super Kings,field,1596.801,1584.8404,11.9606,-1.5103,0.3127,0.011344,-0.012014,0.4328,-0.0679,0.4328,0.003061,-0.0244,0.2,0
1136562,Delhi Daredevils,Kings XI Punjab,2018-04-08,Punjab Cricket Association IS Bindra Stadium,Kings XI Punjab,field,1454.0035,1468.2002,-14.1967,-0.259,-0.4788,-0.006376,0.041159,-0.6403,-0.0573,-0.6403,-0.008371,-0.0352,0.0,0
1136563,Royal Challengers Bangalore,Kolkata Knight Riders,2018-04-08,Eden Gardens,Kolkata Knight Riders,field,1474.0237,1548.2072,-74.1835,-0.4901,-0.9206,-0.042256,0.0204,-0.0488,0.0284,-0.0488,0.003421,-0.0409,-0.2,0
1136564,Rajasthan Royals,Sunrisers Hyderabad,2018-04-09,Rajiv Gandhi International Stadium,Sunrisers Hyderabad,field,1525.7607,1558.7168,-32.9561,-8.2596,-0.4784,-0.014419,0.026293,-0.1913,-0.4635,-0.1913,-0.019223,-0.0116,0.0,0
1136565,Kolkata Knight Riders,Chennai Super Kings,2018-04-10,MA Chidambaram Stadium,Chennai Super Kings,field,1556.1039,1595.1845,-39.0807,-1.5857,0.6565,0.029607,-0.019944,-0.3799,-0.1144,-0.3799,-0.007223,-0.0801,-0.2,0
1136566,Rajasthan Royals,Delhi Daredevils,2018-04-11,Sawai Mansingh Stadium,Delhi Daredevils,field,1516.7064,1444.4119,72.2945,3.0084,-0.1596,-0.013693,-0.0318,0.568,0.0741,0.568,-0.002865,0.1028,-0.2,1
1136567,Mumbai Indians,Sunrisers Hyderabad,2018-04-12,Rajiv Gandhi International Stadium,Sunrisers Hyderabad,field,1586.4569,1567.7711,18.6857,-11.3906,-0.5004,-0.009425,0.041608,0.3499,-0.4416,0.3499,-0.001271,0.027,0.0,0
1136568,Kings XI Punjab,Royal Challengers Bangalore,2018-04-13,M.Chinnaswamy Stadium,Royal Challengers Bangalore,field,1477.7919,1466.127,11.6649,1.4555,1.3136,0.044958,-0.051945,-0.1749,-0.0418,-0.1749,-0.005191,-0.0138,0.4,0
1136569,Mumbai Indians,Delhi Daredevils,2018-04-14,Wankhede Stadium,Delhi Daredevils,field,1575.9196,1436.4632,139.4563,0.0722,-0.2261,-0.004604,0.008296,1.4836,0.1485,1.4836,0.021558,0.1512,0.0,0
1136570,Kolkata Knight Riders,Sunrisers Hyderabad,2018-04-14,Eden Gardens,Sunrisers Hyderabad,field,1547.224,1578.3084,-31.0844,-10.6781,0.0284,0.004071,0.030982,-0.4976,-0.5245,-0.4976,-0.015225,-0.0314,-0.4,0
1136571,Rajasthan Royals,Royal Challengers Bangalore,2018-04-15,M.Chinnaswamy Stadium,Royal Challengers Bangalore,field,1524.6551,1476.4626,48.1925,3.9729,0.5132,0.007441,-0.045952,-0.4305,-0.054,-0.4305,-0.016928,0.0478,0.0,1
1136572,Kings XI Punjab,Chennai Super Kings,2018-04-15,Punjab Cricket Association IS Bindra Stadium,Chennai Super Kings,field,1467.4562,1604.0644,-136.6082,-1.1351,0.6304,0.026922,-0.028926,-0.1067,-0.0719,-0.1067,-0.000282,-0.1474,0.0,1
1136573,Kolkata Knight Riders,Delhi Daredevils,2018-04-16,Eden Gardens,Delhi Daredevils,field,1538.1163,1450.2746,87.8417,-0.2775,-0.3539,-0.014568,0.008445,0.8067,0.0427,0.8067,0.004256,0.0949,0.0,1
1136574,Mumbai Indians,Royal Challengers Bangalore,2018-04-17,Wankhede Stadium,Royal Challengers Bangalore,field,1562.1082,1467.8409,94.2673,0.7011,0.7072,0.029488,0.001539,0.5686,-0.0018,0.5686,0.001411,0.0889,0.0,1
1136575,Rajasthan Royals,Kolkata Knight Riders,2018-04-18,Sawai Mansingh Stadium,Kolkata Knight Riders,field,1533.2769,1545.6405,-12.3637,3.7894,-0.1202,-0.018145,-0.052461,-0.7742,-0.0135,-0.7742,-0.011336,0.0118,0.2,0
1136576,Kings XI Punjab,Sunrisers Hyderabad,2018-04-19,Punjab Cricket Association IS Bindra Stadium,Kings XI Punjab,bat,1481.1973,1587.4161,-106.2188,-9.4427,0.3304,0.00655,-0.00038,-0.5381,-0.5466,-0.5381,-0.014582,-0.0943,-0.2,1
1136577,Chennai Super Kings,Rajasthan Royals,2018-04-20,Maharashtra Cricket Association Stadium,Rajasthan Royals,field,1590.3234,1523.6326,66.6908,-2.0649,-0.3064,-0.011498,0.022148,0.6601,0.0443,0.6601,0.00678,0.0751,0.2,1
1136578,Kolkata Knight Riders,Kings XI Punjab,2018-04-21,Eden Gardens,Kings XI Punjab,field,1555.2848,1494.1627,61.1221,-0.5373,-0.173,0.006714,0.038401,-0.0814,0.0239,-0.0814,0.003459,0.0565,0.0,0
1136579,Delhi Daredevils,Royal Challengers Bangalore,2018-04-21,M.Chinnaswamy Stadium,Royal Challengers Bangalore,field,1442.7503,1460.4894,-17.7391,0.3489,1.2992,0.052951,-0.014232,-0.4212,-0.0032,-0.4212,-0.004235,-0.0546,-0.2,0
1136580,Chennai Super Kings,Sunrisers Hyderabad,2018-04-22,Rajiv Gandhi International Stadium,Sunrisers Hyderabad,field,1598.4271,1574.4507,23.9764,-7.1339,0.2571,0.001857,-0.002463,-0.4979,-0.3556,-0.4979,-0.004381,0.0549,0.0,1
1136581,Mumbai Indians,Rajasthan Royals,2018-04-22,Sawai Mansingh Stadium,Mumbai Indians,bat,1569.4596,1515.5288,53.9308,-3.5008,-0.084,0.016129,0.055418,0.9643,-0.0097,0.9643,0.009059,0.0456,0.0,0
1136582,Kings XI Punjab,Delhi Daredevils,2018-04-23,Arun Jaitley Stadium,Delhi Daredevils,field,1505.904,1433.2605,72.6436,0.6652,0.0045,-0.014119,-0.012854,0.6982,-0.0117,0.6982,0.000279,0.054,0.6,1
1136583,Sunrisers Hyderabad,Mumbai Indians,2018-04-24,Wankhede Stadium,Mumbai Indians,field,1565.1397,1557.9197,7.22,8.5359,-0.4323,-0.024054,-0.03311,0.321,0.3714,0.321,0.000814,-0.0214,0.4,1
1136584,Royal Challengers Bangalore,Chennai Super Kings,2018-04-25,M.Chinnaswamy Stadium,Chennai Super Kings,field,1469.9793,1607.7381,-137.7588,-1.908,-0.4506,-0.015452,0.0048,-0.3262,-0.0745,-0.3262,-0.002031,-0.1311,-0.4,0
1136585,Sunrisers Hyderabad,Kings XI Punjab,2018-04-26,Rajiv Gandhi International Stadium,Kings XI Punjab,field,1574.9319,1513.8431,61.0888,6.7905,-1.213,-0.031144,0.040442,1.3349,0.4966,1.3349,0.015591,0.0753,-0.2,1
1136586,Delhi Daredevils,Kolkata Knight Riders,2018-04-27,Arun Jaitley Stadium,Kolkata Knight Riders,field,1425.3214,1543.5435,-118.2221,-0.4838,-0.1478,-5.9e-05,-0.005662,-0.5854,0.0051,-0.5854,-0.004396,-0.1063,-0.2,1
1136587,Chennai Super Kings,Mumbai Indians,2018-04-28,Maharashtra Cricket Association Stadium,Mumbai Indians,field,1613.9686,1548.1275,65.841,3.4714,1.1722,0.015642,-0.09412,-1.0295,0.0358,-1.0295,-0.006351,0.0497,0.6,0
1136588,Sunrisers Hyderabad,Rajasthan Royals,2018-04-29,Sawai Mansingh Stadium,Sunrisers Hyderabad,bat,1583.1915,1527.0687,56.1228,4.0204,-0.6301,-0.007375,0.035554,1.8279,0.4659,1.8279,0.020482,0.0277,0.0,1
1136589,Royal Challengers Bangalore,Kolkata Knight Riders,2018-04-29,M.Chinnaswamy Stadium,Kolkata Knight Riders,field,1463.7488,1530.2663,-66.5175,0.8135,0.0762,-0.011275,-0.050171,-0.3495,0.0366,-0.3495,0.001397,-0.0424,0.0,0
1136590,Chennai Super Kings,Delhi Daredevils,2018-04-30,Maharashtra Cricket Association Stadium,Delhi Daredevils,field,1602.0959,1438.5986,163.4973,2.3394,0.1154,-0.009669,-0.022827,-0.2028,0.0288,-0.2028,-0.00265,0.1893,0.2,1
1136591,Royal Challengers Bangalore,Mumbai Indians,2018-05-01,M.Chinnaswamy Stadium,Mumbai Indians,field,1455.6403,1560.0002,-104.3599,1.6572,0.8133,0.009754,-0.078476,-1.4083,-0.0421,-1.4083,-0.007163,-0.0932,-0.2,1
1136592,Delhi Daredevils,Rajasthan Royals,2018-05-02,Arun Jaitley Stadium,Rajasthan Royals,field,1432.9853,1518.6702,-85.6849,-2.2451,0.8496,0.04495,0.00964,-0.0557,-0.007,-0.0557,0.006933,-0.1078,-0.2,1
1136593,Chennai Super Kings,Kolkata Knight Riders,2018-05-03,Eden Gardens,Kolkata Knight Riders,field,1607.7092,1538.3748,69.3343,3.0496,0.5746,0.006213,-0.056526,-0.2952,0.0849,-0.2952,4.6e-05,0.0899,0.2,0
1136594,Kings XI Punjab,Mumbai Indians,2018-05-04,Holkar Cricket Stadium,Mumbai Indians,field,1505.5835,1547.0837,-41.5002,1.0892,0.7234,0.009564,-0.057102,-0.6056,-0.0852,-0.6056,-0.013868,-0.09,0.4,0
1136595,Royal Challengers Bangalore,Chennai Super Kings,2018-05-05,Maharashtra Cricket Association Stadium,Chennai Super Kings,field,1468.5568,1595.7396,-127.1828,-2.2012,-0.5388,-0.022571,0.010521,0.1072,-0.0191,0.1072,0.004394,-0.1307,-0.2,0
1136596,Delhi Daredevils,Sunrisers Hyderabad,2018-05-05,Rajiv Gandhi International Stadium,Delhi Daredevils,bat,1445.4027,1591.5901,-146.1875,-6.6167,1.5172,0.048827,-0.031637,-1.8967,-0.4447,-1.8967,-0.009346,-0.1415,-0.2,0
1136597,Mumbai Indians,Kolkata Knight Riders,2018-05-06,Wankhede Stadium,Kolkata Knight Riders,field,1555.8949,1550.3444,5.5505,-1.338,-0.7646,-0.022694,0.029219,0.9376,0.0823,0.9376,0.009479,0.0407,-0.2,1
1136598,Rajasthan Royals,Kings XI Punjab,2018-05-06,Holkar Cricket Stadium,Kings XI Punjab,field,1506.2528,1496.7723,9.4805,2.384,-0.2438,-0.024697,-0.036819,-0.6083,0.0756,-0.6083,0.001445,0.0506,-0.4,0
1136599,Sunrisers Hyderabad,Royal Challengers Bangalore,2018-05-07,Rajiv Gandhi International Stadium,Royal Challengers Bangalore,field,1597.6144,1462.0622,135.5522,6.1763,-1.1041,-0.035905,0.025065,1.6661,0.3853,1.6661,0.0069,0.0937,0.4,1
1136600,Rajasthan Royals,Kings XI Punjab,2018-05-08,Sawai Mansingh Stadium,Rajasthan Royals,bat,1495.98,1507.0451,-11.0651,2.4209,-0.1732,-0.024025,-0.053956,-0.8523,0.0144,-0.8523,-0.005529,0.0429,-0.4,1
1136601,Mumbai Indians,Kolkata Knight Riders,2018-05-09,Eden Gardens,Kolkata Knight Riders,field,1565.7351,1540.5041,25.231,-1.3789,-0.7441,-0.024247,0.025614,0.8458,0.082,0.8458,0.010953,0.0467,0.2,1
1136602,Delhi Daredevils,Sunrisers Hyderabad,2018-05-10,Arun Jaitley Stadium,Delhi Daredevils,bat,1439.3784,1603.8995,-164.5211,-6.4185,1.5667,0.051697,-0.037495,-1.9704,-0.4234,-1.9704,-0.005359,-0.1544,-0.6,0
1136603,Chennai Super Kings,Rajasthan Royals,2018-05-11,Sawai Mansingh Stadium,Chennai Super Kings,bat,1602.2342,1506.2984,95.9359,0.547,0.9911,0.049376,0.018641,-0.1446,0.0325,-0.1446,0.004745,0.0901,0.2,0
1136604,Kolkata Knight Riders,Kings XI Punjab,2018-05-12,Holkar Cricket Stadium,Kings XI Punjab,field,1531.229,1496.7267,34.5023,0.6259,0.2855,0.025937,0.033758,-1.0542,-0.0791,-1.0542,-0.00672,0.0479,0.0,1
1136605,Delhi Daredevils,Royal Challengers Bangalore,2018-05-12,Arun Jaitley Stadium,Royal Challengers Bangalore,field,1433.7888,1455.7771,-21.9883,0.0062,0.7615,0.031331,-0.010412,-0.3867,-0.0313,-0.3867,-0.002986,-0.0553,0.2,0
1136606,Sunrisers Hyderabad,Chennai Super Kings,2018-05-13,Maharashtra Cricket Association Stadium,Chennai Super Kings,field,1609.489,1589.5411,19.948,4.7188,-1.3983,-0.048901,0.023906,1.5122,0.2974,1.5122,0.000164,-0.0285,0.6,0
1136607,Mumbai Indians,Rajasthan Royals,2018-05-13,Wankhede Stadium,Rajasthan Royals,field,1575.0102,1518.9915,56.0187,-2.8432,-0.1624,0.025765,0.089074,0.8618,0.0011,0.8618,0.011328,0.0469,0.4,0
1136608,Kings XI Punjab,Royal Challengers Bangalore,2018-05-14,Holkar Cricket Stadium,Royal Challengers Bangalore,field,1487.7166,1465.1451,22.5715,-0.3657,-0.0602,-0.000362,0.007145,0.2409,0.0302,0.2409,0.00277,-0.0067,-0.2,0
1136609,Rajasthan Royals,Kolkata Knight Riders,2018-05-15,Eden Gardens,Kolkata Knight Riders,field,1530.59,1540.2392,-9.6492,1.8732,-0.2754,-0.042222,-0.074334,0.5359,0.0884,0.5359,-0.002595,0.0064,0.0,0
1136610,Mumbai Indians,Kings XI Punjab,2018-05-16,Wankhede Stadium,Kings XI Punjab,field,1563.4117,1477.0678,86.3439,0.2173,0.1233,0.014466,0.020072,0.5958,0.0261,0.5958,0.004941,0.103,0.4,1
1136611,Royal Challengers Bangalore,Sunrisers Hyderabad,2018-05-17,M.Chinnaswamy Stadium,Sunrisers Hyderabad,field,1475.7938,1598.9155,-123.1217,-7.4864,0.8133,0.030868,-0.004183,-1.0057,-0.2979,-1.0057,0.002187,-0.0934,-0.2,1
1136612,Delhi Daredevils,Chennai Super Kings,2018-05-18,Arun Jaitley Stadium,Chennai Super Kings,field,1424.4209,1600.1146,-175.6937,-1.3252,0.0628,0.005419,0.015445,-0.5147,-0.077,-0.5147,-0.003114,-0.196,-0.4,1
1136613,Rajasthan Royals,Royal Challengers Bangalore,2018-05-19,Sawai Mansingh Stadium,Rajasthan Royals,bat,1520.8677,1489.1963,31.6714,1.9543,-0.5549,-0.026809,-0.015716,0.0405,0.0571,0.0405,-0.004499,0.0431,0.0,1
1136614,Sunrisers Hyderabad,Kolkata Knight Riders,2018-05-19,Rajiv Gandhi International Stadium,Sunrisers Hyderabad,bat,1585.513,1549.9616,35.5514,7.2686,-0.8067,-0.05504,-0.046658,1.2273,0.259,1.2273,-0.006864,0.0399,0.0,0
1136615,Delhi Daredevils,Mumbai Indians,2018-05-20,Arun Jaitley Stadium,Delhi Daredevils,bat,1439.0867,1570.9764,-131.8898,1.1317,0.5852,0.011091,-0.039504,-0.9217,-0.0525,-0.9217,-0.009455,-0.1536,-0.4,1
1136616,Kings XI Punjab,Chennai Super Kings,2018-05-20,Maharashtra Cricket Association Stadium,Chennai Super Kings,field,1469.5031,1585.4488,-115.9457,-2.6225,-0.6538,-0.022391,0.016689,-0.0403,-0.0352,-0.0403,0.003172,-0.143,-0.2,0
1136617,Sunrisers Hyderabad,Chennai Super Kings,2018-05-22,Wankhede Stadium,Chennai Super Kings,field,1574.4933,1592.2302,-17.7369,6.1372,-0.4897,-0.016587,-0.005108,0.7062,0.242,0.7062,-0.000847,-0.0493,-0.2,0
1136618,Kolkata Knight Riders,Rajasthan Royals,2018-05-23,Eden Gardens,Rajasthan Royals,field,1560.9813,1529.9586,31.0227,-1.4499,0.5677,0.05106,0.052722,-0.8543,-0.1,-0.8543,-6e-05,0.0,-0.2,1
1136619,Sunrisers Hyderabad,Kolkata Knight Riders,2018-05-25,Eden Gardens,Kolkata Knight Riders,field,1565.0034,1570.0907,-5.0873,6.628,-0.8717,-0.049735,-0.029046,1.357,0.3584,1.357,0.005368,0.0214,-0.6,1
1136620,Sunrisers Hyderabad,Chennai Super Kings,2018-05-27,Wankhede Stadium,Chennai Super Kings,field,1575.1498,1601.7201,-26.5703,6.3128,-0.2729,-0.009122,-0.020682,0.3644,0.2675,0.3644,0.001605,-0.0534,-0.4,0
1175356,Royal Challengers Bangalore,Chennai Super Kings,2019-03-23,MA Chidambaram Stadium,Chennai Super Kings,field,1480.1054,1610.9569,-130.8515,-1.2149,0.2892,0.010767,-0.01116,0.0061,-0.0454,0.0061,0.000368,-0.1349,-0.2,0
1175357,Sunrisers Hyderabad,Kolkata Knight Riders,2019-03-24,Eden Gardens,Kolkata Knight Riders,field,1565.9131,1559.9443,5.9688,7.6633,-0.2449,-0.03225,-0.063483,0.5132,0.2105,0.5132,-0.005249,0.0234,-0.6,0
1175358,Delhi Capitals,Mumbai Indians,2019-03-24,Wankhede Stadium,Mumbai Indians,field,1500.0,1557.3527,-57.3527,-9.2647,-7.9949,-0.177665,-0.379019,8.2262,-0.3706,8.2262,-0.053985,-0.0706,-0.1,1
1175359,Kings XI Punjab,Rajasthan Royals,2019-03-25,Sawai Mansingh Stadium,Rajasthan Royals,field,1462.7216,1520.8492,-58.1275,-2.8502,-0.2975,0.002145,0.036749,-0.4441,-0.0994,-0.4441,0.001068,-0.0646,-0.6,1
1175360,Delhi Capitals,Chennai Super Kings,2019-03-26,Arun Jaitley Stadium,Delhi Capitals,bat,1511.6359,1617.3592,-105.7233,196.8639,2.5693,0.107898,-0.068516,-1.0605,8.551,-1.0605,0.020982,0.381,0.2,0
1175361,Kolkata Knight Riders,Kings XI Punjab,2019-03-27,Eden Gardens,Kings XI Punjab,field,1570.1161,1474.3792,95.7369,0.9553,0.9246,0.05327,0.02345,-0.2594,-0.0232,-0.2594,-0.0061,0.0679,0.6,1
1175362,Mumbai Indians,Royal Challengers Bangalore,2019-03-28,M.Chinnaswamy Stadium,Royal Challengers Bangalore,field,1545.7168,1473.7031,72.0138,0.3011,0.1147,0.011856,0.010129,-0.4396,0.0252,-0.4396,0.004707,0.0888,-0.2,1
1175363,Rajasthan Royals,Sunrisers Hyderabad,2019-03-29,Rajiv Gandhi International Stadium,Rajasthan Royals,bat,1509.1916,1555.7413,-46.5497,-6.0557,-0.2554,-0.012803,0.012633,0.4144,-0.1053,0.4144,0.006688,-0.0253,0.2,0
1175364,Mumbai Indians,Kings XI Punjab,2019-03-30,Punjab Cricket Association IS Bindra Stadium,Kings XI Punjab,field,1553.6733,1467.0671,86.6062,0.295,0.547,0.026398,0.00517,0.3521,-0.0328,0.3521,-0.004345,0.1068,0.2,0
1175366,Sunrisers Hyderabad,Royal Challengers Bangalore,2019-03-31,Rajiv Gandhi International Stadium,Royal Challengers Bangalore,field,1564.4095,1465.7466,98.6628,9.212,0.719,0.01727,-0.056386,-1.1005,0.1676,-1.1005,-0.00921,0.0776,0.0,1
1175367,Chennai Super Kings,Rajasthan Royals,2019-03-31,MA Chidambaram Stadium,Rajasthan Royals,field,1624.4068,1500.5234,123.8834,-2.3819,-0.8761,-0.017858,0.068441,0.9152,0.0176,0.9152,0.008025,0.1025,0.8,1
1175368,Kings XI Punjab,Delhi Capitals,2019-04-01,Punjab Cricket Association IS Bindra Stadium,Delhi Capitals,field,1479.5094,1504.5883,-25.0789,-163.8129,-0.4582,-0.03557,0.00335,-0.9362,-6.1319,-0.9362,-0.001889,-0.0337,-0.1,1
1175369,Royal Challengers Bangalore,Rajasthan Royals,2019-04-02,Sawai Mansingh Stadium,Rajasthan Royals,field,1458.5124,1493.9453,-35.4329,-3.7364,-0.5996,-0.004167,0.058201,0.3235,-0.0848,0.3235,0.001045,-0.0425,0.0,0
1175370,Mumbai Indians,Chennai Super Kings,2019-04-03,Wankhede Stadium,Chennai Super Kings,field,1541.2309,1630.9849,-89.754,0.1463,1.0376,0.039333,-0.04111,-1.1855,-0.1644,-1.1855,-0.013976,-0.0577,-0.6,1
1175371,Delhi Capitals,Sunrisers Hyderabad,2019-04-04,Arun Jaitley Stadium,Sunrisers Hyderabad,field,1493.8677,1571.6437,-77.7759,143.9193,-0.7778,0.000617,0.061599,0.5104,6.7754,0.5104,0.017041,-0.2246,-0.2667,0
1175372,Royal Challengers Bangalore,Kolkata Knight Riders,2019-04-05,M.Chinnaswamy Stadium,Kolkata Knight Riders,field,1449.5287,1577.4283,-127.8995,-2.07,-1.2991,-0.053078,0.000744,0.767,-0.0526,0.767,-0.004796,-0.0667,-0.8,0
1178393,Chennai Super Kings,Kings XI Punjab,2019-04-06,MA Chidambaram Stadium,Chennai Super Kings,bat,1618.4576,1490.23,128.2276,-0.0921,-0.8085,-0.020765,0.05604,1.3093,0.0443,1.3093,-0.002149,0.1505,0.2,1
1178394,Mumbai Indians,Sunrisers Hyderabad,2019-04-06,Rajiv Gandhi International Stadium,Sunrisers Hyderabad,field,1553.7583,1579.4417,-25.6835,-7.977,0.0005,0.012316,0.03907,-0.0798,-0.2672,-0.0798,-0.000611,0.0065,-0.2,1
1178395,Royal Challengers Bangalore,Delhi Capitals,2019-04-07,M.Chinnaswamy Stadium,Delhi Capitals,field,1443.0522,1486.0696,-43.0174,-144.3473,0.1604,-0.001176,-0.00468,-0.5208,-6.4326,-0.5208,-0.012018,0.2171,-0.25,0
1178396,Rajasthan Royals,Kolkata Knight Riders,2019-04-07,Sawai Mansingh Stadium,Kolkata Knight Riders,field,1502.9289,1583.9048,-80.9758,1.6602,-0.6592,-0.044558,-0.038534,0.6912,0.0696,0.6912,-0.001038,-0.0206,-0.6,0
1178397,Sunrisers Hyderabad,Kings XI Punjab,2019-04-08,Punjab Cricket Association IS Bindra Stadium,Kings XI Punjab,field,1568.7039,1483.7618,84.9421,7.4478,0.3516,0.010499,-0.010562,0.9067,0.2653,0.9067,-0.00192,0.09,0.0,0
1178398,Kolkata Knight Riders,Chennai Super Kings,2019-04-09,MA Chidambaram Stadium,Chennai Super Kings,field,1591.6154,1624.9258,-33.3104,0.7857,1.619,0.060475,-0.03598,-1.2636,-0.0937,-1.2636,-0.008146,-0.0803,0.0,0
1178399,Kings XI Punjab,Mumbai Indians,2019-04-10,Wankhede Stadium,Mumbai Indians,field,1496.159,1564.4962,-68.3371,-0.1256,-0.3138,-0.022916,-0.029306,-0.8175,0.0002,-0.8175,-0.001082,-0.1015,0.0,0
1178400,Rajasthan Royals,Chennai Super Kings,2019-04-11,Sawai Mansingh Stadium,Chennai Super Kings,field,1495.2183,1633.97,-138.7517,2.9595,1.0264,0.02156,-0.0771,-1.4014,-0.0865,-1.4014,-0.015421,-0.1101,-0.6,0
1178401,Kolkata Knight Riders,Delhi Capitals,2019-04-12,Eden Gardens,Delhi Capitals,field,1582.5712,1494.8378,87.7334,-140.3222,1.182,0.035392,0.002196,-0.5982,-6.6766,-0.5982,-0.013989,0.1389,0.4,0
1178402,Mumbai Indians,Rajasthan Royals,2019-04-13,Wankhede Stadium,Rajasthan Royals,field,1572.5543,1489.0123,83.5419,-1.8798,0.6201,0.031885,0.02676,0.0831,-0.0687,0.0831,0.002901,0.0628,0.6,0
1178403,Kings XI Punjab,Royal Challengers Bangalore,2019-04-13,Punjab Cricket Association IS Bindra Stadium,Royal Challengers Bangalore,field,1488.101,1434.2841,53.8169,0.6386,0.1041,-0.004559,-0.014707,-0.2548,0.0496,-0.2548,0.008061,0.0028,0.6,0
1178404,Kolkata Knight Riders,Chennai Super Kings,2019-04-14,Eden Gardens,Chennai Super Kings,field,1570.0984,1640.176,-70.0776,0.7366,1.3938,0.053441,-0.022882,-1.1735,-0.1854,-1.1735,-0.019967,-0.0918,-0.2,0
1178405,Delhi Capitals,Sunrisers Hyderabad,2019-04-14,Rajiv Gandhi International Stadium,Sunrisers Hyderabad,field,1507.3106,1556.3066,-48.996,138.7211,-0.1503,0.014675,0.025355,-0.1326,6.398,-0.1326,0.009574,-0.051,-0.2,1
1178406,Royal Challengers Bangalore,Mumbai Indians,2019-04-15,Wankhede Stadium,Mumbai Indians,field,1445.8208,1560.195,-114.3742,-0.8325,-0.4913,-0.016274,-0.011388,0.2361,-0.0095,0.2361,-0.00274,-0.1031,-0.4,0
1178407,Kings XI Punjab,Rajasthan Royals,2019-04-16,Punjab Cricket Association IS Bindra Stadium,Rajasthan Royals,field,1476.5643,1501.3716,-24.8073,-1.8179,0.3296,0.010232,-0.011487,-0.1443,-0.0312,-0.1443,0.004131,-0.0504,0.0,1
1178408,Chennai Super Kings,Sunrisers Hyderabad,2019-04-17,Rajiv Gandhi International Stadium,Chennai Super Kings,bat,1648.1859,1544.9057,103.2802,-6.5548,-0.7512,-0.009602,0.069516,0.6,-0.1552,0.6,0.00841,0.0844,0.4,0
1178409,Mumbai Indians,Delhi Capitals,2019-04-18,Arun Jaitley Stadium,Mumbai Indians,bat,1567.017,1518.7116,48.3055,-144.1725,0.6099,0.014091,0.008712,-0.9281,-7.1084,-0.9281,-0.015059,0.0016,0.2,1
1178410,Royal Challengers Bangalore,Kolkata Knight Riders,2019-04-19,Eden Gardens,Kolkata Knight Riders,field,1438.9988,1562.0885,-123.0897,-0.6448,-0.655,-0.02892,-0.032138,-0.3974,-0.0016,-0.3974,0.000257,-0.0678,-0.2,1
1178411,Mumbai Indians,Rajasthan Royals,2019-04-20,Sawai Mansingh Stadium,Rajasthan Royals,field,1575.6356,1490.6587,84.9768,-2.3321,0.4143,0.029025,0.031129,0.302,-0.0534,0.302,0.005081,0.0645,0.4,0
1178412,Kings XI Punjab,Delhi Capitals,2019-04-20,Arun Jaitley Stadium,Delhi Capitals,field,1487.2771,1510.093,-22.816,-139.73,0.6139,0.006147,-0.026461,-0.8362,-6.7818,-0.8362,-0.011905,-0.0325,-0.2,0
1178413,Kolkata Knight Riders,Sunrisers Hyderabad,2019-04-21,Rajiv Gandhi International Stadium,Sunrisers Hyderabad,field,1548.6868,1557.7937,-9.1069,-5.6476,0.5101,0.039951,0.073865,-0.9015,-0.3506,-0.9015,-0.015672,-0.0206,-0.2,0
1178414,Royal Challengers Bangalore,Chennai Super Kings,2019-04-21,M.Chinnaswamy Stadium,Chennai Super Kings,field,1452.4004,1635.2978,-182.8974,0.1095,0.7106,0.019155,-0.053608,-1.5029,-0.1697,-1.5029,-0.019002,-0.158,-0.4,1
1178415,Rajasthan Royals,Delhi Capitals,2019-04-22,Sawai Mansingh Stadium,Delhi Capitals,field,1503.0569,1519.4373,-16.3803,-138.5,0.3535,-0.003564,-0.031138,-0.9556,-6.756,-0.9556,-0.01814,-0.0411,-0.4,0
1178416,Sunrisers Hyderabad,Chennai Super Kings,2019-04-23,MA Chidambaram Stadium,Chennai Super Kings,field,1567.5317,1620.4714,-52.9398,6.5011,1.3198,0.026125,-0.092342,-0.5012,0.1221,-0.5012,-0.011258,-0.0673,-0.2,0
1178417,Royal Challengers Bangalore,Kings XI Punjab,2019-04-24,M.Chinnaswamy Stadium,Kings XI Punjab,field,1467.2268,1477.9328,-10.706,-0.7057,-0.428,-0.009072,0.0156,-0.0951,-0.0563,-0.0951,-0.006751,0.0062,0.2,1
1178418,Kolkata Knight Riders,Rajasthan Royals,2019-04-25,Eden Gardens,Rajasthan Royals,field,1538.9489,1493.5281,45.4208,-2.1301,0.3057,0.028644,0.081459,0.0417,-0.1204,0.0417,-0.008455,0.0155,-0.4,0
1178419,Mumbai Indians,Chennai Super Kings,2019-04-26,MA Chidambaram Stadium,Chennai Super Kings,field,1563.2374,1628.9594,-65.722,0.0726,1.057,0.035563,-0.032979,-0.7441,-0.0505,-0.7441,0.000493,-0.052,0.0,1
1178420,Sunrisers Hyderabad,Rajasthan Royals,2019-04-27,Sawai Mansingh Stadium,Rajasthan Royals,field,1559.0437,1504.828,54.2157,3.2091,-0.0952,-0.017112,-0.008652,1.2949,0.2355,1.2949,0.007741,0.0347,-0.2,0
1178421,Delhi Capitals,Royal Challengers Bangalore,2019-04-28,Arun Jaitley Stadium,Delhi Capitals,bat,1528.9661,1477.5349,51.4313,144.5526,-0.5126,-0.009754,0.02147,1.2241,6.6936,1.2241,0.014546,0.126,0.0,1
1178422,Kolkata Knight Riders,Mumbai Indians,2019-04-28,Eden Gardens,Mumbai Indians,field,1527.6489,1575.1068,-47.4578,0.5264,0.3176,0.02414,0.049763,-1.0359,-0.1553,-1.0359,-0.025542,-0.0513,-0.6,1
1178423,Sunrisers Hyderabad,Kings XI Punjab,2019-04-29,Rajiv Gandhi International Stadium,Kings XI Punjab,field,1547.4958,1467.6248,79.871,4.8419,-0.2967,-0.026203,-0.023573,1.3035,0.2532,1.3035,0.00412,0.0817,0.2,1
1178425,Chennai Super Kings,Delhi Capitals,2019-05-01,MA Chidambaram Stadium,Delhi Capitals,field,1617.09,1537.4966,79.5934,-129.0926,-0.5778,-0.023538,0.040406,0.298,-5.8021,0.298,-0.006726,-0.0161,-0.4,1
1178427,Kings XI Punjab,Kolkata Knight Riders,2019-05-03,Punjab Cricket Association IS Bindra Stadium,Kolkata Knight Riders,field,1459.884,1539.0065,-79.1225,-0.2919,-0.5456,-0.03784,-0.055578,0.2549,0.0886,0.2549,0.011161,-0.0667,0.0,0
1178428,Rajasthan Royals,Delhi Capitals,2019-05-04,Arun Jaitley Stadium,Rajasthan Royals,bat,1516.3759,1529.7482,-13.3723,-111.6525,0.4476,0.008729,-0.021128,-0.5593,-5.305,-0.5593,-0.013429,-0.0656,0.0,0
1178429,Sunrisers Hyderabad,Royal Challengers Bangalore,2019-05-04,M.Chinnaswamy Stadium,Royal Challengers Bangalore,field,1555.2366,1469.0045,86.2321,4.8405,-0.3279,-0.032561,-0.019436,1.8678,0.328,1.8678,0.011354,0.0768,0.0,0
1178430,Chennai Super Kings,Kings XI Punjab,2019-05-05,Punjab Cricket Association IS Bindra Stadium,Kings XI Punjab,field,1624.8384,1452.1227,172.7156,-0.7283,-1.0544,-0.02688,0.044578,1.4778,0.0951,1.4778,0.0102,0.166,0.2,0
1178431,Kolkata Knight Riders,Mumbai Indians,2019-05-05,Wankhede Stadium,Mumbai Indians,field,1546.7677,1563.7493,-16.9816,0.4468,0.3745,0.027752,0.040179,-0.8238,-0.1048,-0.8238,-0.017688,-0.0427,-0.2,0
1181764,Chennai Super Kings,Mumbai Indians,2019-05-07,MA Chidambaram Stadium,Chennai Super Kings,bat,1610.2399,1573.2609,36.979,0.2014,-0.8508,-0.030219,0.001249,0.3576,0.0096,0.3576,-0.005237,0.045,-0.2,0
1181766,Sunrisers Hyderabad,Delhi Capitals,2019-05-08,Dr. Y.S. Rajasekhara Reddy ACA-VDCA Cricket Stadium,Delhi Capitals,field,1542.8044,1539.3635,3.4409,-97.9297,0.0208,-0.020255,-0.031237,0.1191,-4.6594,0.1191,-0.006969,-0.0725,-0.4,0
1181767,Delhi Capitals,Chennai Super Kings,2019-05-10,Dr. Y.S. Rajasekhara Reddy ACA-VDCA Cricket Stadium,Chennai Super Kings,field,1549.4625,1599.1796,-49.717,97.3417,0.5771,0.022883,-0.01639,-0.3512,4.6987,-0.3512,0.00679,0.028,0.4,0
1181768,Mumbai Indians,Chennai Super Kings,2019-05-12,Rajiv Gandhi International Stadium,Mumbai Indians,bat,1584.3212,1607.7583,-23.4371,-0.4046,0.7308,0.023522,-0.001254,-0.113,-0.0226,-0.113,0.002259,-0.0412,0.2,1
1216492,Mumbai Indians,Chennai Super Kings,2020-09-19,Sheikh Zayed Stadium,Chennai Super Kings,field,1594.9948,1597.0847,-2.09,-0.2665,0.8491,0.022704,-0.018311,-0.2937,-0.0445,-0.2937,-0.00182,-0.0351,0.4,0
1216534,Royal Challengers Bangalore,Sunrisers Hyderabad,2020-09-21,Dubai International Cricket Stadium,Sunrisers Hyderabad,field,1481.4367,1532.7053,-51.2687,-4.0128,0.8728,0.046981,-0.015824,-1.0481,-0.2423,-1.0481,-0.003092,-0.0634,0.6,1
1216496,Rajasthan Royals,Chennai Super Kings,2020-09-22,Sharjah Cricket Stadium,Chennai Super Kings,field,1506.7606,1607.0246,-100.264,2.0519,0.4486,0.013455,-0.026762,-0.7638,-0.0188,-0.7638,-0.009588,-0.1018,0.2,1
1216508,Mumbai Indians,Kolkata Knight Riders,2020-09-23,Sheikh Zayed Stadium,Kolkata Knight Riders,field,1585.0549,1537.2561,47.7988,-0.6771,-0.2127,-0.02253,-0.050345,0.8844,0.1047,0.8844,0.017033,0.0496,0.2,1
1216510,Kings XI Punjab,Royal Challengers Bangalore,2020-09-24,Dubai International Cricket Stadium,Royal Challengers Bangalore,field,1466.7212,1492.9017,-26.1805,-0.3469,-0.3678,-0.009314,0.049275,-0.0914,-0.0879,-0.0914,-0.013625,-0.0175,-0.6,1
1216539,Delhi Capitals,Chennai Super Kings,2020-09-25,Dubai International Cricket Stadium,Chennai Super Kings,field,1540.8838,1594.2163,-53.3325,89.7939,0.0523,0.002316,-0.009303,0.0793,4.0728,0.0793,0.000265,-0.0121,0.2,1
1216545,Sunrisers Hyderabad,Kolkata Knight Riders,2020-09-26,Sheikh Zayed Stadium,Sunrisers Hyderabad,bat,1521.2403,1528.6232,-7.3829,5.0753,-0.1207,-0.040464,-0.104058,1.0824,0.2941,1.0824,0.010413,0.01,-0.2,0
1216527,Kings XI Punjab,Rajasthan Royals,2020-09-27,Sharjah Cricket Stadium,Rajasthan Royals,field,1477.4733,1519.5689,-42.0956,-1.4161,0.5287,0.017944,-0.001151,-0.107,-0.0677,-0.107,-0.001122,-0.0546,-0.2,0
1216532,Sunrisers Hyderabad,Delhi Capitals,2020-09-29,Sheikh Zayed Stadium,Delhi Capitals,field,1511.4528,1552.4069,-40.9541,-78.206,0.2244,-0.016643,-0.048041,-0.3417,-3.669,-0.3417,-0.008866,-0.0972,-0.4,1
1216504,Kolkata Knight Riders,Rajasthan Royals,2020-09-30,Dubai International Cricket Stadium,Rajasthan Royals,field,1538.4108,1528.3632,10.0476,-2.4863,-0.2412,0.006598,0.049617,-0.2456,-0.1252,-0.2456,-0.007264,0.0046,-0.2,1
1216503,Mumbai Indians,Kings XI Punjab,2020-10-01,Sheikh Zayed Stadium,Kings XI Punjab,field,1593.6878,1468.679,125.0088,-1.7153,-0.8841,-0.030688,0.027214,1.5852,0.0351,1.5852,0.007852,0.1173,0.4,1
1216516,Sunrisers Hyderabad,Chennai Super Kings,2020-10-02,Dubai International Cricket Stadium,Sunrisers Hyderabad,bat,1522.6261,1582.6932,-60.0671,5.2388,0.4706,-0.009396,-0.072716,0.0886,0.1463,0.0886,-0.005144,-0.0763,-0.2,1
1216514,Rajasthan Royals,Royal Challengers Bangalore,2020-10-03,Sheikh Zayed Stadium,Rajasthan Royals,bat,1518.6523,1482.1496,36.5027,2.354,0.1966,0.005019,0.026342,-0.1426,0.0265,-0.1426,-0.00545,0.0426,0.0,0
1216515,Delhi Capitals,Kolkata Knight Riders,2020-10-03,Sharjah Cricket Stadium,Kolkata Knight Riders,field,1541.2336,1548.1216,-6.8881,77.0417,-0.6391,-0.031006,-0.02887,0.945,3.3129,0.945,0.008144,0.0601,0.0,1
1216513,Kings XI Punjab,Chennai Super Kings,2020-10-04,Dubai International Cricket Stadium,Kings XI Punjab,bat,1462.1294,1570.9813,-108.8519,0.8679,1.1462,0.037131,-0.038248,-1.1761,-0.0834,-1.1761,-0.009662,-0.1472,0.2,0
1216538,Mumbai Indians,Sunrisers Hyderabad,2020-10-04,Sharjah Cricket Stadium,Mumbai Indians,bat,1600.2374,1534.338,65.8994,-5.9177,0.0257,0.022261,0.056507,0.6117,-0.158,0.6117,0.008496,0.0434,0.4,1
1216519,Delhi Capitals,Royal Challengers Bangalore,2020-10-05,Dubai International Cricket Stadium,Royal Challengers Bangalore,field,1551.4318,1493.1964,58.2354,78.0699,-0.2015,-0.004475,0.017099,0.6832,3.2185,0.6832,0.003265,0.1336,0.0,1
1216511,Mumbai Indians,Rajasthan Royals,2020-10-06,Sheikh Zayed Stadium,Mumbai Indians,bat,1608.363,1507.6055,100.7575,-2.6593,0.0093,0.00824,0.009566,1.1034,-0.0039,1.1034,0.011568,0.0683,0.4,1
1216501,Kolkata Knight Riders,Chennai Super Kings,2020-10-07,Sheikh Zayed Stadium,Kolkata Knight Riders,bat,1537.9234,1577.947,-40.0236,0.1447,0.6479,0.027211,0.022959,-1.0094,-0.1068,-1.0094,-0.012456,-0.082,0.0,1
1216542,Sunrisers Hyderabad,Kings XI Punjab,2020-10-08,Dubai International Cricket Stadium,Sunrisers Hyderabad,bat,1526.2123,1455.1638,71.0485,4.5376,-0.804,-0.042503,-0.020242,0.9478,0.1966,0.9478,0.00159,0.0764,0.0,1
1216500,Delhi Capitals,Rajasthan Royals,2020-10-09,Sharjah Cricket Stadium,Rajasthan Royals,field,1559.7712,1500.4269,59.3443,73.3226,0.0853,0.004281,-0.031389,0.9454,3.1472,0.9454,0.01418,0.1214,0.2,1
1216523,Kolkata Knight Riders,Kings XI Punjab,2020-10-10,Sheikh Zayed Stadium,Kolkata Knight Riders,bat,1549.0703,1447.1807,101.8896,-0.2911,-0.2709,-0.003692,0.026076,0.6204,-0.0015,0.6204,0.000298,0.0753,0.4,1
1216525,Royal Challengers Bangalore,Chennai Super Kings,2020-10-10,Dubai International Cricket Stadium,Royal Challengers Bangalore,bat,1484.857,1566.8001,-81.9431,-0.1298,0.3626,0.007249,-0.025528,-0.552,-0.0376,-0.552,-0.003099,-0.1287,0.4,1
1216507,Sunrisers Hyderabad,Rajasthan Royals,2020-10-11,Dubai International Cricket Stadium,Sunrisers Hyderabad,bat,1534.1954,1492.1185,42.0768,3.5471,-0.1006,-0.01664,-0.059663,0.7469,0.1822,0.7469,0.007242,0.0289,0.4,0
1216529,Delhi Capitals,Mumbai Indians,2020-10-11,Sheikh Zayed Stadium,Delhi Capitals,bat,1568.0795,1615.5417,-47.4621,70.3158,-0.2611,-0.013282,-0.017374,-0.0542,3.1368,-0.0542,-0.000199,0.0658,0.0,0
1216540,Royal Challengers Bangalore,Kolkata Knight Riders,2020-10-12,Sharjah Cricket Stadium,Royal Challengers Bangalore,bat,1497.1727,1556.219,-59.0462,-0.2607,-0.2651,-0.019978,-0.036591,-0.0075,0.0572,-0.0075,0.007405,-0.0526,-0.2,1
1216528,Chennai Super Kings,Sunrisers Hyderabad,2020-10-13,Dubai International Cricket Stadium,Chennai Super Kings,bat,1554.4843,1522.9902,31.4941,-5.4564,-0.457,0.003771,0.044247,0.0258,-0.1692,0.0258,0.000446,0.069,-0.4,1
1216543,Delhi Capitals,Rajasthan Royals,2020-10-14,Dubai International Cricket Stadium,Delhi Capitals,bat,1559.4372,1503.3237,56.1134,63.5845,0.1173,0.006316,-0.037772,1.1184,2.8958,1.1184,0.013628,0.1089,0.4,1
1216531,Royal Challengers Bangalore,Kings XI Punjab,2020-10-15,Sharjah Cricket Stadium,Royal Challengers Bangalore,bat,1508.856,1440.0321,68.824,-0.7258,-0.6536,-0.027072,-0.001961,1.2663,0.0924,1.2663,0.012562,0.0307,0.6,0
1216526,Kolkata Knight Riders,Mumbai Indians,2020-10-16,Sheikh Zayed Stadium,Kolkata Knight Riders,bat,1544.5357,1624.184,-79.6484,0.0015,-0.4707,-0.016947,0.012367,-0.8646,-0.0661,-0.8646,-0.012383,-0.0589,-0.4,0
1216509,Chennai Super Kings,Delhi Capitals,2020-10-17,Sharjah Cricket Stadium,Chennai Super Kings,bat,1563.5803,1567.836,-4.2556,-64.1566,-0.4439,-0.005953,0.038265,-0.7061,-2.8809,-0.7061,-0.004671,-0.0341,-0.4,0
1216522,Rajasthan Royals,Royal Challengers Bangalore,2020-10-17,Dubai International Cricket Stadium,Rajasthan Royals,bat,1494.9249,1496.9006,-1.9757,1.5956,-0.2173,-0.001522,0.054706,-0.4679,0.0115,-0.4679,-0.006549,0.0287,-0.4,0
1216533,Chennai Super Kings,Rajasthan Royals,2020-10-19,Sheikh Zayed Stadium,Chennai Super Kings,bat,1553.7028,1484.9818,68.7211,-1.1646,0.0777,0.010286,-0.005615,0.4124,0.055,0.4124,0.012373,0.0955,0.2,0
1216546,Delhi Capitals,Kings XI Punjab,2020-10-20,Dubai International Cricket Stadium,Delhi Capitals,bat,1577.7135,1451.9875,125.726,63.4692,-0.1974,-0.004411,-0.01367,1.4323,2.6257,1.4323,0.011203,0.1992,0.6,0
1216494,Kolkata Knight Riders,Royal Challengers Bangalore,2020-10-21,Sheikh Zayed Stadium,Kolkata Knight Riders,bat,1536.7888,1506.8438,29.945,-0.2295,-0.2478,0.012123,0.059046,-0.3509,-0.0929,-0.3509,-0.01295,0.0437,-0.2,0
1216518,Rajasthan Royals,Sunrisers Hyderabad,2020-10-22,Dubai International Cricket Stadium,Sunrisers Hyderabad,field,1496.9343,1513.8942,-16.9599,-3.3903,0.2099,0.012421,0.022318,-0.443,-0.2083,-0.443,-0.011335,-0.0197,0.0,0
1216521,Chennai Super Kings,Mumbai Indians,2020-10-23,Sharjah Cricket Stadium,Mumbai Indians,field,1541.7503,1631.9309,-90.1806,0.4776,-0.6407,-0.02683,0.00062,-1.03,-0.0085,-1.03,-0.00671,0.0069,-0.8,0
1216497,Kolkata Knight Riders,Delhi Capitals,2020-10-24,Sheikh Zayed Stadium,Delhi Capitals,field,1525.929,1564.2449,-38.3159,-62.0887,-1.2912,-0.029531,0.106269,-0.4355,-2.4547,-0.4355,-0.019201,-0.1033,-0.2,1
1216498,Kings XI Punjab,Sunrisers Hyderabad,2020-10-24,Dubai International Cricket Stadium,Sunrisers Hyderabad,field,1465.456,1523.4064,-57.9504,-4.134,0.8767,0.034049,-0.022228,-0.9377,-0.2328,-0.9377,-0.006325,-0.0744,0.0,1
1216541,Mumbai Indians,Rajasthan Royals,2020-10-25,Sheikh Zayed Stadium,Mumbai Indians,bat,1639.3921,1487.4221,151.97,-1.5214,0.8244,0.04073,-0.015082,1.2524,0.0713,1.2524,0.021005,0.0874,0.6,0
1216544,Royal Challengers Bangalore,Chennai Super Kings,2020-10-25,Dubai International Cricket Stadium,Royal Challengers Bangalore,bat,1517.7035,1534.2891,-16.5856,-0.5752,0.2449,-0.01107,-0.047513,0.8195,0.0608,0.8195,0.00953,-0.1083,0.6,0
1216520,Kolkata Knight Riders,Kings XI Punjab,2020-10-26,Sharjah Cricket Stadium,Kings XI Punjab,field,1537.0274,1477.1087,59.9187,-0.8626,-0.8918,-0.012878,0.062166,0.3943,-0.0628,0.3943,-0.008672,0.0653,-0.2,0
1216524,Sunrisers Hyderabad,Delhi Capitals,2020-10-27,Dubai International Cricket Stadium,Delhi Capitals,field,1511.7538,1553.1465,-41.3928,-53.6924,-0.7941,-0.025942,0.053854,0.2046,-2.1314,0.2046,-0.004948,-0.0741,0.0,1
1216499,Royal Challengers Bangalore,Mumbai Indians,2020-10-28,Sheikh Zayed Stadium,Mumbai Indians,field,1508.1805,1625.2771,-117.0966,-0.8599,-1.2696,-0.066555,-0.013223,0.0584,-0.0267,0.0584,-0.007431,-0.1065,-0.2,0
1216536,Kolkata Knight Riders,Chennai Super Kings,2020-10-29,Dubai International Cricket Stadium,Chennai Super Kings,field,1525.3197,1543.8121,-18.4924,-0.2732,0.1357,0.00629,0.005202,0.1525,-0.0377,0.1525,-0.003412,-0.0728,-0.2,0
1216537,Kings XI Punjab,Rajasthan Royals,2020-10-30,Sheikh Zayed Stadium,Rajasthan Royals,field,1488.8164,1501.537,-12.7206,-0.8391,0.6275,0.017071,-0.031267,-0.0651,0.0383,-0.0651,0.014348,-0.0445,0.4,0
1216502,Royal Challengers Bangalore,Sunrisers Hyderabad,2020-10-31,Sharjah Cricket Stadium,Sunrisers Hyderabad,field,1501.4288,1522.9396,-21.5108,-5.6549,-0.3423,-0.014841,0.001366,0.0451,-0.2621,0.0451,-0.010427,-0.0514,0.0,0
1216535,Delhi Capitals,Mumbai Indians,2020-10-31,Dubai International Cricket Stadium,Mumbai Indians,field,1541.9608,1632.0289,-90.0681,53.6667,-0.7455,-0.038915,-0.025947,-0.7625,2.0129,-0.7625,-0.004058,-0.0128,-0.4,0
1216506,Kings XI Punjab,Chennai Super Kings,2020-11-01,Sheikh Zayed Stadium,Chennai Super Kings,field,1479.1824,1553.2804,-74.098,0.1499,0.5933,0.003943,-0.034451,-0.7096,0.0132,-0.7096,0.003192,-0.1371,0.4,0
1216530,Kolkata Knight Riders,Rajasthan Royals,2020-11-01,Dubai International Cricket Stadium,Rajasthan Royals,field,1515.8515,1511.171,4.6804,-1.7592,-0.4372,-0.003334,0.042745,0.273,-0.0486,0.273,0.001542,0.009,-0.4,1
1216505,Royal Challengers Bangalore,Delhi Capitals,2020-11-02,Sheikh Zayed Stadium,Delhi Capitals,field,1492.0471,1534.4966,-42.4495,-51.1094,-0.5258,-0.027377,0.004925,1.0116,-1.854,1.0116,-0.00243,-0.0797,0.2,0
1216495,Mumbai Indians,Sunrisers Hyderabad,2020-11-03,Sharjah Cricket Stadium,Sunrisers Hyderabad,field,1639.4931,1532.3212,107.1719,-4.7533,0.8978,0.04449,-0.005056,0.0937,-0.2243,0.0937,0.000602,0.0579,0.2,0
1237177,Mumbai Indians,Delhi Capitals,2020-11-05,Dubai International Cricket Stadium,Delhi Capitals,field,1626.5027,1543.2808,83.2218,-45.8218,1.0927,0.05311,0.021747,0.6267,-1.7311,0.6267,0.002327,0.0174,0.4,1
1237178,Royal Challengers Bangalore,Sunrisers Hyderabad,2020-11-06,Sheikh Zayed Stadium,Sunrisers Hyderabad,field,1483.2629,1545.3116,-62.0488,-5.2331,-0.6725,-0.036158,-0.019084,0.0108,-0.2979,0.0108,-0.012525,-0.0644,-0.6,0
1237180,Delhi Capitals,Sunrisers Hyderabad,2020-11-08,Sheikh Zayed Stadium,Delhi Capitals,bat,1535.6314,1553.5445,-17.9131,37.9115,-0.5143,-0.017433,-0.006759,-1.1196,1.2359,-1.1196,-0.014629,0.01,-0.6,1
1237181,Delhi Capitals,Mumbai Indians,2020-11-10,Dubai International Cricket Stadium,Delhi Capitals,bat,1546.1465,1634.1521,-88.0057,40.9474,-1.345,-0.059007,-0.011279,-1.1148,1.397,-1.1148,-0.007594,-0.0242,-0.2,0
1254058,Mumbai Indians,Royal Challengers Bangalore,2021-04-09,"MA Chidambaram Stadium, Chepauk, Chennai",Royal Challengers Bangalore,field,1641.672,1475.03,166.6419,0.2333,1.1709,0.066885,0.019567,-0.2731,0.0211,-0.2731,0.005306,0.1221,0.8,0
1254059,Chennai Super Kings,Delhi Capitals,2021-04-10,"Wankhede Stadium, Mumbai",Delhi Capitals,field,1561.1794,1538.6267,22.5527,-39.0078,0.1012,0.011397,0.023484,0.6346,-1.3571,0.6346,0.000544,0.0505,0.2,0
1254060,Kolkata Knight Riders,Sunrisers Hyderabad,2021-04-11,"MA Chidambaram Stadium, Chepauk, Chennai",Sunrisers Hyderabad,field,1525.7168,1543.0293,-17.3126,-4.298,-0.3262,0.004215,0.03369,-0.8224,-0.3362,-0.8224,-0.020006,-0.0159,-0.4,1
1254061,Punjab Kings,Rajasthan Royals,2021-04-12,"Wankhede Stadium, Mumbai",Rajasthan Royals,field,1500.0,1501.3057,-1.3057,-9.5577,-7.8063,-0.164921,-0.359511,8.7296,-0.3141,8.7296,-0.041281,-0.0064,-0.1,1
1254062,Mumbai Indians,Kolkata Knight Riders,2021-04-13,"MA Chidambaram Stadium, Chepauk, Chennai",Kolkata Knight Riders,field,1627.2125,1536.2146,90.9978,-0.3277,0.9109,0.024291,-0.035796,0.3316,0.0519,0.3316,0.009798,0.0662,0.0,1
1254063,Royal Challengers Bangalore,Sunrisers Hyderabad,2021-04-14,"MA Chidambaram Stadium, Chepauk, Chennai",Sunrisers Hyderabad,field,1489.4895,1532.5315,-43.0419,-4.6546,-0.4794,-0.028503,-0.02241,0.119,-0.2486,0.119,-0.007281,-0.0591,-0.4,1
1254064,Delhi Capitals,Rajasthan Royals,2021-04-15,"Wankhede Stadium, Mumbai",Rajasthan Royals,field,1549.2749,1491.2681,58.0068,36.938,-0.4771,-0.018573,-0.012469,-0.1862,1.2377,-0.1862,0.000438,0.0593,0.2,0
1254065,Punjab Kings,Chennai Super Kings,2021-04-16,"Wankhede Stadium, Mumbai",Chennai Super Kings,field,1510.0376,1550.5312,-40.4936,206.7191,3.2867,0.102215,-0.081329,-2.5137,6.7191,-2.5137,0.014085,0.4045,0.4,0
1254066,Mumbai Indians,Sunrisers Hyderabad,2021-04-17,"MA Chidambaram Stadium, Chepauk, Chennai",Mumbai Indians,bat,1634.6516,1521.2989,113.3527,-4.3218,0.6233,0.03072,-0.00368,-0.038,-0.2493,-0.038,-0.004948,0.0635,0.2,1
1254067,Royal Challengers Bangalore,Kolkata Knight Riders,2021-04-18,"MA Chidambaram Stadium, Chepauk, Chennai",Royal Challengers Bangalore,bat,1500.7221,1528.7755,-28.0534,-0.5852,-0.2771,-0.038911,-0.058953,0.3251,0.0195,0.3251,0.00315,-0.0447,0.0,1
1254068,Punjab Kings,Delhi Capitals,2021-04-18,"Wankhede Stadium, Mumbai",Delhi Capitals,field,1501.1978,1537.6207,-36.4228,114.197,0.4911,0.024082,0.061653,-0.1624,3.8939,-0.1624,0.005315,-0.0455,0.1,0
1254069,Chennai Super Kings,Rajasthan Royals,2021-04-19,"Wankhede Stadium, Mumbai",Rajasthan Royals,field,1559.3709,1502.9224,56.4486,-2.0868,-0.858,-0.027061,0.040816,0.6717,-0.0546,0.6717,-0.000487,0.0915,0.2,1
1254070,Mumbai Indians,Delhi Capitals,2021-04-20,"MA Chidambaram Stadium, Chepauk, Chennai",Mumbai Indians,bat,1641.5001,1546.5762,94.9239,-36.3486,0.5159,0.019227,0.017087,1.4734,-1.2027,1.4734,0.011379,0.0353,0.2,0
1254071,Punjab Kings,Sunrisers Hyderabad,2021-04-21,"MA Chidambaram Stadium, Chepauk, Chennai",Punjab Kings,bat,1492.2423,1514.4504,-22.2081,156.3387,0.7357,0.032783,-0.002081,-2.1994,4.4597,-2.1994,-0.009818,-0.1909,0.1333,0
1254072,Chennai Super Kings,Kolkata Knight Riders,2021-04-21,"Wankhede Stadium, Mumbai",Kolkata Knight Riders,field,1567.7604,1517.9698,49.7906,0.386,0.1797,-0.008624,-0.022686,0.346,0.0379,0.346,0.003731,0.0817,0.4,1
1254073,Rajasthan Royals,Royal Challengers Bangalore,2021-04-22,"Wankhede Stadium, Mumbai",Royal Challengers Bangalore,field,1494.5329,1511.5278,-16.9948,2.4487,0.768,0.038982,0.008941,-1.2203,0.0397,-1.2203,-0.00527,0.0239,-0.2,0
1254074,Mumbai Indians,Punjab Kings,2021-04-23,"MA Chidambaram Stadium, Chepauk, Chennai",Punjab Kings,field,1628.834,1482.8807,145.9533,-145.7525,0.2256,0.006454,-0.012659,1.1453,-3.6995,1.1453,0.015619,0.3411,0.35,0
1254075,Kolkata Knight Riders,Rajasthan Royals,2021-04-24,"Wankhede Stadium, Mumbai",Rajasthan Royals,field,1509.3931,1485.0217,24.3714,-1.7063,-0.3134,0.00262,0.040492,0.7401,-0.0459,0.7401,0.002029,0.0156,0.2,0
1254076,Chennai Super Kings,Royal Challengers Bangalore,2021-04-25,"Wankhede Stadium, Mumbai",Chennai Super Kings,bat,1576.337,1521.039,55.298,1.0171,0.3747,0.018205,0.032254,-0.5873,-0.0225,-0.5873,-0.006181,0.1203,0.0,1
1254078,Punjab Kings,Kolkata Knight Riders,2021-04-26,"Narendra Modi Stadium, Ahmedabad",Kolkata Knight Riders,field,1496.8507,1498.6928,-1.8421,140.1741,-0.1644,-0.018841,-0.017082,-0.1607,4.1306,-0.1607,-0.005768,-0.113,0.2,0
1254079,Royal Challengers Bangalore,Delhi Capitals,2021-04-27,"Narendra Modi Stadium, Ahmedabad",Delhi Capitals,field,1512.6173,1559.2423,-46.625,-35.0349,-0.2793,-0.01468,0.012886,0.5483,-1.2673,0.5483,0.003995,-0.092,0.2,1
1254080,Sunrisers Hyderabad,Chennai Super Kings,2021-04-28,"Arun Jaitley Stadium, Delhi",Sunrisers Hyderabad,bat,1523.8121,1584.7587,-60.9466,2.9359,-0.4148,-0.021883,-0.001627,0.551,0.2438,0.551,0.007166,-0.0764,-0.6,0
1254081,Rajasthan Royals,Mumbai Indians,2021-04-29,"Arun Jaitley Stadium, Delhi",Mumbai Indians,field,1495.722,1614.8639,-119.1419,2.3475,0.3781,0.021128,0.003248,-1.4466,0.0475,-1.4466,-0.004546,-0.0851,0.0,0
1254082,Kolkata Knight Riders,Delhi Capitals,2021-04-29,"Narendra Modi Stadium, Ahmedabad",Delhi Capitals,field,1508.6398,1547.9083,-39.2685,-34.3196,0.2643,0.030069,0.064412,0.3611,-1.307,0.3611,-0.000426,-0.0401,-0.4,0
1254083,Punjab Kings,Royal Challengers Bangalore,2021-04-30,"Narendra Modi Stadium, Ahmedabad",Royal Challengers Bangalore,field,1486.9037,1523.9513,-37.0476,135.5564,-0.2312,0.001882,0.052857,-0.0077,4.1872,-0.0077,-0.011792,-0.1488,-0.6,1
1254084,Chennai Super Kings,Mumbai Indians,2021-05-01,"Arun Jaitley Stadium, Delhi",Mumbai Indians,field,1593.0223,1621.5631,-28.5408,1.4834,0.5934,0.028559,0.014473,-0.5575,0.0395,-0.5575,0.001795,0.0164,0.4,0
1254085,Rajasthan Royals,Sunrisers Hyderabad,2021-05-02,"Arun Jaitley Stadium, Delhi",Sunrisers Hyderabad,field,1489.0228,1515.5485,-26.5257,-1.9003,0.3719,0.028581,0.001073,-1.5552,-0.2045,-1.5552,-0.010907,-0.0238,0.2,1
1254086,Punjab Kings,Delhi Capitals,2021-05-02,"Narendra Modi Stadium, Ahmedabad",Delhi Capitals,field,1497.966,1556.7828,-58.8168,105.0038,-0.6956,-0.019118,0.085015,0.3705,3.2973,0.3705,-0.007838,-0.139,-0.2,0
1254104,Chennai Super Kings,Mumbai Indians,2021-09-19,Dubai International Cricket Stadium,Chennai Super Kings,bat,1583.8419,1630.7435,-46.9016,1.557,0.853,0.035213,-0.004764,-0.2108,0.096,-0.2108,0.009149,0.0111,0.2,1
1254087,Royal Challengers Bangalore,Kolkata Knight Riders,2021-09-20,"Zayed Cricket Stadium, Abu Dhabi",Royal Challengers Bangalore,bat,1512.889,1499.7653,13.1237,-0.4996,-0.4848,-0.0388,-0.03865,0.1133,0.0394,0.1133,0.007229,-0.0332,0.4,0
1254111,Rajasthan Royals,Punjab Kings,2021-09-21,Dubai International Cricket Stadium,Punjab Kings,field,1499.7848,1489.6429,10.1419,-139.2377,0.8089,0.034523,-0.029273,-0.873,-4.388,-0.873,0.007343,0.1281,0.0,1
1254105,Sunrisers Hyderabad,Delhi Capitals,2021-09-22,Dubai International Cricket Stadium,Sunrisers Hyderabad,bat,1504.7865,1565.106,-60.3194,-30.6741,-0.8749,-0.039508,0.052726,0.5075,-1.1592,0.5075,-0.001638,-0.0592,-0.6,0
1254096,Mumbai Indians,Kolkata Knight Riders,2021-09-23,"Zayed Cricket Stadium, Abu Dhabi",Kolkata Knight Riders,field,1619.4017,1510.1428,109.2589,-0.1632,-0.2082,-0.027938,-0.036538,0.1602,-0.0262,0.1602,-0.002274,0.0741,0.0,0
1254113,Royal Challengers Bangalore,Chennai Super Kings,2021-09-24,Sharjah Cricket Stadium,Chennai Super Kings,field,1502.5114,1595.1837,-92.6723,-1.7803,-1.3489,-0.052849,0.015113,-0.1367,-0.0729,-0.1367,-0.006092,-0.1282,-0.4,0
1254097,Delhi Capitals,Rajasthan Royals,2021-09-25,"Zayed Cricket Stadium, Abu Dhabi",Rajasthan Royals,field,1573.3871,1509.493,63.8941,30.796,0.1534,-0.0044,-0.052307,0.8682,1.3386,0.8682,0.005889,0.0836,0.2,1
1254107,Punjab Kings,Sunrisers Hyderabad,2021-09-25,Sharjah Cricket Stadium,Sunrisers Hyderabad,field,1479.9347,1496.5054,-16.5707,140.8984,0.4333,0.021689,-0.000322,-0.1663,4.9036,-0.1663,0.001135,-0.1823,0.2,1
1254098,Kolkata Knight Riders,Chennai Super Kings,2021-09-26,"Zayed Cricket Stadium, Abu Dhabi",Kolkata Knight Riders,bat,1523.1878,1602.5779,-79.3901,-1.4321,-0.5291,-0.00536,0.033597,0.1324,-0.0458,0.1324,-0.003256,-0.0897,-0.2,0
1254108,Royal Challengers Bangalore,Mumbai Indians,2021-09-26,Dubai International Cricket Stadium,Mumbai Indians,field,1495.1173,1606.3567,-111.2394,0.0797,-0.2219,-0.008052,0.005605,-0.1617,0.0283,-0.1617,0.00362,-0.1118,-0.2,1
1254100,Rajasthan Royals,Sunrisers Hyderabad,2021-09-27,Dubai International Cricket Stadium,Rajasthan Royals,bat,1501.3115,1486.0288,15.2827,-1.3465,0.8185,0.046695,-0.010199,-0.8209,-0.055,-0.8209,0.005364,-0.0086,0.4,0
1254092,Delhi Capitals,Kolkata Knight Riders,2021-09-28,Sharjah Cricket Stadium,Kolkata Knight Riders,field,1581.5685,1515.4339,66.1346,31.4316,0.2096,-0.007154,-0.060368,0.225,1.2869,0.225,0.000609,0.0848,0.2,0
1254099,Punjab Kings,Mumbai Indians,2021-09-28,"Zayed Cricket Stadium, Abu Dhabi",Mumbai Indians,field,1490.4113,1593.2601,-102.8488,141.6909,0.188,0.006256,0.002135,0.1207,5.2464,0.1207,0.002933,-0.1837,0.0,0
1254103,Rajasthan Royals,Royal Challengers Bangalore,2021-09-29,Dubai International Cricket Stadium,Royal Challengers Bangalore,field,1490.872,1508.2139,-17.3419,2.2095,0.5115,0.022831,-0.018225,-0.5401,0.0207,-0.5401,-0.008117,0.0226,0.0,0
1254091,Sunrisers Hyderabad,Chennai Super Kings,2021-09-30,Sharjah Cricket Stadium,Chennai Super Kings,field,1496.4684,1610.3318,-113.8634,1.8994,-1.5569,-0.069008,0.020746,-0.0764,0.0364,-0.0764,-0.013069,-0.0942,-0.6,0
1254102,Kolkata Knight Riders,Punjab Kings,2021-10-01,Dubai International Cricket Stadium,Punjab Kings,field,1527.3147,1483.288,44.0267,-120.2425,0.7065,0.040854,0.015165,-0.173,-4.3956,-0.173,0.010009,0.154,0.2,0
1254089,Chennai Super Kings,Rajasthan Royals,2021-10-02,"Zayed Cricket Stadium, Abu Dhabi",Rajasthan Royals,field,1617.1671,1481.3707,135.7964,-0.387,0.8799,0.030774,0.002645,0.7845,0.0656,0.7845,0.013922,0.1147,0.4,0
1254112,Mumbai Indians,Delhi Capitals,2021-10-02,Sharjah Cricket Stadium,Delhi Capitals,field,1600.3834,1569.6876,30.6957,-30.2922,-0.8002,-0.031458,0.046551,-0.2945,-1.3669,-0.2945,-0.011208,0.0003,-0.4,0
1254090,Royal Challengers Bangalore,Punjab Kings,2021-10-03,Sharjah Cricket Stadium,Royal Challengers Bangalore,bat,1517.7152,1494.5485,23.1667,-114.3617,0.1656,0.018666,0.02133,-0.3941,-4.2683,-0.3941,0.00819,0.0633,0.0,1
1254109,Sunrisers Hyderabad,Kolkata Knight Riders,2021-10-03,Dubai International Cricket Stadium,Sunrisers Hyderabad,bat,1489.6332,1516.0543,-26.4211,3.3815,-0.9559,-0.055063,0.001334,-0.0017,0.0996,-0.0017,-0.007306,-0.0035,-0.4,0
1254110,Chennai Super Kings,Delhi Capitals,2021-10-04,Dubai International Cricket Stadium,Delhi Capitals,field,1603.4461,1580.5688,22.8773,-25.619,1.0629,0.03783,0.010799,-0.8492,-1.2407,-0.8492,0.000383,0.0133,0.0,0
1254093,Rajasthan Royals,Mumbai Indians,2021-10-05,Sharjah Cricket Stadium,Mumbai Indians,field,1495.0916,1589.5022,-94.4105,2.6472,0.7856,0.033479,-0.021643,-0.7518,0.0547,-0.7518,-0.000836,-0.0829,0.2,0
1254095,Sunrisers Hyderabad,Royal Challengers Bangalore,2021-10-06,"Zayed Cricket Stadium, Abu Dhabi",Royal Challengers Bangalore,field,1480.3922,1527.0494,-46.6572,2.6491,-0.9598,-0.043258,0.019258,0.6603,0.0879,0.6603,-0.010152,0.025,-0.4,1
1254094,Chennai Super Kings,Punjab Kings,2021-10-07,Dubai International Cricket Stadium,Punjab Kings,field,1592.7886,1485.2143,107.5743,-100.6457,1.3019,0.05637,-0.00675,-0.7437,-4.1194,-0.7437,0.004831,0.2207,0.2,0
1254106,Kolkata Knight Riders,Rajasthan Royals,2021-10-07,Sharjah Cricket Stadium,Rajasthan Royals,field,1525.2953,1487.744,37.5512,-2.1116,-0.0166,0.007897,0.02672,1.3457,0.0749,1.3457,0.016784,0.0204,0.4,1
1254088,Mumbai Indians,Sunrisers Hyderabad,2021-10-08,"Zayed Cricket Stadium, Abu Dhabi",Mumbai Indians,bat,1596.8498,1491.7271,105.1227,-3.5803,0.6217,0.026561,-0.007727,-0.2181,-0.1373,-0.2181,0.000911,0.0736,0.0,1
1254101,Delhi Capitals,Royal Challengers Bangalore,2021-10-08,Dubai International Cricket Stadium,Royal Challengers Bangalore,field,1591.2264,1515.7145,75.5119,26.6977,0.3547,0.006158,-0.045185,0.7681,1.2195,0.7681,0.001849,0.1245,0.2,0
1254114,Delhi Capitals,Chennai Super Kings,2021-10-10,Dubai International Cricket Stadium,Chennai Super Kings,field,1579.0865,1579.7877,-0.7011,23.8642,-0.6559,-0.028296,-0.009366,1.012,1.1456,1.012,0.002073,-0.0112,0.2,0
1254115,Royal Challengers Bangalore,Kolkata Knight Riders,2021-10-11,Sharjah Cricket Stadium,Royal Challengers Bangalore,bat,1527.8543,1534.2187,-6.3644,0.2283,-0.3535,-0.022232,0.008448,-1.141,-0.0855,-1.141,-0.013963,-0.037,0.2,0
1254116,Delhi Capitals,Kolkata Knight Riders,2021-10-13,Sharjah Cricket Stadium,Kolkata Knight Riders,field,1569.1067,1544.0355,25.0712,25.6486,0.0646,-0.010633,-0.026746,-0.5122,0.9861,-0.5122,-0.014041,0.0556,-0.4,0
1254117,Chennai Super Kings,Kolkata Knight Riders,2021-10-15,Dubai International Cricket Stadium,Kolkata Knight Riders,field,1589.7675,1554.7559,35.0116,1.5272,0.5787,0.020123,-0.01674,-1.5304,-0.0615,-1.5304,-0.013698,0.0797,-0.4,1
1304047,Chennai Super Kings,Kolkata Knight Riders,2022-03-26,"Wankhede Stadium, Mumbai",Kolkata Knight Riders,field,1598.7632,1545.7602,53.003,1.5563,0.5494,0.012686,-0.029167,-1.4402,-0.0302,-1.4402,-0.007326,0.0842,-0.4,0
1304048,Mumbai Indians,Delhi Capitals,2022-03-27,"Brabourne Stadium, Mumbai",Delhi Capitals,field,1603.9132,1558.3864,45.5268,-24.0856,0.4123,0.022659,0.017308,-0.774,-1.1208,-0.774,-0.007068,0.0217,0.2,0
1304049,Royal Challengers Bangalore,Punjab Kings,2022-03-27,"Dr DY Patil Sports Academy, Mumbai",Punjab Kings,field,1518.0375,1498.2152,19.8222,-96.5119,-0.4215,-0.007079,0.019148,-0.2361,-4.2206,-0.2361,-0.003235,0.0518,0.0,0
1304050,Lucknow Super Giants,Gujarat Titans,2022-03-28,"Wankhede Stadium, Mumbai",Gujarat Titans,field,1500.0,1500.0,0.0,0.0,0.0,0.0,0.0,0.0,0.0,0.0,0.0,0.0,0.0,0
1304051,Rajasthan Royals,Sunrisers Hyderabad,2022-03-29,"Maharashtra Cricket Association Stadium, Pune",Sunrisers Hyderabad,field,1478.8207,1484.6637,-5.843,-1.8099,0.4912,0.029975,0.016604,-0.6203,-0.1249,-0.6203,-0.003213,-0.0134,-0.2,1
1304052,Kolkata Knight Riders,Royal Challengers Bangalore,2022-03-30,"Dr DY Patil Sports Academy, Mumbai",Royal Challengers Bangalore,field,1557.274,1507.4675,49.8064,-0.0871,0.1324,0.005521,-0.002583,0.8611,0.0375,0.8611,0.003966,0.0463,0.4,0
1304053,Chennai Super Kings,Lucknow Super Giants,2022-03-31,"Brabourne Stadium, Mumbai",Lucknow Super Giants,field,1587.2493,1490.0,97.2493,-146.2165,-0.0544,-0.026371,-0.038081,0.0504,-4.6959,0.0504,0.009747,0.6031,0.4,0
1304054,Punjab Kings,Kolkata Knight Riders,2022-04-01,"Wankhede Stadium, Mumbai",Kolkata Knight Riders,field,1508.7851,1545.8502,-37.0651,93.7188,0.7658,0.009464,-0.048985,-0.8531,3.6096,-0.8531,-0.006403,-0.055,0.0,0
1304055,Rajasthan Royals,Mumbai Indians,2022-04-02,"Dr DY Patil Sports Academy, Mumbai",Mumbai Indians,field,1488.9888,1592.6103,-103.6215,1.8725,-0.302,-0.008998,0.024401,-0.4566,-0.0137,-0.4566,-0.00999,-0.087,-0.2,1
1304056,Gujarat Titans,Delhi Capitals,2022-04-02,"Maharashtra Cricket Association Stadium, Pune",Delhi Capitals,field,1510.0,1569.6893,-59.6893,121.4043,0.2651,0.047856,0.063354,-0.4796,4.6809,-0.4796,-0.002233,0.4255,0.6,1
1304057,Punjab Kings,Chennai Super Kings,2022-04-03,"Brabourne Stadium, Mumbai",Chennai Super Kings,field,1499.8479,1574.5212,-74.6732,86.6199,0.0716,-0.008987,-0.004566,0.3801,3.3429,0.3801,0.001851,-0.1625,0.2,1
1304058,Lucknow Super Giants,Sunrisers Hyderabad,2022-04-04,"Dr DY Patil Sports Academy, Mumbai",Sunrisers Hyderabad,field,1502.7282,1474.4955,28.2327,163.137,1.7369,0.07241,-0.027686,-0.864,5.637,-0.864,0.008682,-0.0037,0.3,1
1304059,Rajasthan Royals,Royal Challengers Bangalore,2022-04-05,"Wankhede Stadium, Mumbai",Royal Challengers Bangalore,field,1501.8859,1518.8913,-17.0055,2.0662,0.7033,0.032353,0.007066,-0.7864,-0.0209,-0.7864,-0.012733,0.0194,0.2,0
1304060,Mumbai Indians,Kolkata Knight Riders,2022-04-06,"Maharashtra Cricket Association Stadium, Pune",Kolkata Knight Riders,field,1579.7132,1554.7874,24.9258,0.453,0.9188,0.033586,-0.028579,-1.3738,-0.0433,-1.3738,-0.00585,0.0574,-0.2,0
1304061,Delhi Capitals,Lucknow Super Giants,2022-04-07,"Dr DY Patil Sports Academy, Mumbai",Lucknow Super Giants,field,1557.988,1511.9174,46.0706,-141.0417,-1.3127,-0.047123,0.02526,1.4035,-5.7083,1.4035,-0.006426,-0.1042,-0.4667,0
1304062,Punjab Kings,Gujarat Titans,2022-04-08,"Brabourne Stadium, Mumbai",Gujarat Titans,field,1511.9647,1521.7013,-9.7366,-69.4118,-0.0331,-0.01756,0.006647,-0.2871,-3.9706,-0.2871,-0.009637,-0.5294,-0.4,0
1304063,Chennai Super Kings,Sunrisers Hyderabad,2022-04-09,"Dr DY Patil Sports Academy, Mumbai",Sunrisers Hyderabad,field,1562.4044,1465.3063,97.0981,-2.3579,0.7911,0.032879,-0.013009,-0.2797,-0.0989,-0.2797,0.005686,0.0969,0.2,0
1304064,Mumbai Indians,Royal Challengers Bangalore,2022-04-09,"Maharashtra Cricket Association Stadium, Pune",Royal Challengers Bangalore,field,1568.997,1528.4023,40.5947,-0.4841,0.2004,0.012324,0.013691,-0.4274,-0.0223,-0.4274,-0.000236,0.0956,-0.2,0
1304065,Delhi Capitals,Kolkata Knight Riders,2022-04-10,"Brabourne Stadium, Mumbai",Kolkata Knight Riders,field,1546.6697,1565.5036,-18.8339,22.5378,-0.1751,-0.01147,-0.038818,-0.3543,0.8571,-0.3543,-0.007071,0.0247,-0.4,1
1304066,Rajasthan Royals,Lucknow Super Giants,2022-04-10,"Wankhede Stadium, Mumbai",Lucknow Super Giants,field,1492.375,1523.2357,-30.8607,-156.6604,-0.6765,-0.011993,0.065727,-0.2537,-5.7283,-0.2537,-0.007443,-0.2529,-0.35,1
1304067,Gujarat Titans,Sunrisers Hyderabad,2022-04-11,"Dr DY Patil Sports Academy, Mumbai",Sunrisers Hyderabad,field,1531.4211,1478.0305,53.3906,156.2822,1.3436,0.056554,-0.050298,-0.3307,7.5839,-0.3307,0.018484,0.4964,0.6,0
1304068,Chennai Super Kings,Royal Challengers Bangalore,2022-04-12,"Dr DY Patil Sports Academy, Mumbai",Royal Challengers Bangalore,field,1549.6802,1539.5654,10.1148,0.5696,0.05,0.001647,-0.004206,-0.9486,-0.0531,-0.9486,-0.009536,0.1083,-0.4,1
1304069,Punjab Kings,Mumbai Indians,2022-04-13,"Maharashtra Cricket Association Stadium, Pune",Mumbai Indians,field,1502.2449,1557.8339,-55.589,78.2719,0.1891,-0.010186,-0.029972,0.152,3.1124,0.152,-0.000338,-0.1316,0.4,1
1304070,Gujarat Titans,Rajasthan Royals,2022-04-14,"Dr DY Patil Sports Academy, Mumbai",Rajasthan Royals,field,1519.8964,1503.2609,16.6355,151.3247,0.4512,0.018126,-0.074183,0.1485,6.2069,0.1485,0.008331,0.25,0.15,1
1304071,Kolkata Knight Riders,Sunrisers Hyderabad,2022-04-15,"Brabourne Stadium, Mumbai",Sunrisers Hyderabad,field,1554.962,1489.5552,65.4068,-3.623,0.2245,0.020743,0.043384,0.6628,-0.1445,0.6628,0.003191,0.0166,0.2,0
1304072,Lucknow Super Giants,Mumbai Indians,2022-04-16,"Brabourne Stadium, Mumbai",Mumbai Indians,field,1512.3498,1546.2474,-33.8977,156.7422,0.1894,-0.010295,-0.059194,-0.1201,5.7156,-0.1201,-0.003652,0.0266,0.6,1
1304073,Royal Challengers Bangalore,Delhi Capitals,2022-04-16,"Wankhede Stadium, Mumbai",Delhi Capitals,field,1529.8565,1557.2112,-27.3548,-22.4599,0.2451,0.004172,0.00291,-0.3868,-0.9281,-0.3868,-8.7e-05,-0.0767,0.2,1
1304074,Punjab Kings,Sunrisers Hyderabad,2022-04-17,"Dr DY Patil Sports Academy, Mumbai",Sunrisers Hyderabad,field,1513.8313,1501.4158,12.4155,70.3791,0.497,0.014126,0.009617,0.1598,2.7047,0.1598,-0.000457,-0.0371,0.0,0
1304075,Chennai Super Kings,Gujarat Titans,2022-04-17,"Maharashtra Cricket Association Stadium, Pune",Gujarat Titans,field,1559.3892,1529.418,29.9712,-157.4202,-0.3044,-0.020301,0.02803,-0.6847,-6.7222,-0.6847,-0.009497,-0.204,-0.6,0
1304076,Rajasthan Royals,Kolkata Knight Riders,2022-04-18,"Brabourne Stadium, Mumbai",Kolkata Knight Riders,field,1493.7393,1543.1014,-49.3621,1.7355,0.0282,0.00376,0.004512,-1.0079,0.0004,-1.0079,-0.006718,-0.0242,0.2,1
1304077,Royal Challengers Bangalore,Lucknow Super Giants,2022-04-19,"Dr DY Patil Sports Academy, Mumbai",Lucknow Super Giants,field,1540.6422,1523.3223,17.3198,-160.8191,-0.6346,-0.017948,0.037916,0.2095,-6.219,0.2095,-0.004529,-0.181,0.0,1
1304078,Punjab Kings,Delhi Capitals,2022-04-20,"Brabourne Stadium, Mumbai",Delhi Capitals,field,1503.4741,1546.4255,-42.9514,48.1804,0.4738,0.012514,0.016251,-0.3443,1.6431,-0.3443,-0.000418,-0.099,0.0,0
1304079,Mumbai Indians,Chennai Super Kings,2022-04-21,"Dr DY Patil Sports Academy, Mumbai",Chennai Super Kings,field,1535.2749,1548.5287,-13.2538,-0.7296,0.4193,0.024426,0.023371,0.3008,-0.0225,0.3008,-0.000176,-0.0222,-0.2,0
1304080,Rajasthan Royals,Delhi Capitals,2022-04-22,"Wankhede Stadium, Mumbai",Delhi Capitals,field,1505.1506,1555.1955,-50.045,-20.4025,-0.0651,-0.000462,0.0536,-1.0301,-0.8549,-1.0301,-0.000499,-0.0577,0.2,1
1304081,Gujarat Titans,Kolkata Knight Riders,2022-04-23,"Dr DY Patil Sports Academy, Mumbai",Gujarat Titans,bat,1540.2785,1531.6901,8.5883,157.9764,0.3077,0.016465,-0.062424,0.0001,6.412,0.0001,0.009908,0.3144,0.4,1
1304082,Royal Challengers Bangalore,Sunrisers Hyderabad,2022-04-23,"Brabourne Stadium, Mumbai",Sunrisers Hyderabad,field,1550.1441,1511.773,38.371,-3.0519,0.3632,0.016781,0.000571,-0.082,-0.1966,-0.082,-0.005379,-0.0261,0.0,0
1304083,Lucknow Super Giants,Mumbai Indians,2022-04-24,"Wankhede Stadium, Mumbai",Mumbai Indians,field,1513.8204,1525.6561,-11.8357,158.1402,-0.0331,-0.010884,-0.045514,-0.0059,6.1513,-0.0059,0.000748,0.0032,0.6,1
1304084,Punjab Kings,Chennai Super Kings,2022-04-25,"Wankhede Stadium, Mumbai",Chennai Super Kings,field,1494.7041,1558.1474,-63.4433,65.7793,0.1258,0.006324,0.024688,0.175,2.2288,0.175,-0.003587,-0.1664,0.0,1
1304085,Rajasthan Royals,Royal Challengers Bangalore,2022-04-26,"Maharashtra Cricket Association Stadium, Pune",Royal Challengers Bangalore,field,1516.5811,1539.0441,-22.463,2.1516,0.6824,0.031423,0.025725,-0.6399,0.0852,-0.6399,0.004903,0.017,0.0,1
1304086,Sunrisers Hyderabad,Gujarat Titans,2022-04-27,"Wankhede Stadium, Mumbai",Gujarat Titans,field,1522.873,1550.0313,-27.1584,-152.2928,-0.3803,-0.01879,0.02039,0.1523,-6.3323,0.1523,0.005494,-0.3394,0.2,0
1304087,Kolkata Knight Riders,Delhi Capitals,2022-04-28,"Wankhede Stadium, Mumbai",Delhi Capitals,field,1521.9373,1543.765,-21.8277,-22.8067,-0.3725,-0.010618,0.078154,-0.026,-0.8314,-0.026,-0.000876,-0.0308,-0.2,0
1304088,Lucknow Super Giants,Punjab Kings,2022-04-29,"Maharashtra Cricket Association Stadium, Pune",Punjab Kings,field,1524.1609,1506.5101,17.6508,93.7614,0.0834,-0.003783,-0.05021,0.3934,4.2614,0.3934,0.007661,0.1705,0.2,1
1304089,Royal Challengers Bangalore,Gujarat Titans,2022-04-30,"Brabourne Stadium, Mumbai",Royal Challengers Bangalore,bat,1528.3985,1559.2512,-30.8527,-158.7958,-0.8891,-0.027694,0.070895,-0.0133,-6.4777,-0.0133,-0.004434,-0.3914,-0.4,0
1304090,Rajasthan Royals,Mumbai Indians,2022-04-30,"Dr DY Patil Sports Academy, Mumbai",Mumbai Indians,field,1527.2268,1515.3156,11.9111,1.7691,-0.2813,-0.008482,0.030861,-0.0378,0.1004,-0.0378,0.007098,-0.06,0.8,0
1304091,Lucknow Super Giants,Delhi Capitals,2022-05-01,"Wankhede Stadium, Mumbai",Lucknow Super Giants,bat,1533.6533,1553.1376,-19.4842,132.9259,-0.2208,-0.016775,-0.001021,0.1473,5.5926,0.1473,0.00294,0.1111,0.0,1
1304092,Chennai Super Kings,Sunrisers Hyderabad,2022-05-01,"Maharashtra Cricket Association Stadium, Pune",Sunrisers Hyderabad,field,1546.3414,1513.6531,32.6883,-2.3388,0.0624,0.009565,0.027544,-0.3409,-0.2347,-0.3409,-0.013423,0.0779,-0.4,1
1304093,Rajasthan Royals,Kolkata Knight Riders,2022-05-02,"Wankhede Stadium, Mumbai",Kolkata Knight Riders,field,1516.8841,1512.5647,4.3193,2.0976,0.2882,0.009508,-0.008312,-0.0802,0.1247,-0.0802,0.010179,-0.0112,0.6,0
1304094,Gujarat Titans,Punjab Kings,2022-05-03,"Dr DY Patil Sports Academy, Mumbai",Gujarat Titans,bat,1568.3655,1497.0177,71.3478,99.0531,0.2956,0.002332,-0.087924,0.278,4.3624,0.278,0.007235,0.4541,0.6,0
1304095,Royal Challengers Bangalore,Chennai Super Kings,2022-05-04,"Maharashtra Cricket Association Stadium, Pune",Chennai Super Kings,field,1519.2842,1555.4033,-36.1191,-1.298,-0.7041,-0.016547,0.036743,0.2677,-0.0353,0.2677,-0.000791,-0.1128,-0.2,1
1304096,Delhi Capitals,Sunrisers Hyderabad,2022-05-05,"Brabourne Stadium, Mumbai",Sunrisers Hyderabad,field,1542.5774,1504.5911,37.9862,18.2448,0.0628,0.018869,0.029061,0.3734,0.6126,0.3734,-0.009277,0.035,-0.2,1
1304097,Mumbai Indians,Gujarat Titans,2022-05-06,"Brabourne Stadium, Mumbai",Gujarat Titans,field,1525.6583,1556.3404,-30.6821,-154.4712,0.0315,0.006391,0.049627,-0.6419,-5.9387,-0.6419,-0.002816,-0.2324,-0.6,1
1304098,Punjab Kings,Rajasthan Royals,2022-05-07,"Wankhede Stadium, Mumbai",Punjab Kings,bat,1509.0429,1506.7597,2.2831,54.1666,-0.5819,-0.011436,0.028564,-0.1283,1.9084,-0.1283,-0.008013,-0.0417,-0.2,0
1304099,Lucknow Super Giants,Kolkata Knight Riders,2022-05-07,"Maharashtra Cricket Association Stadium, Pune",Kolkata Knight Riders,field,1544.2136,1522.689,21.5245,156.6512,0.1963,-0.004948,-0.062295,0.0612,6.5256,0.0612,0.006204,0.1837,0.6,1
1304100,Royal Challengers Bangalore,Sunrisers Hyderabad,2022-05-08,"Wankhede Stadium, Mumbai",Royal Challengers Bangalore,bat,1530.32,1495.6801,34.6399,-3.8138,-0.8581,-0.014703,0.051895,0.3324,-0.177,0.3324,-0.002452,-0.0232,0.0,1
1304101,Chennai Super Kings,Delhi Capitals,2022-05-08,"Dr DY Patil Sports Academy, Mumbai",Delhi Capitals,field,1544.3674,1551.4884,-7.121,-21.6108,-0.6547,-0.030249,0.01722,-0.267,-0.8165,-0.267,-0.001541,0.0375,-0.2,1
1304102,Kolkata Knight Riders,Mumbai Indians,2022-05-09,"Dr DY Patil Sports Academy, Mumbai",Mumbai Indians,field,1513.3078,1536.5391,-23.2314,-0.2807,0.1325,0.012324,0.026563,0.4114,0.0358,0.4114,0.004734,-0.0556,-0.2,1
1304103,Gujarat Titans,Lucknow Super Giants,2022-05-10,"Maharashtra Cricket Association Stadium, Pune",Gujarat Titans,bat,1545.4596,1553.5948,-8.1353,-1.8181,-0.1073,0.004035,-0.014489,-0.3563,-1.0,-0.3563,-0.009608,0.0,-0.2,1
1304104,Rajasthan Royals,Delhi Capitals,2022-05-11,"Dr DY Patil Sports Academy, Mumbai",Delhi Capitals,field,1516.8255,1541.2835,-24.458,-18.7949,-0.1299,-0.012878,0.000182,-0.0053,-0.7351,-0.0053,0.004056,-0.0411,0.2,0
1304105,Chennai Super Kings,Mumbai Indians,2022-05-12,"Wankhede Stadium, Mumbai",Mumbai Indians,field,1554.5724,1525.8715,28.7009,1.5642,0.8894,0.030187,-0.039342,-0.0284,0.0597,-0.0284,0.005951,0.0261,0.2,0
1304106,Punjab Kings,Royal Challengers Bangalore,2022-05-13,"Brabourne Stadium, Mumbai",Royal Challengers Bangalore,field,1498.9772,1539.3263,-40.3491,53.6046,-0.0196,0.010262,0.028079,-0.4031,2.0069,-0.4031,-0.00029,-0.0461,0.0,1
1304107,Kolkata Knight Riders,Sunrisers Hyderabad,2022-05-14,"Maharashtra Cricket Association Stadium, Pune",Kolkata Knight Riders,bat,1523.9754,1486.6739,37.3016,-3.4278,-0.1257,0.008314,0.055817,-0.0206,-0.1327,-0.0206,0.002687,0.0127,0.2,1
1304108,Chennai Super Kings,Gujarat Titans,2022-05-15,"Wankhede Stadium, Mumbai",Chennai Super Kings,bat,1543.7482,1555.6937,-11.9455,-126.2435,0.0463,0.003132,0.060258,-0.0818,-4.928,-0.0818,0.002339,-0.1598,-0.2,0
1304109,Rajasthan Royals,Lucknow Super Giants,2022-05-15,"Brabourne Stadium, Mumbai",Rajasthan Royals,bat,1507.5283,1543.3607,-35.8325,-119.2454,0.3251,0.020769,0.021052,-0.9849,-5.4981,-0.9849,-0.007846,-0.1667,-0.4,1
1304110,Delhi Capitals,Punjab Kings,2022-05-16,"Dr DY Patil Sports Academy, Mumbai",Punjab Kings,field,1550.5807,1510.1333,40.4473,-33.4509,0.5644,0.016359,-0.015649,-0.2615,-1.2984,-0.2615,-0.002582,0.0902,0.0,1
1304111,Sunrisers Hyderabad,Mumbai Indians,2022-05-17,"Wankhede Stadium, Mumbai",Mumbai Indians,field,1477.7434,1536.6957,-58.9523,3.6794,0.6313,0.014194,-0.037944,-0.0591,0.1511,-0.0591,-0.000666,-0.0689,-0.6,1
1304112,Lucknow Super Giants,Kolkata Knight Riders,2022-05-18,"Dr DY Patil Sports Academy, Mumbai",Lucknow Super Giants,bat,1532.333,1532.9059,-0.5729,109.4661,-0.2445,-0.02059,-0.045424,0.4494,4.8694,0.4494,0.004239,0.0971,0.0,1
1304113,Gujarat Titans,Royal Challengers Bangalore,2022-05-19,"Wankhede Stadium, Mumbai",Gujarat Titans,bat,1565.35,1528.1702,37.1798,112.4275,0.1243,0.003101,-0.059594,0.3355,4.239,0.3355,-0.005956,0.2853,0.2,0
1304114,Chennai Super Kings,Rajasthan Royals,2022-05-20,"Brabourne Stadium, Mumbai",Chennai Super Kings,bat,1534.0918,1518.556,15.5359,-1.454,-0.303,-0.020187,-0.005822,0.3797,-0.0482,0.3797,0.000127,0.0847,0.0,0
1304115,Delhi Capitals,Mumbai Indians,2022-05-21,"Wankhede Stadium, Mumbai",Mumbai Indians,field,1559.4217,1525.015,34.4067,20.9562,1.1333,0.043326,-0.031474,-0.1601,0.8826,-0.1601,0.00449,-0.0071,0.0,0
1304116,Sunrisers Hyderabad,Punjab Kings,2022-05-22,"Wankhede Stadium, Mumbai",Sunrisers Hyderabad,bat,1489.4241,1501.2923,-11.8682,-47.5971,0.2359,-0.00879,-0.027546,-0.196,-1.7702,-0.196,-0.000201,0.059,-0.2,0
1312197,Rajasthan Royals,Gujarat Titans,2022-05-24,"Eden Gardens, Kolkata",Gujarat Titans,field,1529.0028,1554.2839,-25.2811,-103.6257,0.318,0.021023,0.042945,-0.4745,-3.8828,-0.4745,-0.000251,-0.2089,0.2,0
1312198,Royal Challengers Bangalore,Lucknow Super Giants,2022-05-25,"Eden Gardens, Kolkata",Lucknow Super Giants,field,1539.2362,1542.3495,-3.1133,-105.4443,-0.3605,-0.000438,0.035136,-0.2973,-4.8493,-0.2973,-0.004605,-0.1567,0.0,1
1312199,Royal Challengers Bangalore,Rajasthan Royals,2022-05-27,"Narendra Modi Stadium, Ahmedabad",Rajasthan Royals,field,1549.3258,1519.7292,29.5966,-2.0918,-0.5613,-0.023204,0.014568,0.2205,-0.0229,0.2205,0.007681,-0.0141,0.2,0
1312200,Rajasthan Royals,Gujarat Titans,2022-05-29,"Narendra Modi Stadium, Ahmedabad",Rajasthan Royals,bat,1530.579,1563.5576,-32.9786,-95.6312,0.3491,0.025743,0.053135,-0.0309,-3.4215,-0.0309,-0.00011,-0.2279,0.0,0
1359475,Chennai Super Kings,Gujarat Titans,2023-03-31,"Narendra Modi Stadium, Ahmedabad",Gujarat Titans,field,1523.645,1572.6112,-48.9662,-87.8385,0.2479,0.012183,0.042225,-0.0797,-3.4408,-0.0797,0.002748,-0.1655,-0.6,0
1359476,Punjab Kings,Kolkata Knight Riders,2023-04-01,"Punjab Cricket Association IS Bindra Stadium, Mohali, Chandigarh",Kolkata Knight Riders,field,1510.9508,1522.8894,-11.9386,47.5013,-0.1001,0.004379,-0.01278,0.2734,1.9852,0.2734,0.005813,-0.0517,0.0,1
1359477,Lucknow Super Giants,Delhi Capitals,2023-04-01,"Bharat Ratna Shri Atal Bihari Vajpayee Ekana Cricket Stadium, Lucknow",Delhi Capitals,field,1532.2599,1548.4346,-16.1747,79.7667,-0.2407,-0.024035,-0.03716,0.1471,3.6167,0.1471,0.007263,0.05,-0.2,1
1359478,Rajasthan Royals,Sunrisers Hyderabad,2023-04-02,"Rajiv Gandhi International Stadium, Uppal, Hyderabad",Sunrisers Hyderabad,field,1521.5253,1479.7655,41.7598,-1.7878,-0.2631,0.000585,0.015368,0.9002,-0.1152,0.9002,-0.005822,0.0027,0.4,1
1359479,Mumbai Indians,Royal Challengers Bangalore,2023-04-02,"M Chinnaswamy Stadium, Bengaluru",Royal Challengers Bangalore,field,1536.0021,1538.476,-2.474,-0.3004,0.0299,-0.002204,0.005269,-0.0138,0.0045,-0.0138,-0.000584,0.0819,0.0,0
1359480,Chennai Super Kings,Lucknow Super Giants,2023-04-03,"MA Chidambaram Stadium, Chepauk, Chennai",Lucknow Super Giants,field,1515.0451,1542.7251,-27.68,-91.4087,-0.2994,0.005828,0.027641,0.0985,-4.0865,0.0985,-0.00749,-0.0433,-0.2,1
1359481,Delhi Capitals,Gujarat Titans,2023-04-04,"Arun Jaitley Stadium, Delhi",Gujarat Titans,field,1537.9694,1581.2111,-43.2417,-66.2025,0.3125,0.020337,0.058704,-0.3528,-2.4214,-0.3528,0.00139,-0.2237,-0.4,0
1359482,Punjab Kings,Rajasthan Royals,2023-04-05,"Barsapara Cricket Stadium, Guwahati",Rajasthan Royals,field,1521.2943,1530.3292,-9.0349,44.4416,-0.0514,0.003591,0.022736,-0.2223,1.8321,-0.2223,0.011216,-0.0225,0.0,1
1359483,Kolkata Knight Riders,Royal Challengers Bangalore,2023-04-06,"Eden Gardens, Kolkata",Royal Challengers Bangalore,field,1512.5459,1548.4048,-35.8589,0.3077,0.3768,0.01441,-0.000745,-0.0383,-0.0124,-0.0383,-0.005212,0.0249,-0.2,1
1359484,Sunrisers Hyderabad,Lucknow Super Giants,2023-04-07,"Bharat Ratna Shri Atal Bihari Vajpayee Ekana Cricket Stadium, Lucknow",Sunrisers Hyderabad,bat,1470.9617,1531.9301,-60.9684,-85.5961,-0.5958,-0.001188,0.046145,-0.6475,-3.8007,-0.6475,-0.01206,-0.0916,-0.2,0
1359485,Rajasthan Royals,Delhi Capitals,2023-04-08,"Barsapara Cricket Stadium, Guwahati",Delhi Capitals,field,1520.0692,1529.2076,-9.1385,-16.5425,0.2513,0.00851,-0.038282,0.6821,-0.6709,0.6821,-0.006251,-0.0297,0.0,1
1359486,Mumbai Indians,Chennai Super Kings,2023-04-08,"Wankhede Stadium, Mumbai",Chennai Super Kings,field,1526.0733,1525.8401,0.2332,-1.2253,-0.4948,-0.017896,0.02038,-0.1353,-0.0152,-0.1353,0.001278,-0.0179,0.2,0
1359487,Gujarat Titans,Kolkata Knight Riders,2023-04-09,"Narendra Modi Stadium, Ahmedabad",Gujarat Titans,bat,1589.9729,1523.5744,66.3985,77.3016,-0.3762,-0.02157,-0.057143,0.1538,3.0948,0.1538,-0.001859,0.262,0.2,0
1359488,Punjab Kings,Sunrisers Hyderabad,2023-04-09,"Rajiv Gandhi International Stadium, Uppal, Hyderabad",Sunrisers Hyderabad,field,1531.5543,1462.6987,68.8555,43.1467,0.6852,0.034242,-0.020091,0.6675,1.8267,0.6675,0.012818,0.0067,0.6,0
1359489,Royal Challengers Bangalore,Lucknow Super Giants,2023-04-10,"M Chinnaswamy Stadium, Bengaluru",Lucknow Super Giants,field,1537.3764,1540.1931,-2.8167,-80.2898,-0.2617,0.011851,0.026991,-0.2381,-3.6426,-0.2381,-0.004156,-0.1246,0.0,0
1359490,Delhi Capitals,Mumbai Indians,2023-04-11,"Arun Jaitley Stadium, Delhi",Mumbai Indians,field,1518.9447,1516.0666,2.8781,17.5754,0.2318,0.013899,0.015225,-0.4847,0.686,-0.4847,-0.002692,-0.0395,-0.2,0
1359491,Rajasthan Royals,Chennai Super Kings,2023-04-12,"MA Chidambaram Stadium, Chepauk, Chennai",Chennai Super Kings,field,1530.3321,1535.8468,-5.5147,1.3383,0.3895,0.021445,-0.00431,0.2012,0.0042,0.2012,-0.005662,-0.0804,0.2,1
1359492,Punjab Kings,Gujarat Titans,2023-04-13,"Punjab Cricket Association IS Bindra Stadium, Mohali, Chandigarh",Gujarat Titans,field,1519.598,1578.0847,-58.4867,-29.4279,0.4504,0.033313,0.052477,-0.0408,-1.1342,-0.0408,0.002225,-0.2529,-0.2,0
1359493,Sunrisers Hyderabad,Kolkata Knight Riders,2023-04-14,"Eden Gardens, Kolkata",Kolkata Knight Riders,field,1474.655,1535.4625,-60.8075,2.8604,-0.627,-0.025291,-0.00015,-1.1859,0.0428,-1.1859,-0.011344,-0.0213,-0.2,1
1359494,Royal Challengers Bangalore,Delhi Capitals,2023-04-15,"M Chinnaswamy Stadium, Bengaluru",Delhi Capitals,field,1527.4574,1508.8618,18.5956,-16.3557,0.7317,0.015545,-0.050373,-0.0102,-0.5545,-0.0102,0.011077,-0.0313,0.4,1
1359495,Lucknow Super Giants,Punjab Kings,2023-04-15,"Bharat Ratna Shri Atal Bihari Vajpayee Ekana Cricket Stadium, Lucknow",Punjab Kings,field,1550.112,1511.2657,38.8464,36.4851,0.3474,-0.02404,-0.063908,-0.5698,1.4211,-0.5698,0.000335,0.1628,0.0,0
1359496,Kolkata Knight Riders,Mumbai Indians,2023-04-16,"Wankhede Stadium, Mumbai",Mumbai Indians,field,1523.73,1526.1494,-2.4194,0.9725,0.9586,0.036149,-0.009923,-0.1083,-0.0137,-0.1083,-0.005447,-0.0495,0.0,0
1359497,Gujarat Titans,Rajasthan Royals,2023-04-16,"Narendra Modi Stadium, Ahmedabad",Rajasthan Royals,field,1586.4171,1540.4908,45.9262,69.188,-0.3871,-0.017847,-0.03204,-0.0989,3.1016,-0.0989,0.010363,0.2421,0.2,0
1359498,Chennai Super Kings,Royal Challengers Bangalore,2023-04-17,"M Chinnaswamy Stadium, Bengaluru",Royal Challengers Bangalore,field,1525.6881,1536.9227,-11.2346,0.1891,-0.3489,-0.014339,0.002483,0.5522,-0.0178,0.5522,-0.004785,0.0963,0.0,1
1359499,Mumbai Indians,Sunrisers Hyderabad,2023-04-18,"Rajiv Gandhi International Stadium, Uppal, Hyderabad",Sunrisers Hyderabad,field,1536.0798,1486.3875,49.6922,-3.5374,0.208,0.005575,-0.006538,0.8654,-0.065,0.8654,0.010755,0.0671,0.2,1
1359500,Lucknow Super Giants,Rajasthan Royals,2023-04-19,"Sawai Mansingh Stadium, Jaipur",Rajasthan Royals,field,1538.9986,1551.8051,-12.8065,70.9688,-0.149,-0.022275,-0.003812,-0.6069,2.9771,-0.6069,0.004424,0.0896,-0.2,1
1359501,Royal Challengers Bangalore,Punjab Kings,2023-04-20,"Punjab Cricket Association IS Bindra Stadium, Mohali, Chandigarh",Punjab Kings,field,1526.5995,1522.3791,4.2204,-41.2259,0.2966,-0.009936,-0.048164,-0.9158,-1.6238,-0.9158,0.004553,-0.0004,-0.2,1
1359502,Kolkata Knight Riders,Delhi Capitals,2023-04-20,"Arun Jaitley Stadium, Delhi",Delhi Capitals,field,1513.7997,1499.3965,14.4031,-15.3814,1.1288,0.035974,-0.016701,0.0618,-0.6334,0.0618,0.001144,0.0057,0.4,0
1359503,Sunrisers Hyderabad,Chennai Super Kings,2023-04-21,"MA Chidambaram Stadium, Chepauk, Chennai",Chennai Super Kings,field,1477.8081,1536.0113,-58.2032,2.248,-0.6159,-0.005366,0.039439,-0.9089,0.0435,-0.9089,-0.010615,-0.0882,-0.2,0
1359504,Gujarat Titans,Lucknow Super Giants,2023-04-22,"Bharat Ratna Shri Atal Bihari Vajpayee Ekana Cricket Stadium, Lucknow",Gujarat Titans,bat,1575.1028,1549.367,25.7359,-0.4285,-0.2311,-0.001246,-0.041353,0.45,0.3333,0.45,0.008152,0.0953,0.0,1
1359505,Punjab Kings,Mumbai Indians,2023-04-22,"Wankhede Stadium, Mumbai",Mumbai Indians,field,1512.5006,1544.6592,-32.1586,40.9581,0.2212,0.017897,0.0132,0.2293,1.4716,0.2293,-0.007746,-0.0984,-0.2,1
1359506,Royal Challengers Bangalore,Rajasthan Royals,2023-04-23,"M Chinnaswamy Stadium, Bengaluru",Rajasthan Royals,field,1536.478,1541.4366,-4.9586,-1.1774,0.2726,0.001807,-0.02281,-1.2797,-0.0019,-1.2797,0.008788,-0.0211,-0.2,1
1359507,Chennai Super Kings,Kolkata Knight Riders,2023-04-23,"Eden Gardens, Kolkata",Kolkata Knight Riders,field,1544.3516,1503.3853,40.9663,0.246,-0.2792,-0.025793,-0.059363,0.4713,0.0477,0.4713,0.006521,0.0758,0.4,1
1359508,Delhi Capitals,Sunrisers Hyderabad,2023-04-24,"Rajiv Gandhi International Stadium, Uppal, Hyderabad",Delhi Capitals,bat,1509.8109,1469.4678,40.343,11.8052,-0.2199,-0.00218,0.027709,0.4877,0.552,0.4877,0.002388,0.0217,-0.2,1
1359509,Gujarat Titans,Mumbai Indians,2023-04-25,"Narendra Modi Stadium, Ahmedabad",Mumbai Indians,field,1584.3635,1533.7362,50.6272,64.1125,-0.2862,-0.023807,-0.051589,0.6936,2.6953,0.6936,-0.006725,0.1608,0.0,1
1359510,Kolkata Knight Riders,Royal Challengers Bangalore,2023-04-26,"M Chinnaswamy Stadium, Bengaluru",Royal Challengers Bangalore,field,1494.559,1546.6207,-52.0617,0.0684,-0.1083,0.011981,0.074474,0.1972,-0.0518,0.1972,-0.009107,0.0198,-0.4,1
1359511,Rajasthan Royals,Chennai Super Kings,2023-04-27,"Sawai Mansingh Stadium, Jaipur",Rajasthan Royals,bat,1531.2939,1553.1779,-21.884,1.0804,0.0949,0.012609,-0.000615,0.2269,0.0308,0.2269,-0.001305,-0.0836,-0.2,1
1359512,Lucknow Super Giants,Punjab Kings,2023-04-28,"Punjab Cricket Association IS Bindra Stadium, Mohali, Chandigarh",Punjab Kings,field,1540.1064,1523.4235,16.6828,26.5169,-0.2734,-0.037172,-0.04687,-0.1438,1.1377,-0.1438,-7.4e-05,0.1052,0.2,1
1359513,Kolkata Knight Riders,Gujarat Titans,2023-04-29,"Eden Gardens, Kolkata",Gujarat Titans,field,1506.0463,1592.9165,-86.8702,-63.3915,0.4827,0.037371,0.063026,-0.9643,-2.8056,-0.9643,-0.01269,-0.2281,-0.4,0
1359514,Sunrisers Hyderabad,Delhi Capitals,2023-04-29,"Arun Jaitley Stadium, Delhi",Sunrisers Hyderabad,bat,1460.6238,1518.6549,-58.0311,-11.8356,0.2346,0.002671,-0.023361,-0.5946,-0.502,-0.5946,0.00288,-0.0321,0.0,1
1359515,Chennai Super Kings,Punjab Kings,2023-04-30,"MA Chidambaram Stadium, Chepauk, Chennai",Chennai Super Kings,bat,1542.5489,1513.9033,28.6456,-37.3891,0.2141,-0.019368,-0.079206,0.2205,-1.3134,0.2205,0.003741,0.1138,0.2,0
1359516,Rajasthan Royals,Mumbai Indians,2023-04-30,"Wankhede Stadium, Mumbai",Rajasthan Royals,bat,1541.923,1525.1832,16.7398,1.7769,0.1407,0.00018,-0.03549,0.9518,0.053,0.9518,-0.003299,-0.0564,0.0,0
1359517,Royal Challengers Bangalore,Lucknow Super Giants,2023-05-01,"Bharat Ratna Shri Atal Bihari Vajpayee Ekana Cricket Stadium, Lucknow",Royal Challengers Bangalore,bat,1535.1334,1549.6266,-14.4932,-67.3524,0.0029,0.000254,-0.026545,-0.6456,-2.6583,-0.6456,0.00082,-0.1219,0.0,1
1359518,Delhi Capitals,Gujarat Titans,2023-05-02,"Narendra Modi Stadium, Ahmedabad",Delhi Capitals,bat,1507.0,1600.467,-93.467,-46.723,-1.1475,-0.021457,0.072756,-0.1298,-2.2426,-0.1298,-0.012033,-0.2353,-0.4,1
1359520,Punjab Kings,Mumbai Indians,2023-05-03,"Punjab Cricket Association IS Bindra Stadium, Mohali, Chandigarh",Mumbai Indians,field,1524.726,1535.6646,-10.9386,38.1603,-0.0685,0.001985,0.02368,0.2925,1.2099,0.2925,-0.008346,-0.0795,0.0,0
1359521,Kolkata Knight Riders,Sunrisers Hyderabad,2023-05-04,"Rajiv Gandhi International Stadium, Uppal, Hyderabad",Kolkata Knight Riders,bat,1498.4958,1472.2787,26.2171,-2.2243,1.0859,0.044239,0.030694,-0.7806,-0.1761,-0.7806,-0.011132,0.0152,-0.2,1
1359522,Rajasthan Royals,Gujarat Titans,2023-05-05,"Sawai Mansingh Stadium, Jaipur",Rajasthan Royals,bat,1531.4415,1587.8399,-56.3984,-54.3845,0.4616,0.032566,0.022145,-0.4774,-2.7586,-0.4774,-0.011261,-0.2149,-0.2,0
1359523,Mumbai Indians,Chennai Super Kings,2023-05-06,"MA Chidambaram Stadium, Chepauk, Chennai",Chennai Super Kings,field,1545.3499,1531.7263,13.6236,-0.7511,0.0104,0.014509,0.029995,-0.549,-0.0475,-0.549,-0.002849,-0.0155,0.0,0
1359524,Royal Challengers Bangalore,Delhi Capitals,2023-05-06,"Arun Jaitley Stadium, Delhi",Royal Challengers Bangalore,bat,1545.5503,1519.6271,25.9232,-13.6893,1.1911,0.018576,-0.074241,-0.6435,-0.5117,-0.6435,0.012979,-0.0326,0.0,0
1359525,Gujarat Titans,Lucknow Super Giants,2023-05-07,"Narendra Modi Stadium, Ahmedabad",Lucknow Super Giants,field,1596.2307,1539.2097,57.0211,-6.8269,0.0705,-0.00412,-0.058956,0.3189,0.125,0.3189,0.008242,0.1475,0.4,1
1359526,Rajasthan Royals,Sunrisers Hyderabad,2023-05-07,"Sawai Mansingh Stadium, Jaipur",Rajasthan Royals,bat,1523.0507,1463.0319,60.0188,-0.9846,0.9622,0.033671,-0.013824,0.1904,-0.0917,0.1904,-0.002726,0.0121,0.0,0
1359527,Punjab Kings,Kolkata Knight Riders,2023-05-08,"Eden Gardens, Kolkata",Punjab Kings,bat,1515.0407,1507.7427,7.298,37.9671,-0.0029,-0.003436,-0.014181,-0.158,1.0932,-0.158,-0.005042,-0.0372,0.0,0
1359528,Royal Challengers Bangalore,Mumbai Indians,2023-05-09,"Wankhede Stadium, Mumbai",Mumbai Indians,field,1534.8055,1534.9579,-0.1524,-0.103,-0.2952,-0.030498,-0.039458,0.4702,0.0641,0.4702,0.010287,-0.0784,0.2,0
1359529,Chennai Super Kings,Delhi Capitals,2023-05-10,"MA Chidambaram Stadium, Chepauk, Chennai",Chennai Super Kings,bat,1542.1182,1530.3719,11.7463,-12.8567,1.5617,0.032696,-0.074852,-0.6029,-0.4774,-0.6029,0.01143,0.0567,-0.2,1
1359530,Kolkata Knight Riders,Rajasthan Royals,2023-05-11,"Eden Gardens, Kolkata",Rajasthan Royals,field,1517.9527,1511.3402,6.6125,-1.0234,0.0821,0.00715,0.040222,-0.3353,-0.0415,-0.3353,0.00022,0.013,0.4,0
1359531,Mumbai Indians,Gujarat Titans,2023-05-12,"Wankhede Stadium, Mumbai",Gujarat Titans,field,1544.9536,1604.6041,-59.6506,-52.6665,0.6066,0.03892,0.031113,-1.6161,-2.6242,-1.6161,-0.01218,-0.1735,-0.2,1
1359532,Sunrisers Hyderabad,Lucknow Super Giants,2023-05-13,"Rajiv Gandhi International Stadium, Uppal, Hyderabad",Sunrisers Hyderabad,bat,1474.7424,1530.8363,-56.0939,-54.2527,-0.1907,-0.006996,-0.031813,-0.3981,-2.3003,-0.3981,-0.00465,-0.0663,0.0,0
1359533,Punjab Kings,Delhi Capitals,2023-05-13,"Arun Jaitley Stadium, Delhi",Delhi Capitals,field,1504.8307,1520.7098,-15.8791,23.1098,1.1435,0.040495,-0.00467,-1.309,0.4395,-1.309,-0.007078,-0.0596,-0.2,1
1359534,Royal Challengers Bangalore,Rajasthan Royals,2023-05-14,"Sawai Mansingh Stadium, Jaipur",Royal Challengers Bangalore,bat,1524.8099,1521.5305,3.2794,-1.0961,-0.2454,-0.031406,-0.046332,-0.7088,-0.0179,-0.7088,0.005795,-0.0177,0.0,1
1359535,Chennai Super Kings,Kolkata Knight Riders,2023-05-14,"MA Chidambaram Stadium, Chepauk, Chennai",Chennai Super Kings,bat,1551.7802,1507.7624,44.0178,0.5806,0.3969,-0.006365,-0.08356,0.981,0.1184,0.981,0.016507,0.0764,0.0,0
1359536,Gujarat Titans,Sunrisers Hyderabad,2023-05-15,"Narendra Modi Stadium, Ahmedabad",Sunrisers Hyderabad,field,1592.9039,1466.343,126.5609,48.7421,0.3474,-0.000771,-0.02449,0.5065,2.3138,0.5065,0.01357,0.2237,0.2,1
1359537,Lucknow Super Giants,Mumbai Indians,2023-05-16,"Bharat Ratna Shri Atal Bihari Vajpayee Ekana Cricket Stadium, Lucknow",Mumbai Indians,field,1539.2357,1556.6538,-17.4181,53.8816,-1.3084,-0.045857,0.038167,1.0385,2.177,1.0385,-0.003969,0.0079,-0.4,1
1359538,Delhi Capitals,Punjab Kings,2023-05-17,"Himachal Pradesh Cricket Association Stadium, Dharamsala",Punjab Kings,field,1510.2531,1515.2874,-5.0343,-21.6861,-1.0531,-0.037132,-0.009681,1.079,-0.4028,1.079,0.00828,0.0389,0.0,1
1359539,Sunrisers Hyderabad,Royal Challengers Bangalore,2023-05-18,"Rajiv Gandhi International Stadium, Uppal, Hyderabad",Royal Challengers Bangalore,field,1459.8327,1534.7155,-74.8828,2.8731,-0.2737,0.010342,0.050732,0.2879,0.0772,0.2879,-0.013806,0.0004,0.0,0
1359540,Punjab Kings,Rajasthan Royals,2023-05-19,"Himachal Pradesh Cricket Association Stadium, Dharamsala",Rajasthan Royals,field,1505.1425,1511.6249,-6.4824,34.3638,0.2223,0.003968,0.007411,-0.5649,0.9245,-0.5649,-0.008916,-0.0366,0.2,0
1359541,Chennai Super Kings,Delhi Capitals,2023-05-20,"Arun Jaitley Stadium, Delhi",Chennai Super Kings,bat,1540.52,1520.398,20.1221,-13.2192,0.854,0.00192,-0.069752,-0.3292,-0.5708,-0.3292,0.004607,0.064,-0.2,1
1359542,Lucknow Super Giants,Kolkata Knight Riders,2023-05-20,"Eden Gardens, Kolkata",Kolkata Knight Riders,field,1549.7366,1519.0226,30.714,51.4151,-0.2067,-0.008715,-0.009744,1.0137,2.0722,1.0137,0.00574,0.0797,0.0,1
1359543,Sunrisers Hyderabad,Mumbai Indians,2023-05-21,"Wankhede Stadium, Mumbai",Mumbai Indians,field,1451.9553,1546.1528,-94.1976,2.9384,-0.9774,-0.041686,-0.01371,0.5239,0.0874,0.5239,-0.005024,-0.0822,-0.4,0
1359544,Royal Challengers Bangalore,Gujarat Titans,2023-05-21,"M Chinnaswamy Stadium, Bengaluru",Gujarat Titans,field,1542.593,1599.4142,-56.8212,-49.1395,0.065,-0.004708,-0.029666,-1.045,-2.3634,-1.045,-0.002761,-0.2348,0.0,0
1370350,Chennai Super Kings,Gujarat Titans,2023-05-23,"MA Chidambaram Stadium, Chepauk, Chennai",Gujarat Titans,field,1549.9415,1607.7932,-57.8516,-47.7924,0.1365,-0.002787,-0.014652,-0.257,-2.144,-0.257,-0.002939,-0.1469,-0.2,1
1370351,Mumbai Indians,Lucknow Super Giants,2023-05-24,"MA Chidambaram Stadium, Chepauk, Chennai",Mumbai Indians,bat,1553.5062,1558.8549,-5.3487,-50.7513,1.3014,0.046614,-0.042496,-1.0783,-1.9296,-1.0783,-0.00037,-0.0386,0.0,1
1370352,Gujarat Titans,Mumbai Indians,2023-05-26,"Narendra Modi Stadium, Ahmedabad",Mumbai Indians,field,1596.1433,1563.6601,32.4832,45.4925,-0.7768,-0.036073,0.002506,1.3699,2.1392,1.3699,0.01084,0.1395,-0.2,1
1370353,Gujarat Titans,Chennai Super Kings,2023-05-29,"Narendra Modi Stadium, Ahmedabad",Chennai Super Kings,field,1605.2111,1561.5914,43.6197,46.1662,0.1471,0.016761,0.013706,-0.0593,2.0759,-0.0593,0.004128,0.1306,-0.2,0
1422119,Royal Challengers Bengaluru,Chennai Super Kings,2024-03-22,"MA Chidambaram Stadium, Chepauk, Chennai",Royal Challengers Bengaluru,bat,1500.0,1572.8403,-72.8403,-7.6532,-8.8798,-0.18554,-0.289199,8.3929,-0.3108,8.3929,-0.057935,-0.0901,-0.3,0
1422120,Delhi Capitals,Punjab Kings,2024-03-23,"Maharaja Yadavindra Singh International Cricket Stadium, Mullanpur",Punjab Kings,field,1510.9765,1495.3291,15.6474,-21.7059,-1.266,-0.039038,0.019182,1.2278,-0.3732,1.2278,0.009672,0.0611,0.2,0
1422121,Kolkata Knight Riders,Sunrisers Hyderabad,2024-03-23,"Eden Gardens, Kolkata",Sunrisers Hyderabad,field,1509.9043,1444.602,65.3024,-3.3355,-0.1807,0.004574,0.067597,0.0858,-0.0683,0.0858,0.006983,0.0292,0.4,1
1422122,Rajasthan Royals,Lucknow Super Giants,2024-03-24,"Sawai Mansingh Stadium, Jaipur",Rajasthan Royals,bat,1521.4383,1548.7009,-27.2626,-44.9683,0.7891,0.039245,-0.011477,-0.4827,-2.0217,-0.4827,-0.00602,-0.0837,-0.2,1
1422123,Gujarat Titans,Mumbai Indians,2024-03-24,"Narendra Modi Stadium, Ahmedabad",Mumbai Indians,field,1593.9621,1554.5923,39.3698,45.3925,-0.1724,-0.016204,-0.031737,0.8581,1.9858,0.8581,0.016434,0.1291,0.0,1
1422124,Punjab Kings,Royal Challengers Bengaluru,2024-03-25,"M Chinnaswamy Stadium, Bengaluru",Royal Challengers Bengaluru,field,1505.7791,1492.0663,13.7128,-118.6512,1.0025,0.027637,-0.000739,-0.3548,-2.7674,-0.3548,0.008786,0.4651,0.4,0
1422125,Chennai Super Kings,Gujarat Titans,2024-03-26,"MA Chidambaram Stadium, Chepauk, Chennai",Gujarat Titans,field,1580.774,1602.8338,-22.0598,-43.0676,0.057,-0.013063,-0.013031,0.115,-1.901,0.115,-0.008293,-0.114,0.2,1
1422126,Sunrisers Hyderabad,Mumbai Indians,2024-03-27,"Rajiv Gandhi International Stadium, Uppal, Hyderabad",Mumbai Indians,field,1436.4597,1545.7207,-109.261,3.1302,-0.8279,-0.04255,-0.010388,0.1127,0.0936,0.1127,-0.002841,-0.0871,-0.4,1
1422127,Rajasthan Royals,Delhi Capitals,2024-03-28,"Sawai Mansingh Stadium, Jaipur",Delhi Capitals,field,1532.2214,1500.5264,31.695,-12.4856,0.8817,0.031683,-0.025344,-0.4921,-0.5711,-0.4921,-0.004374,-0.0017,0.4,1
1422128,Royal Challengers Bengaluru,Kolkata Knight Riders,2024-03-29,"M Chinnaswamy Stadium, Bengaluru",Kolkata Knight Riders,field,1502.4608,1518.0466,-15.5858,152.9573,-0.1667,0.005158,-0.032895,0.049,4.7521,0.049,-0.007685,-0.0128,-0.1,0
1422129,Lucknow Super Giants,Punjab Kings,2024-03-30,"Bharat Ratna Shri Atal Bihari Vajpayee Ekana Cricket Stadium, Lucknow",Lucknow Super Giants,bat,1537.9178,1495.3846,42.5332,10.4015,-1.1722,-0.040491,0.035008,1.1444,0.85,1.1444,0.006209,0.1122,0.2,1
1422130,Sunrisers Hyderabad,Gujarat Titans,2024-03-31,"Narendra Modi Stadium, Ahmedabad",Sunrisers Hyderabad,bat,1449.5047,1592.1997,-142.695,-38.515,0.1496,0.002064,0.003709,-0.7217,-1.7564,-0.7217,-0.017881,-0.204,-0.2,0
1422131,Delhi Capitals,Chennai Super Kings,2024-03-31,"Dr. Y.S. Rajasekhara Reddy ACA-VDCA Cricket Stadium, Visakhapatnam",Delhi Capitals,bat,1491.4362,1591.4081,-99.9719,13.0167,-0.8905,-0.006679,0.074337,-0.4416,0.4727,-0.4416,-0.007764,-0.0938,-0.8,1
1422132,Mumbai Indians,Rajasthan Royals,2024-04-01,"Wankhede Stadium, Mumbai",Rajasthan Royals,field,1532.6756,1541.3117,-8.6361,-0.4959,0.6149,0.015315,-0.01537,-0.6716,-0.0627,-0.6716,-0.003637,0.0559,-0.4,0
1422133,Lucknow Super Giants,Royal Challengers Bengaluru,2024-04-02,"M Chinnaswamy Stadium, Bengaluru",Royal Challengers Bengaluru,field,1546.6997,1492.9091,53.7906,-114.9032,-0.2979,-0.012987,0.02272,0.8313,-2.3333,0.8313,0.012671,0.2473,0.2667,1
1422134,Kolkata Knight Riders,Delhi Capitals,2024-04-03,"Dr. Y.S. Rajasekhara Reddy ACA-VDCA Cricket Stadium, Visakhapatnam",Kolkata Knight Riders,bat,1527.5983,1504.2367,23.3616,-13.5671,0.5727,0.014054,-0.007775,-0.4182,-0.5194,-0.4182,0.00128,0.0084,0.2,1
1422135,Gujarat Titans,Punjab Kings,2024-04-04,"Narendra Modi Stadium, Ahmedabad",Punjab Kings,field,1598.309,1486.6028,111.7062,10.2389,0.108,-0.009208,-0.044805,0.5989,0.7055,0.5989,0.013187,0.25,0.4,0
1422136,Chennai Super Kings,Sunrisers Hyderabad,2024-04-05,"Rajiv Gandhi International Stadium, Uppal, Hyderabad",Sunrisers Hyderabad,field,1578.6075,1443.3955,135.212,-3.7653,-0.4843,-0.024535,-0.008037,1.6707,0.0113,1.6707,0.016244,0.1123,0.6,0
1422137,Royal Challengers Bengaluru,Rajasthan Royals,2024-04-06,"Sawai Mansingh Stadium, Jaipur",Rajasthan Royals,field,1484.4451,1551.0631,-66.6181,152.4069,-0.6666,-0.027777,0.009319,-0.7404,4.2304,-0.7404,-0.007679,-0.2598,-0.55,0
1422138,Mumbai Indians,Delhi Capitals,2024-04-07,"Wankhede Stadium, Mumbai",Delhi Capitals,field,1522.9241,1494.9081,28.016,-13.0951,0.8683,0.022741,-0.029662,-0.1977,-0.5578,-0.1977,-0.004473,0.061,0.0,1
1422139,Lucknow Super Giants,Gujarat Titans,2024-04-07,"Bharat Ratna Shri Atal Bihari Vajpayee Ekana Cricket Stadium, Lucknow",Lucknow Super Giants,bat,1555.1638,1585.2002,-30.0365,3.4467,-0.5284,-0.010097,0.071323,0.4183,0.1436,0.4183,-0.006122,-0.0819,0.2,1
1426260,Kolkata Knight Riders,Chennai Super Kings,2024-04-08,"MA Chidambaram Stadium, Chepauk, Chennai",Chennai Super Kings,field,1536.9269,1564.9011,-27.9742,0.2242,0.4683,0.03394,0.041681,-0.953,-0.0208,-0.953,0.000705,-0.0716,0.2,0
1426261,Sunrisers Hyderabad,Punjab Kings,2024-04-09,"Maharaja Yadavindra Singh International Cricket Stadium, Mullanpur",Punjab Kings,field,1457.1019,1499.7115,-42.6096,-27.5157,0.3224,-0.003154,-0.025249,-0.3373,-0.9343,-0.3373,-0.007178,0.0254,0.0,1
1426262,Rajasthan Royals,Gujarat Titans,2024-04-10,"Sawai Mansingh Stadium, Jaipur",Gujarat Titans,field,1559.1689,1574.3378,-15.169,-36.9157,0.2146,0.026251,0.054726,0.2509,-1.6147,0.2509,-0.016432,-0.1457,0.6,0
1426263,Royal Challengers Bengaluru,Mumbai Indians,2024-04-11,"Wankhede Stadium, Mumbai",Mumbai Indians,field,1476.3393,1532.1195,-55.7802,155.0478,-1.2155,-0.042901,-0.001423,0.1897,4.1733,0.1897,-0.009879,-0.3628,0.0,0
1426264,Lucknow Super Giants,Delhi Capitals,2024-04-12,"Bharat Ratna Shri Atal Bihari Vajpayee Ekana Cricket Stadium, Lucknow",Lucknow Super Giants,bat,1566.0261,1485.7127,80.3134,25.9828,-0.5884,-0.034073,0.001142,1.2531,1.2532,1.2531,0.006085,0.1124,0.4,0
1426265,Punjab Kings,Rajasthan Royals,2024-04-13,"Maharaja Yadavindra Singh International Cricket Stadium, Mullanpur",Rajasthan Royals,field,1488.4913,1549.6052,-61.114,29.8781,0.0294,0.007088,-0.000757,-0.6925,1.0309,-0.6925,0.004099,-0.0629,-0.4,0
1426266,Lucknow Super Giants,Kolkata Knight Riders,2024-04-14,"Eden Gardens, Kolkata",Kolkata Knight Riders,field,1553.7548,1527.7303,26.0245,39.8772,-0.5738,-0.02689,-0.011123,0.1213,1.5452,0.1213,-0.001172,0.0734,0.0,0
1426267,Chennai Super Kings,Mumbai Indians,2024-04-14,"Wankhede Stadium, Mumbai",Mumbai Indians,field,1574.0976,1540.5277,33.57,-0.081,-0.8793,-0.051666,-0.045263,1.5588,0.0613,1.5588,0.006433,0.0258,0.2,1
1426268,Sunrisers Hyderabad,Royal Challengers Bengaluru,2024-04-15,"M Chinnaswamy Stadium, Bengaluru",Royal Challengers Bengaluru,field,1468.3222,1467.9312,0.3911,-155.2555,0.949,0.022586,-0.037275,0.1318,-3.9032,0.1318,-0.000374,0.3183,0.4,1
1426269,Kolkata Knight Riders,Rajasthan Royals,2024-04-16,"Eden Gardens, Kolkata",Rajasthan Royals,field,1538.478,1557.8641,-19.3861,-0.6276,-0.1536,-0.001998,0.014199,-0.2551,-0.0348,-0.2551,0.004135,0.0047,0.0,0
1426270,Gujarat Titans,Delhi Capitals,2024-04-17,"Narendra Modi Stadium, Ahmedabad",Delhi Capitals,field,1583.9015,1497.984,85.9175,23.266,0.2947,-0.00925,-0.074133,0.5194,0.8917,0.5194,0.004244,0.1667,0.0,0
1426271,Mumbai Indians,Punjab Kings,2024-04-18,"Maharaja Yadavindra Singh International Cricket Stadium, Mullanpur",Punjab Kings,field,1531.4909,1480.2323,51.2586,-28.2111,0.7953,0.022447,-0.003104,-0.7709,-1.1164,-0.7709,-0.006771,0.1247,0.2,1
1426272,Chennai Super Kings,Lucknow Super Giants,2024-04-19,"Bharat Ratna Shri Atal Bihari Vajpayee Ekana Cricket Stadium, Lucknow",Lucknow Super Giants,field,1583.1344,1543.0072,40.1272,-38.0053,0.7555,0.019662,-0.044078,0.3825,-1.4578,0.3825,0.002225,0.0207,0.0,0
1426273,Sunrisers Hyderabad,Delhi Capitals,2024-04-20,"Arun Jaitley Stadium, Delhi",Delhi Capitals,field,1478.311,1510.4077,-32.0967,-8.2236,1.029,0.01595,-0.065091,-0.5952,-0.4984,-0.5952,-0.012489,-0.0181,0.2,1
1426274,Kolkata Knight Riders,Royal Challengers Bengaluru,2024-04-21,"Eden Gardens, Kolkata",Royal Challengers Bengaluru,field,1529.0354,1457.9424,71.093,-170.8368,-0.0006,0.005154,0.01636,1.526,-3.7364,1.526,0.019951,0.3717,0.6,1
1426275,Punjab Kings,Gujarat Titans,2024-04-21,"Maharaja Yadavindra Singh International Cricket Stadium, Mullanpur",Punjab Kings,bat,1471.6971,1571.4778,-99.7808,-5.4082,0.3621,0.024418,0.029911,0.19,-0.2531,0.19,-0.003285,-0.2214,-0.2,0
1426276,Mumbai Indians,Rajasthan Royals,2024-04-22,"Sawai Mansingh Stadium, Jaipur",Mumbai Indians,bat,1540.0262,1567.3067,-27.2806,-0.3922,0.5099,0.019568,-0.005119,-1.268,-0.0541,-1.268,0.001515,0.0496,-0.2,0
1426277,Chennai Super Kings,Lucknow Super Giants,2024-04-23,"MA Chidambaram Stadium, Chepauk, Chennai",Lucknow Super Giants,field,1571.9846,1554.157,17.8275,-36.2934,0.9808,0.028919,-0.043893,0.2054,-1.4193,0.2054,0.000394,0.0062,-0.2,0
1426278,Delhi Capitals,Gujarat Titans,2024-04-24,"Arun Jaitley Stadium, Delhi",Gujarat Titans,field,1499.4865,1578.6823,-79.1958,-18.9756,0.7457,0.043274,0.047068,-0.921,-0.8536,-0.921,-0.007164,-0.1585,0.0,1
1426279,Royal Challengers Bengaluru,Sunrisers Hyderabad,2024-04-25,"Rajiv Gandhi International Stadium, Uppal, Hyderabad",Royal Challengers Bengaluru,bat,1449.9605,1489.2322,-39.2716,170.4512,-0.8924,-0.015988,0.049475,-0.5195,3.9186,-0.5195,-0.009964,-0.3661,-0.8,1
1426280,Kolkata Knight Riders,Punjab Kings,2024-04-26,"Eden Gardens, Kolkata",Punjab Kings,field,1537.0173,1464.4925,72.5247,-26.3467,0.6235,0.02665,-0.007521,-0.1945,-1.025,-0.1945,0.003745,0.0967,0.4,0
1426281,Delhi Capitals,Mumbai Indians,2024-04-27,"Arun Jaitley Stadium, Delhi",Mumbai Indians,field,1511.7273,1530.8097,-19.0825,12.8444,-0.1893,0.002259,0.017455,-0.283,0.544,-0.283,0.004147,-0.0558,0.0,1
1426282,Lucknow Super Giants,Rajasthan Royals,2024-04-27,"Bharat Ratna Shri Atal Bihari Vajpayee Ekana Cricket Stadium, Lucknow",Rajasthan Royals,field,1564.6697,1576.5231,-11.8534,35.9197,-0.5546,-0.024095,-0.000684,-0.1896,1.3202,-0.1896,-0.000507,0.0779,-0.2,0
1426283,Gujarat Titans,Royal Challengers Bengaluru,2024-04-28,"Narendra Modi Stadium, Ahmedabad",Royal Challengers Bengaluru,field,1566.4416,1461.0861,105.3555,-146.254,-1.0892,-0.042288,-0.00158,1.1476,-3.2143,1.1476,0.014218,0.4207,0.2,0
1426284,Chennai Super Kings,Sunrisers Hyderabad,2024-04-28,"MA Chidambaram Stadium, Chepauk, Chennai",Sunrisers Hyderabad,field,1561.4719,1478.1066,83.3653,-4.3192,-1.1221,-0.038688,0.018804,1.3847,-0.0654,1.3847,0.003156,0.0988,-0.4,1
1426285,Delhi Capitals,Kolkata Knight Riders,2024-04-29,"Eden Gardens, Kolkata",Delhi Capitals,bat,1522.276,1524.9596,-2.6837,13.4567,0.0282,-0.001928,0.010828,-0.5905,0.5553,-0.5905,0.001613,-0.0026,0.4,0
1426286,Mumbai Indians,Lucknow Super Giants,2024-04-30,"Bharat Ratna Shri Atal Bihari Vajpayee Ekana Cricket Stadium, Lucknow",Lucknow Super Giants,field,1520.2611,1555.0107,-34.7497,-35.5495,1.1904,0.049227,0.003675,-1.3639,-1.2713,-1.3639,-0.004814,-0.0194,0.0,0
1426287,Chennai Super Kings,Punjab Kings,2024-05-01,"MA Chidambaram Stadium, Chepauk, Chennai",Punjab Kings,field,1569.1175,1476.5502,92.5673,-26.6272,0.3411,-0.000905,-0.043138,0.5696,-1.1018,0.5696,-0.008635,0.1573,0.4,0
1426288,Sunrisers Hyderabad,Rajasthan Royals,2024-05-02,"Rajiv Gandhi International Stadium, Uppal, Hyderabad",Sunrisers Hyderabad,bat,1470.4611,1586.1821,-115.721,3.0868,0.7797,0.015613,-0.028576,-1.5011,0.0216,-1.5011,-0.005811,-0.0336,-0.2,1
1426289,Kolkata Knight Riders,Mumbai Indians,2024-05-03,"Wankhede Stadium, Mumbai",Mumbai Indians,field,1534.8824,1511.2579,23.6245,0.4639,0.4953,0.030463,-0.004321,0.3465,0.0759,0.3465,0.013528,-0.0408,0.4,1
1426290,Gujarat Titans,Royal Challengers Bengaluru,2024-05-04,"M Chinnaswamy Stadium, Bengaluru",Royal Challengers Bengaluru,field,1553.4989,1474.0288,79.47,-148.6116,-1.4324,-0.051844,0.011663,0.9559,-3.1744,0.9559,0.012005,0.3279,0.0,0
1426291,Chennai Super Kings,Punjab Kings,2024-05-05,"Himachal Pradesh Cricket Association Stadium, Dharamsala",Punjab Kings,field,1556.5145,1489.1532,67.3613,-25.5577,0.0396,-0.008347,-0.032293,0.5818,-1.1005,0.5818,-0.009686,0.1439,0.0,1
1426292,Kolkata Knight Riders,Lucknow Super Giants,2024-05-05,"Bharat Ratna Shri Atal Bihari Vajpayee Ekana Cricket Stadium, Lucknow",Lucknow Super Giants,field,1544.2035,1564.0139,-19.8104,-35.276,1.351,0.066003,0.016101,-0.6937,-1.114,-0.6937,0.014429,-0.0712,0.0,1
1426293,Sunrisers Hyderabad,Mumbai Indians,2024-05-06,"Wankhede Stadium, Mumbai",Mumbai Indians,field,1483.6739,1501.9368,-18.263,4.3475,0.7224,0.011457,-0.035866,-0.1965,0.1205,-0.1965,0.000204,-0.0667,0.4,0
1426294,Delhi Capitals,Rajasthan Royals,2024-05-07,"Arun Jaitley Stadium, Delhi",Rajasthan Royals,field,1512.3532,1572.9693,-60.6161,12.1785,0.3253,0.026302,0.03481,-1.3555,0.4991,-1.3555,0.006727,-0.0107,-0.2,1
1426295,Lucknow Super Giants,Sunrisers Hyderabad,2024-05-08,"Rajiv Gandhi International Stadium, Uppal, Hyderabad",Lucknow Super Giants,bat,1553.4443,1474.199,79.2453,29.9555,-1.3126,-0.036976,0.026929,1.0999,1.1013,1.0999,0.001952,0.0895,0.2,0
1426296,Royal Challengers Bengaluru,Punjab Kings,2024-05-09,"Himachal Pradesh Cricket Association Stadium, Dharamsala",Punjab Kings,field,1486.2771,1481.0681,5.209,135.6655,1.1646,0.037168,-0.045428,-0.9841,3.3156,-0.9841,-0.014321,-0.0704,0.2,1
1426297,Gujarat Titans,Chennai Super Kings,2024-05-10,"Narendra Modi Stadium, Ahmedabad",Chennai Super Kings,field,1541.2506,1564.5996,-23.349,27.8234,-0.8095,-0.019665,0.036342,-1.229,0.9698,-1.229,-0.001257,0.0256,-0.2,1
1426298,Kolkata Knight Riders,Mumbai Indians,2024-05-11,"Eden Gardens, Kolkata",Mumbai Indians,field,1554.773,1511.4117,43.3614,0.9509,0.9711,0.038527,-0.023829,0.081,0.0603,0.081,0.011709,-0.0364,0.6,1
1426299,Rajasthan Royals,Chennai Super Kings,2024-05-12,"MA Chidambaram Stadium, Chepauk, Chennai",Rajasthan Royals,bat,1561.2421,1553.9286,7.3136,0.9464,0.4482,0.022921,0.020108,-0.235,0.0622,-0.235,0.005086,-0.0713,0.2,0
1426300,Royal Challengers Bengaluru,Delhi Capitals,2024-05-12,"M Chinnaswamy Stadium, Bengaluru",Delhi Capitals,field,1496.1272,1524.0804,-27.9532,138.5814,0.3054,-0.004998,-0.039571,-0.0085,3.7693,-0.0085,-0.011378,-0.0949,0.2,1
1426302,Delhi Capitals,Lucknow Super Giants,2024-05-14,"Arun Jaitley Stadium, Delhi",Lucknow Super Giants,field,1513.2776,1541.2022,-27.9246,-19.1921,1.2823,0.063094,0.027501,-0.8691,-0.4292,-0.8691,0.014833,-0.0553,0.2,1
1426303,Rajasthan Royals,Punjab Kings,2024-05-15,"Barsapara Cricket Stadium, Guwahati",Rajasthan Royals,bat,1551.0317,1471.218,79.8137,-23.1374,0.2182,0.001224,-0.019337,0.3814,-1.0237,0.3814,-0.007363,0.0858,0.0,0
1426305,Lucknow Super Giants,Mumbai Indians,2024-05-17,"Wankhede Stadium, Mumbai",Mumbai Indians,field,1530.4002,1502.6533,27.7469,31.9522,-0.8155,-0.044277,-0.025024,-0.2222,0.8374,-0.2222,-0.014716,-0.0071,0.0,1
1426306,Royal Challengers Bengaluru,Chennai Super Kings,2024-05-18,"M Chinnaswamy Stadium, Bengaluru",Chennai Super Kings,field,1506.93,1564.139,-57.209,139.8729,1.3743,0.04905,-0.009408,-1.3304,4.5352,-1.3304,0.006877,-0.1257,0.4,1
1426307,Punjab Kings,Sunrisers Hyderabad,2024-05-19,"Rajiv Gandhi International Stadium, Uppal, Hyderabad",Punjab Kings,bat,1483.4756,1486.4411,-2.9655,19.5871,-1.1647,-0.023802,0.047365,0.5924,0.993,0.5924,0.013454,-0.0521,0.2,0
1426309,Sunrisers Hyderabad,Kolkata Knight Riders,2024-05-21,"Narendra Modi Stadium, Ahmedabad",Sunrisers Hyderabad,bat,1496.3558,1563.5314,-67.1756,3.1413,0.2226,-0.019445,-0.033751,-0.59,0.0114,-0.59,-0.021149,-0.031,-0.2,0
1426310,Royal Challengers Bengaluru,Rajasthan Royals,2024-05-22,"Narendra Modi Stadium, Ahmedabad",Rajasthan Royals,field,1518.5619,1538.774,-20.2121,133.2991,1.5209,0.046233,-0.050004,-0.7972,4.3004,-0.7972,0.007014,-0.0093,0.8,0
1426311,Sunrisers Hyderabad,Rajasthan Royals,2024-05-24,"MA Chidambaram Stadium, Chepauk, Chennai",Rajasthan Royals,field,1488.2655,1548.1929,-59.9274,2.5232,1.13,0.028893,-0.029513,-1.1196,0.0138,-1.1196,-0.005927,-0.023,0.4,1
1426312,Sunrisers Hyderabad,Kolkata Knight Riders,2024-05-26,"MA Chidambaram Stadium, Chepauk, Chennai",Sunrisers Hyderabad,bat,1499.9735,1571.6217,-71.6482,3.3549,0.2554,-0.023415,-0.041222,-0.8515,-0.0023,-0.8515,-0.020486,-0.0329,-0.4,0
1473438,Kolkata Knight Riders,Royal Challengers Bengaluru,2025-03-22,"Eden Gardens, Kolkata",Royal Challengers Bengaluru,field,1579.5882,1509.143,70.4453,-124.7717,-0.3403,0.014897,0.037309,0.9211,-4.0599,0.9211,0.016756,0.0596,0.2,0
1473439,Sunrisers Hyderabad,Rajasthan Royals,2025-03-23,"Rajiv Gandhi International Stadium, Uppal, Hyderabad",Rajasthan Royals,field,1492.0069,1536.485,-44.4781,1.6849,0.521,0.003552,-0.022451,-0.7415,-0.02,-0.7415,-0.00882,-0.0205,0.4,1
1473440,Mumbai Indians,Chennai Super Kings,2025-03-23,"MA Chidambaram Stadium, Chepauk, Chennai",Chennai Super Kings,field,1493.4502,1552.5071,-59.057,-0.7292,0.2094,0.025521,0.052481,-0.8308,0.0117,-0.8308,0.007446,-0.0322,-0.2,0
1473441,Lucknow Super Giants,Delhi Capitals,2025-03-24,"Dr. Y.S. Rajasekhara Reddy ACA-VDCA Cricket Stadium, Visakhapatnam",Delhi Capitals,field,1539.6033,1524.0796,15.5237,18.3486,-1.1202,-0.051225,-0.017803,-0.1425,0.1244,-0.1425,-0.026077,0.0467,-0.2,0
1473442,Punjab Kings,Gujarat Titans,2025-03-25,"Narendra Modi Stadium, Ahmedabad",Gujarat Titans,field,1473.561,1551.9216,-78.3606,-6.6849,0.2642,0.01826,0.038353,0.3217,0.077,0.3217,0.009901,-0.1936,0.0,1
1473443,Rajasthan Royals,Kolkata Knight Riders,2025-03-26,"Barsapara Cricket Stadium, Guwahati",Kolkata Knight Riders,field,1525.2117,1567.588,-42.3763,1.0069,-1.035,-0.046216,0.017611,-0.4524,-0.0323,-0.4524,-0.01921,-0.0173,-0.6,0
1473444,Sunrisers Hyderabad,Lucknow Super Giants,2025-03-27,"Rajiv Gandhi International Stadium, Uppal, Hyderabad",Lucknow Super Giants,field,1503.2802,1529.1567,-25.8766,-29.5192,0.2783,0.006369,0.000405,0.2964,-0.8112,0.2964,-0.00037,-0.0539,0.4,0
1473445,Royal Challengers Bengaluru,Chennai Super Kings,2025-03-28,"MA Chidambaram Stadium, Chepauk, Chennai",Chennai Super Kings,field,1521.1432,1560.8235,-39.6803,115.4665,1.7493,0.06566,-0.017424,-0.6756,4.2012,-0.6756,0.012966,-0.0865,0.2,1
1473446,Gujarat Titans,Mumbai Indians,2025-03-29,"Narendra Modi Stadium, Ahmedabad",Mumbai Indians,field,1539.7037,1485.1338,54.5699,30.6473,0.1991,-0.006356,-0.042007,-0.571,0.9119,-0.571,-0.00424,0.0583,0.0,1
1473447,Sunrisers Hyderabad,Delhi Capitals,2025-03-30,"Dr. Y.S. Rajasekhara Reddy ACA-VDCA Cricket Stadium, Visakhapatnam",Sunrisers Hyderabad,bat,1494.0236,1534.5261,-40.5025,-10.7419,-0.5231,-0.035216,-0.016798,-0.2682,-0.632,-0.2682,-0.025734,-0.028,-0.2,0
1473448,Rajasthan Royals,Chennai Super Kings,2025-03-30,"Barsapara Cricket Stadium, Guwahati",Chennai Super Kings,field,1516.4254,1549.6864,-33.261,0.7188,0.1125,0.01942,0.051295,-0.5524,0.0311,-0.5524,0.001838,-0.0794,-0.2,1
1473449,Kolkata Knight Riders,Mumbai Indians,2025-03-31,"Wankhede Stadium, Mumbai",Mumbai Indians,field,1576.3743,1476.6917,99.6827,0.6233,1.4098,0.054857,-0.035632,0.5436,0.0705,0.5436,0.016128,-0.0222,0.6,0
1473450,Lucknow Super Giants,Punjab Kings,2025-04-01,"Bharat Ratna Shri Atal Bihari Vajpayee Ekana Cricket Stadium, Lucknow",Punjab Kings,field,1538.4133,1485.7789,52.6344,8.338,0.1212,-0.001992,-0.029969,-0.6404,-0.0281,-0.6404,-0.011043,0.117,0.0,0
1473451,Royal Challengers Bengaluru,Gujarat Titans,2025-04-02,"M Chinnaswamy Stadium, Bengaluru",Gujarat Titans,field,1532.2804,1548.1458,-15.8655,75.8611,1.5437,0.054108,-0.031775,0.9692,3.3642,0.9692,0.016515,-0.0876,0.4,0
1473452,Kolkata Knight Riders,Sunrisers Hyderabad,2025-04-03,"Eden Gardens, Kolkata",Sunrisers Hyderabad,field,1563.5814,1485.1841,78.3974,-3.1472,0.0994,0.019361,0.023569,1.3928,0.0489,1.3928,0.026577,0.0378,0.2,1
1473453,Lucknow Super Giants,Mumbai Indians,2025-04-04,"Bharat Ratna Shri Atal Bihari Vajpayee Ekana Cricket Stadium, Lucknow",Mumbai Indians,field,1526.9099,1489.4845,37.4253,31.8288,0.7239,0.017234,-0.045249,-1.1606,0.8332,-1.1606,-0.012932,-0.0065,0.2,1
1473454,Delhi Capitals,Chennai Super Kings,2025-04-05,"MA Chidambaram Stadium, Chepauk, Chennai",Delhi Capitals,bat,1543.3656,1538.732,4.6336,12.9456,1.3173,0.065122,0.023256,-0.9738,0.6322,-0.9738,0.015693,-0.0594,0.4,1
1473455,Rajasthan Royals,Punjab Kings,2025-04-05,"Maharaja Yadavindra Singh International Cricket Stadium, Mullanpur",Punjab Kings,field,1527.3798,1497.2823,30.0975,-22.6523,-0.8203,-0.031206,0.010715,0.1299,-0.9512,0.1299,-0.010879,0.0585,-0.2,1
1473457,Sunrisers Hyderabad,Gujarat Titans,2025-04-06,"Rajiv Gandhi International Stadium, Uppal, Hyderabad",Gujarat Titans,field,1477.403,1557.6895,-80.2865,-27.1774,0.1109,0.004992,0.018595,-0.2257,-0.9095,-0.2257,-0.010087,-0.1415,-0.4,0
1473458,Royal Challengers Bengaluru,Mumbai Indians,2025-04-07,"Wankhede Stadium, Mumbai",Mumbai Indians,field,1522.7367,1480.5576,42.1791,96.9042,1.5138,0.041054,-0.06828,0.5776,3.7203,0.5776,-0.001473,-0.0479,0.4,1
1473456,Lucknow Super Giants,Kolkata Knight Riders,2025-04-08,"Eden Gardens, Kolkata",Kolkata Knight Riders,field,1535.8368,1571.3625,-35.5257,30.6039,-0.0906,-0.012875,-0.021599,-2.3023,0.7624,-2.3023,-0.031146,0.0273,0.0,1
1473459,Punjab Kings,Chennai Super Kings,2025-04-08,"Maharaja Yadavindra Singh International Cricket Stadium, Mullanpur",Punjab Kings,bat,1488.1465,1528.8653,-40.7189,22.7585,1.0254,0.054762,0.036506,-0.9441,0.8606,-0.9441,0.000371,-0.1385,0.4,1
1473460,Gujarat Titans,Rajasthan Royals,2025-04-09,"Narendra Modi Stadium, Ahmedabad",Rajasthan Royals,field,1565.419,1536.5157,28.9032,27.0551,0.4192,0.008639,-0.040095,-0.33,0.9518,-0.33,0.004652,0.1236,0.4,1
1473461,Royal Challengers Bengaluru,Delhi Capitals,2025-04-10,"M Chinnaswamy Stadium, Bengaluru",Delhi Capitals,field,1531.5286,1553.2322,-21.7036,77.4303,0.2765,0.002075,-0.010795,1.2349,3.0069,1.2349,-0.001699,-0.0012,-0.2,0
1473462,Chennai Super Kings,Kolkata Knight Riders,2025-04-11,"MA Chidambaram Stadium, Chepauk, Chennai",Kolkata Knight Riders,field,1517.6987,1560.3436,-42.6449,0.2586,-1.151,-0.067696,-0.044427,-0.6554,-0.0403,-0.6554,-0.019264,0.053,-0.2,0
1473463,Gujarat Titans,Lucknow Super Giants,2025-04-12,"Bharat Ratna Shri Atal Bihari Vajpayee Ekana Cricket Stadium, Lucknow",Lucknow Super Giants,field,1574.589,1546.8558,27.7332,-0.5,0.1817,-0.000859,-0.040591,0.9886,0.1742,0.9886,0.008785,0.0775,0.2,0
1473464,Punjab Kings,Sunrisers Hyderabad,2025-04-12,"Rajiv Gandhi International Stadium, Uppal, Hyderabad",Punjab Kings,bat,1499.3131,1469.6736,29.6396,21.2664,0.5954,0.021871,-0.010843,0.0788,0.8483,0.0788,0.012967,-0.0309,0.4,0
1473465,Rajasthan Royals,Royal Challengers Bengaluru,2025-04-13,"Sawai Mansingh Stadium, Jaipur",Royal Challengers Bengaluru,field,1527.3457,1522.1525,5.1932,-83.5023,-1.2243,-0.038228,0.038353,-0.5407,-3.4149,-0.5407,-0.010861,0.0068,-0.2,0
1473466,Mumbai Indians,Delhi Capitals,2025-04-13,"Arun Jaitley Stadium, Delhi",Delhi Capitals,field,1471.7657,1562.6084,-90.8427,-14.3841,-1.3808,-0.039137,0.072166,0.5157,-0.5437,0.5157,-0.000217,0.0132,-0.8,1
1473467,Lucknow Super Giants,Chennai Super Kings,2025-04-14,"Bharat Ratna Shri Atal Bihari Vajpayee Ekana Cricket Stadium, Lucknow",Chennai Super Kings,field,1557.6523,1508.92,48.7324,30.6885,1.5987,0.069003,0.002771,-1.4095,0.8499,-1.4095,-0.004944,-0.003,0.8,0
1473468,Punjab Kings,Kolkata Knight Riders,2025-04-15,"Maharaja Yadavindra Singh International Cricket Stadium, Mullanpur",Punjab Kings,bat,1488.4621,1569.1223,-80.6602,23.2139,-0.0266,-0.013416,-0.027122,-1.7581,0.7075,-1.7581,-0.018643,-0.0831,0.0,1
1473470,Sunrisers Hyderabad,Mumbai Indians,2025-04-17,"Wankhede Stadium, Mumbai",Mumbai Indians,field,1480.5246,1484.3223,-3.7977,3.2593,0.3571,0.000387,-0.039753,-1.1209,-0.052,-1.1209,-0.024948,-0.0638,-0.2,0
1473471,Royal Challengers Bengaluru,Punjab Kings,2025-04-18,"M Chinnaswamy Stadium, Bengaluru",Punjab Kings,field,1532.3019,1500.7428,31.5591,59.3633,0.1895,-0.001101,-0.013288,0.8966,2.2058,0.8966,0.004074,0.0722,0.0,0
1473472,Delhi Capitals,Gujarat Titans,2025-04-19,"Narendra Modi Stadium, Ahmedabad",Gujarat Titans,field,1550.0517,1563.7924,-13.7407,-16.7311,-0.0319,0.008126,0.021186,0.1707,-0.3916,0.1707,0.00929,-0.1006,0.0,0
1473473,Lucknow Super Giants,Rajasthan Royals,2025-04-19,"Sawai Mansingh Stadium, Jaipur",Lucknow Super Giants,bat,1546.2588,1517.1962,29.0626,29.4971,1.1603,0.040873,-0.01477,-1.0275,0.8077,-1.0275,-0.000821,0.0555,0.2,1
1473474,Punjab Kings,Royal Challengers Bengaluru,2025-04-20,"Maharaja Yadavindra Singh International Cricket Stadium, Mullanpur",Royal Challengers Bengaluru,field,1511.6487,1521.3961,-9.7474,-50.1342,0.4355,0.019549,-0.012567,-1.0418,-1.8477,-1.0418,0.00064,-0.0397,0.2,0
1473475,Chennai Super Kings,Mumbai Indians,2025-04-20,"Wankhede Stadium, Mumbai",Mumbai Indians,field,1520.3135,1494.213,26.1004,0.2474,-0.9164,-0.053657,-0.037256,-0.0428,-0.0337,-0.0428,-0.012158,0.0269,-0.4,0
1473476,Gujarat Titans,Kolkata Knight Riders,2025-04-21,"Eden Gardens, Kolkata",Kolkata Knight Riders,field,1573.3971,1556.8415,16.5556,29.7019,0.5855,-0.005067,-0.093006,-1.5197,0.9395,-1.5197,-0.013755,0.111,0.4,1
1473477,Lucknow Super Giants,Delhi Capitals,2025-04-22,"Bharat Ratna Shri Atal Bihari Vajpayee Ekana Cricket Stadium, Lucknow",Delhi Capitals,field,1555.4243,1540.447,14.9773,17.5763,0.2586,0.008977,0.028344,-0.4563,0.4245,-0.4563,-0.007924,0.0473,0.2,0
1473478,Sunrisers Hyderabad,Mumbai Indians,2025-04-23,"Rajiv Gandhi International Stadium, Uppal, Hyderabad",Mumbai Indians,field,1470.6339,1504.9629,-34.329,2.8475,-0.2619,-0.014677,-0.017091,-0.9831,-0.0156,-0.9831,-0.016451,-0.0698,-0.4,0
1473479,Royal Challengers Bengaluru,Rajasthan Royals,2025-04-24,"M Chinnaswamy Stadium, Bengaluru",Rajasthan Royals,field,1531.1156,1508.0308,23.0848,65.4709,0.5291,0.016596,-0.004989,0.5714,2.3096,0.5714,0.003621,0.0195,0.2,1
1473480,Chennai Super Kings,Sunrisers Hyderabad,2025-04-25,"MA Chidambaram Stadium, Chepauk, Chennai",Sunrisers Hyderabad,field,1509.5637,1461.6188,47.9449,-2.6353,-0.8439,-0.044505,-0.018405,0.8019,-0.0191,0.8019,0.005885,0.0953,0.0,0
1473482,Mumbai Indians,Lucknow Super Giants,2025-04-27,"Wankhede Stadium, Mumbai",Lucknow Super Giants,field,1513.978,1544.9935,-31.0155,-28.9438,-0.2597,-0.00032,0.022152,0.6016,-0.81,0.6016,0.012522,-0.0051,0.2,1
1473483,Delhi Capitals,Royal Challengers Bengaluru,2025-04-27,"Arun Jaitley Stadium, Delhi",Royal Challengers Bengaluru,field,1550.8778,1540.4521,10.4256,-50.3671,0.5245,0.011141,-0.044379,-0.3765,-1.8049,-0.3765,0.004507,-0.0154,0.0,0
1473484,Gujarat Titans,Rajasthan Royals,2025-04-28,"Sawai Mansingh Stadium, Jaipur",Rajasthan Royals,field,1582.921,1498.6942,84.2268,27.0116,0.8147,0.021595,-0.05999,0.4712,1.0851,0.4712,0.012754,0.1415,0.6,0
1473485,Kolkata Knight Riders,Delhi Capitals,2025-04-29,"Arun Jaitley Stadium, Delhi",Delhi Capitals,field,1547.3177,1540.5778,6.7399,-12.3598,-0.409,0.00756,0.078076,0.8564,-0.4169,0.8564,0.008146,0.0008,0.0,1
1473486,Chennai Super Kings,Punjab Kings,2025-04-30,"MA Chidambaram Stadium, Chepauk, Chennai",Punjab Kings,field,1498.1924,1501.9292,-3.7368,-19.9799,-1.436,-0.05721,0.008596,-0.0276,-0.7048,-0.0276,-0.002369,0.1183,-0.4,0
1473487,Mumbai Indians,Rajasthan Royals,2025-05-01,"Sawai Mansingh Stadium, Jaipur",Rajasthan Royals,field,1524.8683,1511.0721,13.7962,-1.5448,0.1813,0.01131,-0.004847,1.0131,0.0453,1.0131,0.018968,0.0521,0.8,1
1473488,Gujarat Titans,Sunrisers Hyderabad,2025-05-02,"Narendra Modi Stadium, Ahmedabad",Sunrisers Hyderabad,field,1570.5432,1472.99,97.5531,26.4633,1.2629,0.024595,-0.092049,0.8363,0.9733,0.8363,0.009193,0.1483,0.2,1
1473489,Royal Challengers Bengaluru,Chennai Super Kings,2025-05-03,"M Chinnaswamy Stadium, Bengaluru",Chennai Super Kings,field,1550.7521,1488.2999,62.4522,59.828,1.1475,0.048811,-0.00529,0.6204,2.2842,0.6204,0.003412,-0.0091,0.6,1
1473490,Kolkata Knight Riders,Rajasthan Royals,2025-05-04,"Eden Gardens, Kolkata",Kolkata Knight Riders,bat,1557.1237,1501.469,55.6547,-1.9923,-0.4936,-0.00407,0.029983,1.6545,0.0621,1.6545,0.023705,0.0234,0.2,1
1473491,Punjab Kings,Lucknow Super Giants,2025-05-04,"Himachal Pradesh Cricket Association Stadium, Dharamsala",Lucknow Super Giants,field,1511.8216,1534.1031,-22.2815,-7.0275,0.3,0.008469,-0.022315,0.0781,-0.137,0.0781,0.005775,-0.0857,0.2,1
1473493,Mumbai Indians,Gujarat Titans,2025-05-06,"Wankhede Stadium, Mumbai",Gujarat Titans,field,1534.4714,1577.8069,-43.3354,-27.954,-0.2002,0.011521,0.065955,0.5809,-0.887,0.5809,0.013104,-0.0804,0.4,0
1473494,Kolkata Knight Riders,Chennai Super Kings,2025-05-07,"Eden Gardens, Kolkata",Kolkata Knight Riders,bat,1565.5354,1480.0783,85.457,-0.4419,0.6003,0.039931,0.040899,0.8296,0.0382,0.8296,0.011793,-0.0415,0.4,0
1473497,Punjab Kings,Rajasthan Royals,2025-05-18,"Sawai Mansingh Stadium, Jaipur",Punjab Kings,bat,1522.4621,1493.0573,29.4048,19.0433,0.6383,0.018636,-0.032643,0.0539,0.7456,0.0539,0.017998,-0.0281,0.6,1
1473498,Delhi Capitals,Gujarat Titans,2025-05-18,"Arun Jaitley Stadium, Delhi",Gujarat Titans,field,1530.7718,1586.566,-55.7942,-14.1867,-0.1205,0.001265,0.022259,-0.3135,-0.5339,-0.3135,-0.002239,-0.1274,-0.6,0
1473499,Lucknow Super Giants,Sunrisers Hyderabad,2025-05-19,"Bharat Ratna Shri Atal Bihari Vajpayee Ekana Cricket Stadium, Lucknow",Sunrisers Hyderabad,field,1523.4627,1465.7263,57.7364,23.6029,0.1634,0.002614,0.00822,0.3851,0.6943,0.3851,-0.003704,0.0583,-0.2,0
1473500,Chennai Super Kings,Rajasthan Royals,2025-05-20,"Arun Jaitley Stadium, Delhi",Rajasthan Royals,field,1492.4896,1483.9016,8.588,-1.1379,-0.9697,-0.043851,-0.013825,0.281,0.0076,0.281,0.008302,0.0729,0.0,0
1473501,Mumbai Indians,Delhi Capitals,2025-05-21,"Wankhede Stadium, Mumbai",Delhi Capitals,field,1525.7123,1522.364,3.3483,-11.4657,0.3151,0.02206,0.033675,0.7825,-0.2916,0.7825,0.019648,0.0437,0.6,1
1473502,Lucknow Super Giants,Gujarat Titans,2025-05-22,"Narendra Modi Stadium, Ahmedabad",Gujarat Titans,field,1511.816,1594.9738,-83.1578,0.1701,-0.6431,-0.015131,0.078405,-0.9916,-0.2677,-0.9916,-0.013984,-0.1218,-0.6,1
1473503,Sunrisers Hyderabad,Royal Challengers Bengaluru,2025-05-23,"Bharat Ratna Shri Atal Bihari Vajpayee Ekana Cricket Stadium, Lucknow",Royal Challengers Bengaluru,field,1477.373,1558.9737,-81.6008,-56.1728,-0.3712,-0.017931,-0.009767,-1.1559,-2.0167,-1.1559,-0.003011,-0.0954,-0.4,1
1485779,Punjab Kings,Delhi Capitals,2025-05-24,"Sawai Mansingh Stadium, Jaipur",Delhi Capitals,field,1531.6177,1512.4604,19.1574,8.9364,0.5679,0.017686,0.003467,-0.2921,0.4097,-0.2921,0.011363,-0.0275,0.6,0
1473504,Chennai Super Kings,Gujarat Titans,2025-05-25,"Narendra Modi Stadium, Ahmedabad",Chennai Super Kings,bat,1482.2424,1582.625,-100.3826,-25.5612,-1.3845,-0.04346,0.074201,-0.3388,-0.8244,-0.3388,-0.006396,-0.0716,-0.4,1
1473505,Sunrisers Hyderabad,Kolkata Knight Riders,2025-05-25,"Arun Jaitley Stadium, Delhi",Sunrisers Hyderabad,bat,1489.6794,1553.1242,-63.4448,2.7937,0.1101,-0.007499,-0.037197,-1.154,0.0406,-1.154,-0.010364,-0.0391,0.2,1
1473506,Mumbai Indians,Punjab Kings,2025-05-26,"Sawai Mansingh Stadium, Jaipur",Punjab Kings,field,1535.6159,1521.0669,14.549,-19.1861,0.1301,0.019516,0.01583,1.2151,-0.6082,1.2151,0.012676,0.085,0.2,0
1473507,Lucknow Super Giants,Royal Challengers Bengaluru,2025-05-27,"Bharat Ratna Shri Atal Bihari Vajpayee Ekana Cricket Stadium, Lucknow",Royal Challengers Bengaluru,field,1524.1648,1546.6673,-22.5025,-29.1059,0.3556,0.005387,-0.012169,-0.6288,-1.166,-0.6288,-0.004616,-0.0199,-0.6,0
1473508,Punjab Kings,Royal Challengers Bengaluru,2025-05-29,"Maharaja Yadavindra Singh International Cricket Stadium, Mullanpur",Royal Challengers Bengaluru,field,1531.4854,1556.0205,-24.5351,-35.9498,0.3976,0.00717,-0.017103,-0.0053,-1.1796,-0.0053,0.0058,-0.0931,0.0,0
1473509,Mumbai Indians,Gujarat Titans,2025-05-30,"Maharaja Yadavindra Singh International Cricket Stadium, New Chandigarh",Mumbai Indians,bat,1525.1974,1569.8136,-44.6161,-24.6852,0.0355,0.023822,0.067121,1.36,-0.6798,1.36,0.015755,-0.0736,0.0,1
1473510,Mumbai Indians,Punjab Kings,2025-06-01,"Narendra Modi Stadium, Ahmedabad",Punjab Kings,field,1536.4746,1522.1904,14.2842,-17.2493,0.2518,0.013532,0.001297,1.1947,-0.5993,1.1947,0.006587,0.0837,0.0,0
1473511,Royal Challengers Bengaluru,Punjab Kings,2025-06-03,"Narendra Modi Stadium, Ahmedabad",Punjab Kings,field,1565.3155,1532.6013,32.7142,32.831,-0.032,0.001117,-0.003437,-0.0362,1.1535,-0.0362,-0.006964,0.1073,0.2,1
1527674,Sunrisers Hyderabad,Royal Challengers Bengaluru,2026-03-28,"M Chinnaswamy Stadium, Bengaluru",Royal Challengers Bengaluru,field,1501.4854,1574.3767,-72.8913,-45.9401,-0.1072,-0.003172,0.008367,-0.4696,-1.7492,-0.4696,0.002784,-0.1131,0.0,0
1527675,Kolkata Knight Riders,Mumbai Indians,2026-03-29,"Wankhede Stadium, Mumbai",Mumbai Indians,field,1541.3181,1526.0637,15.2544,-0.5425,-0.8082,-0.017906,0.058697,-0.9315,-0.0017,-0.9315,-0.001545,-0.0319,0.0,0
1527676,Chennai Super Kings,Rajasthan Royals,2026-03-30,"Barsapara Cricket Stadium, Guwahati",Rajasthan Royals,field,1495.0539,1494.1487,0.9051,-0.8838,-0.762,-0.030462,-0.004229,0.2713,-0.006,0.2713,0.006843,0.0702,0.0,0
1527677,Gujarat Titans,Punjab Kings,2026-03-31,"Maharaja Yadavindra Singh International Cricket Stadium, New Chandigarh",Punjab Kings,field,1558.5364,1523.5401,34.9963,7.0555,0.1171,-0.007034,-0.055315,-0.6086,-0.0389,-0.6086,-0.015201,0.1445,0.0,0
1527678,Lucknow Super Giants,Delhi Capitals,2026-04-01,"Bharat Ratna Shri Atal Bihari Vajpayee Ekana Cricket Stadium, Lucknow",Delhi Capitals,field,1514.8116,1523.0112,-8.1996,15.4165,0.3886,0.010344,0.02523,-0.9494,0.4274,-0.9494,0.002282,0.0163,0.0,0
1527679,Sunrisers Hyderabad,Kolkata Knight Riders,2026-04-02,"Eden Gardens, Kolkata",Kolkata Knight Riders,field,1493.5532,1530.8793,-37.3262,3.2463,0.4168,0.00405,-0.043691,-0.3575,0.0808,-0.3575,0.000253,-0.0348,0.2,1
1527680,Chennai Super Kings,Punjab Kings,2026-04-03,"MA Chidambaram Stadium, Chepauk, Chennai",Punjab Kings,field,1485.0278,1534.544,-49.5162,-17.909,-1.1119,-0.032663,0.032219,0.0285,-0.6444,0.0285,-0.007662,0.0862,-0.2,0
1527681,Mumbai Indians,Delhi Capitals,2026-04-04,"Arun Jaitley Stadium, Delhi",Delhi Capitals,field,1536.5024,1532.7752,3.7272,-9.703,0.9852,0.035857,-0.009281,0.5383,-0.3162,0.5383,0.010744,0.0398,0.2,0
1527682,Rajasthan Royals,Gujarat Titans,2026-04-04,"Narendra Modi Stadium, Ahmedabad",Rajasthan Royals,bat,1504.1748,1547.5325,-43.3578,-22.5812,0.0525,0.016724,0.065798,0.2633,-0.6678,0.2633,-0.003889,-0.1066,0.2,1
1527683,Sunrisers Hyderabad,Lucknow Super Giants,2026-04-05,"Rajiv Gandhi International Stadium, Uppal, Hyderabad",Lucknow Super Giants,field,1504.6234,1505.0476,-0.4242,-20.3811,0.9549,0.032603,-0.045629,-0.092,-0.5062,-0.092,0.020891,-0.0302,0.6,0
1527684,Royal Challengers Bengaluru,Chennai Super Kings,2026-04-05,"M Chinnaswamy Stadium, Bengaluru",Chennai Super Kings,field,1582.309,1476.4434,105.8656,47.1831,0.827,0.028642,-0.040706,0.2565,1.9911,0.2565,0.013732,0.0494,0.4,1
1527686,Rajasthan Royals,Mumbai Indians,2026-04-07,"Barsapara Cricket Stadium, Guwahati",Mumbai Indians,field,1515.4163,1526.3952,-10.9789,0.8095,0.1058,0.006102,0.025402,-0.929,-0.0185,-0.929,-0.015075,-0.0505,0.2,1
1527687,Gujarat Titans,Delhi Capitals,2026-04-08,"Arun Jaitley Stadium, Delhi",Delhi Capitals,field,1536.291,1542.8825,-6.5915,13.1638,0.5451,0.006781,-0.04399,-0.783,0.2897,-0.783,-0.003297,0.0772,-0.6,1
1527688,Kolkata Knight Riders,Lucknow Super Giants,2026-04-09,"Eden Gardens, Kolkata",Lucknow Super Giants,field,1519.8091,1515.0354,4.7738,-23.2403,0.3181,0.021464,0.010876,-0.1592,-0.6663,-0.1592,0.008749,-0.0082,-0.2,0
1527689,Royal Challengers Bengaluru,Rajasthan Royals,2026-04-10,"Barsapara Cricket Stadium, Guwahati",Rajasthan Royals,field,1589.3529,1525.7322,63.6207,49.5679,0.0809,-0.007961,-0.066878,0.1711,2.0226,0.1711,0.010321,0.1207,0.2,0
1527690,Sunrisers Hyderabad,Punjab Kings,2026-04-11,"Maharaja Yadavindra Singh International Cricket Stadium, New Chandigarh",Punjab Kings,field,1494.6356,1543.1284,-48.4928,-15.2741,-0.3544,-0.016863,-0.012962,0.1803,-0.4854,0.1803,0.008823,-0.002,0.0,0
1527691,Chennai Super Kings,Delhi Capitals,2026-04-11,"MA Chidambaram Stadium, Chepauk, Chennai",Delhi Capitals,field,1469.3996,1532.6928,-63.2932,-9.3614,0.105,0.001773,0.009034,-0.8081,-0.3482,-0.8081,-0.00349,0.0467,-0.4,1
1527692,Lucknow Super Giants,Gujarat Titans,2026-04-12,"Bharat Ratna Shri Atal Bihari Vajpayee Ekana Cricket Stadium, Lucknow",Gujarat Titans,field,1525.1727,1546.4807,-21.308,0.1413,-0.4922,-0.008853,0.050857,0.4572,0.0579,0.4572,0.001563,-0.0699,0.4,0
1527693,Royal Challengers Bengaluru,Mumbai Indians,2026-04-12,"Wankhede Stadium, Mumbai",Mumbai Indians,field,1577.5419,1516.0793,61.4626,49.5682,0.5894,0.014938,-0.044563,-0.6729,1.9269,-0.6729,0.004331,0.0554,0.4,1
1529264,Sunrisers Hyderabad,Rajasthan Royals,2026-04-13,"Rajiv Gandhi International Stadium, Uppal, Hyderabad",Rajasthan Royals,field,1486.0223,1537.5431,-51.5208,2.2296,-0.6163,-0.034967,-0.026685,0.0106,0.0834,0.0106,0.007317,-0.0243,-0.6,1
1529265,Chennai Super Kings,Kolkata Knight Riders,2026-04-14,"MA Chidambaram Stadium, Chepauk, Chennai",Kolkata Knight Riders,field,1481.2014,1509.6717,-28.4703,1.042,0.2781,0.006804,-0.018459,-0.2482,-0.0429,-0.2482,-0.008681,0.0477,0.4,1
1529266,Lucknow Super Giants,Royal Challengers Bengaluru,2026-04-15,"M Chinnaswamy Stadium, Bengaluru",Royal Challengers Bengaluru,field,1515.7853,1585.7911,-70.0058,-27.0308,-1.5709,-0.043451,0.080053,0.2053,-1.1345,0.2053,-0.01363,-0.093,-0.4,0
1529267,Mumbai Indians,Punjab Kings,2026-04-16,"Wankhede Stadium, Mumbai",Punjab Kings,field,1507.8301,1551.7417,-43.9116,-18.2537,-0.3266,-0.006668,-0.008364,0.194,-0.5845,0.194,-8.7e-05,0.0554,-0.6,0
1529268,Kolkata Knight Riders,Gujarat Titans,2026-04-17,"Narendra Modi Stadium, Ahmedabad",Kolkata Knight Riders,bat,1498.8541,1555.8682,-57.0141,-21.8546,-0.5523,-0.011538,0.047834,-0.2886,-0.6591,-0.2886,0.00721,-0.0961,-0.4,0
1529269,Royal Challengers Bengaluru,Delhi Capitals,2026-04-18,"M Chinnaswamy Stadium, Bengaluru",Delhi Capitals,field,1593.803,1520.891,72.912,37.4855,1.7165,0.049642,-0.075104,-0.671,1.4522,-0.671,0.014069,0.119,0.2,0
1529270,Sunrisers Hyderabad,Chennai Super Kings,2026-04-18,"Rajiv Gandhi International Stadium, Uppal, Hyderabad",Chennai Super Kings,field,1497.4944,1492.019,5.4754,2.7792,0.6669,0.009974,-0.029942,0.1437,0.1603,0.1437,0.015571,-0.08,0.0,1
1529271,Rajasthan Royals,Kolkata Knight Riders,2026-04-19,"Eden Gardens, Kolkata",Rajasthan Royals,bat,1526.071,1490.4805,35.5905,0.7461,1.1986,0.04208,-0.002683,0.3606,0.0462,0.3606,0.005566,-0.0071,0.8,0
1529272,Punjab Kings,Lucknow Super Giants,2026-04-19,"Maharaja Yadavindra Singh International Cricket Stadium, New Chandigarh",Lucknow Super Giants,field,1560.4845,1507.7734,52.7111,-3.8692,1.1558,0.032343,-0.039969,0.0794,-0.1078,0.0794,0.003139,-0.0161,0.4,1
1529273,Mumbai Indians,Gujarat Titans,2026-04-20,"Narendra Modi Stadium, Ahmedabad",Gujarat Titans,field,1499.0873,1564.2418,-65.1545,-20.516,0.4364,0.015597,0.007515,-0.2887,-0.7775,-0.2887,-0.006638,-0.0686,-0.4,1
1529274,Sunrisers Hyderabad,Delhi Capitals,2026-04-21,"Rajiv Gandhi International Stadium, Uppal, Hyderabad",Delhi Capitals,field,1507.3369,1532.9593,-25.6224,-5.8763,1.3638,0.035696,-0.048553,-0.5059,-0.1577,-0.5059,0.018082,-0.027,0.0,1
1529275,Rajasthan Royals,Lucknow Super Giants,2026-04-22,"Bharat Ratna Shri Atal Bihari Vajpayee Ekana Cricket Stadium, Lucknow",Lucknow Super Giants,field,1515.0502,1499.279,15.7712,-20.995,0.5521,0.020519,0.001572,0.4564,-0.5762,0.4564,0.009921,-0.0058,0.2,1
1529276,Chennai Super Kings,Mumbai Indians,2026-04-23,"Wankhede Stadium, Mumbai",Mumbai Indians,field,1482.1766,1510.9409,-28.7643,0.5684,-0.4592,-0.011868,0.01745,0.1597,0.0519,0.1597,0.005641,0.0141,0.2,1
1529277,Gujarat Titans,Royal Challengers Bengaluru,2026-04-24,"M Chinnaswamy Stadium, Bengaluru",Royal Challengers Bengaluru,field,1552.3882,1581.7347,-29.3465,-24.9545,-1.2932,-0.03381,0.05357,-0.2242,-0.995,-0.2242,-0.009758,-0.005,0.0,0
1529278,Delhi Capitals,Punjab Kings,2026-04-25,"Arun Jaitley Stadium, Delhi",Delhi Capitals,bat,1522.2231,1568.9788,-46.7557,-7.914,-1.1547,-0.034444,0.013264,0.1004,-0.2179,0.1004,-0.003721,0.0029,-0.6,0
1529279,Rajasthan Royals,Sunrisers Hyderabad,2026-04-25,"Sawai Mansingh Stadium, Jaipur",Sunrisers Hyderabad,field,1524.5966,1518.073,6.5236,-3.2608,-0.8784,-0.020257,0.053372,0.4721,-0.0753,0.4721,-0.002836,0.0143,0.0,0
1529280,Chennai Super Kings,Gujarat Titans,2026-04-26,"MA Chidambaram Stadium, Chepauk, Chennai",Gujarat Titans,field,1493.0026,1543.2308,-50.2282,-18.381,0.291,0.011818,0.015804,0.8037,-0.6536,0.8037,0.007952,-0.0328,0.0,0
1529282,Delhi Capitals,Royal Challengers Bengaluru,2026-04-27,"Arun Jaitley Stadium, Delhi",Royal Challengers Bengaluru,field,1513.5608,1590.892,-77.3312,-33.4966,-1.1493,-0.029326,0.056463,-0.3905,-1.2989,-0.3905,-0.014961,-0.1169,-0.4,0
1529283,Punjab Kings,Rajasthan Royals,2026-04-28,"Maharaja Yadavindra Singh International Cricket Stadium, New Chandigarh",Rajasthan Royals,field,1577.6412,1514.4088,63.2323,17.2249,0.7403,0.018116,-0.030918,-0.6091,0.3758,-0.6091,-0.019537,0.0107,0.6,0
1529284,Mumbai Indians,Sunrisers Hyderabad,2026-04-29,"Wankhede Stadium, Mumbai",Mumbai Indians,bat,1500.1149,1528.2607,-28.1459,-4.1572,-1.1703,-0.037544,0.028555,-0.5528,-0.2105,-0.5528,-0.022743,0.0539,-0.6,0
1529285,Royal Challengers Bengaluru,Gujarat Titans,2026-04-30,"Narendra Modi Stadium, Ahmedabad",Gujarat Titans,field,1598.7023,1551.7951,46.9072,20.4381,1.4659,0.038503,-0.054626,0.6919,0.9241,0.6919,0.008217,0.0287,0.2,0
1529286,Rajasthan Royals,Delhi Capitals,2026-05-01,"Sawai Mansingh Stadium, Jaipur",Rajasthan Royals,bat,1526.209,1505.7505,20.4584,-8.1705,0.99,0.03401,-0.006343,0.5876,-0.1521,0.5876,0.020722,0.0042,0.2,0
1529287,Mumbai Indians,Chennai Super Kings,2026-05-02,"MA Chidambaram Stadium, Chepauk, Chennai",Mumbai Indians,bat,1490.9232,1484.4383,6.4849,-0.4569,0.646,0.00913,-0.048087,-1.3369,-0.0659,-1.3369,-0.011144,-0.0175,-0.4,0
1529288,Sunrisers Hyderabad,Kolkata Knight Riders,2026-05-03,"Rajiv Gandhi International Stadium, Uppal, Hyderabad",Sunrisers Hyderabad,bat,1537.4524,1501.5013,35.9511,3.9393,1.7237,0.054462,-0.042883,-0.0778,0.1059,-0.0778,0.007527,-0.0182,0.8,0
1529289,Punjab Kings,Gujarat Titans,2026-05-03,"Narendra Modi Stadium, Ahmedabad",Gujarat Titans,field,1565.841,1563.1371,2.704,0.0877,1.4343,0.044019,-0.01187,-0.94,-0.3834,-0.94,-0.015072,-0.1024,0.2,0
1529290,Lucknow Super Giants,Mumbai Indians,2026-05-04,"Wankhede Stadium, Mumbai",Mumbai Indians,field,1489.7326,1480.7366,8.996,20.1168,-0.7026,-0.017484,0.033964,0.8616,0.6998,0.8616,0.006466,-0.0426,0.0,0
1529291,Delhi Capitals,Chennai Super Kings,2026-05-05,"Arun Jaitley Stadium, Delhi",Delhi Capitals,bat,1516.3387,1494.6249,21.7138,9.3012,0.2697,0.002943,-0.026313,-1.2022,0.2169,-1.2022,-0.012363,-0.0591,-0.2,0
1529292,Sunrisers Hyderabad,Punjab Kings,2026-05-06,"Rajiv Gandhi International Stadium, Uppal, Hyderabad",Punjab Kings,field,1526.4213,1555.7632,-29.3419,-15.1746,-0.3432,-0.003359,0.014253,-0.0299,-0.3691,-0.0299,0.010813,-0.0075,0.2,1
1529293,Lucknow Super Giants,Royal Challengers Bengaluru,2026-05-07,"Bharat Ratna Shri Atal Bihari Vajpayee Ekana Cricket Stadium, Lucknow",Royal Challengers Bengaluru,field,1479.4737,1587.3604,-107.8866,-18.8103,-1.3256,-0.036399,0.060206,-0.5578,-0.8974,-0.5578,-0.011028,-0.1231,-0.6,1
1529294,Delhi Capitals,Kolkata Knight Riders,2026-05-08,"Arun Jaitley Stadium, Delhi",Kolkata Knight Riders,field,1505.7145,1512.5324,-6.8179,9.2156,0.1996,0.007202,0.000596,-0.211,0.1572,-0.211,-0.015218,-0.015,-0.2,0
1529295,Gujarat Titans,Rajasthan Royals,2026-05-09,"Sawai Mansingh Stadium, Jaipur",Rajasthan Royals,field,1573.2149,1515.6208,57.5941,16.1437,-1.0018,-0.040374,-0.012371,0.6608,0.7827,0.6608,0.001517,0.1122,0.2,1
1529296,Lucknow Super Giants,Chennai Super Kings,2026-05-10,"MA Chidambaram Stadium, Chepauk, Chennai",Chennai Super Kings,field,1492.4829,1505.2491,-12.7662,18.9385,-0.14,-0.012475,-0.010295,-0.8132,0.5494,-0.8132,-0.009144,-0.0654,-0.4,0
1529297,Mumbai Indians,Royal Challengers Bengaluru,2026-05-10,"Shaheed Veer Narayan Singh International Stadium, Raipur",Royal Challengers Bengaluru,field,1490.9955,1574.3512,-83.3558,-37.9176,-0.6344,-0.020221,0.017069,-1.1905,-1.441,-1.1905,-0.014431,-0.0558,0.0,0
1529298,Punjab Kings,Delhi Capitals,2026-05-11,"Himachal Pradesh Cricket Association Stadium, Dharamsala",Delhi Capitals,field,1544.9207,1495.9108,49.0099,9.0991,1.4837,0.040893,-0.035266,0.1893,0.321,0.1893,0.009544,-0.0017,0.2,0
1529299,Gujarat Titans,Sunrisers Hyderabad,2026-05-12,"Narendra Modi Stadium, Ahmedabad",Sunrisers Hyderabad,field,1581.5722,1537.2638,44.3084,14.0407,-1.1645,-0.042195,0.010095,0.7948,0.7669,0.7948,0.008621,0.1247,0.0,1
1529300,Kolkata Knight Riders,Royal Challengers Bengaluru,2026-05-13,"Shaheed Veer Narayan Singh International Stadium, Raipur",Royal Challengers Bengaluru,field,1522.3362,1581.9971,-59.6608,-36.1917,-0.9267,-0.027879,0.025662,-0.394,-1.2613,-0.394,0.001818,-0.0929,0.0,0
1529301,Punjab Kings,Mumbai Indians,2026-05-14,"Himachal Pradesh Cricket Association Stadium, Dharamsala",Mumbai Indians,field,1533.5193,1483.3496,50.1697,18.5288,1.3567,0.045813,-0.015923,-0.1252,0.4495,-0.1252,-0.002901,-0.0545,0.0,0
1529302,Chennai Super Kings,Lucknow Super Giants,2026-05-15,"Bharat Ratna Shri Atal Bihari Vajpayee Ekana Cricket Stadium, Lucknow",Lucknow Super Giants,field,1514.8818,1482.8501,32.0317,-17.9848,0.6889,0.026525,-0.016458,0.6447,-0.5305,0.6447,0.011333,0.0745,0.6,0
1529303,Kolkata Knight Riders,Gujarat Titans,2026-05-16,"Eden Gardens, Kolkata",Gujarat Titans,field,1514.0367,1590.3038,-76.2671,-17.0773,-0.1149,0.000344,0.021447,-1.0194,-0.9038,-1.0194,-0.018821,-0.1101,-0.4,1
1529304,Royal Challengers Bengaluru,Punjab Kings,2026-05-17,"Himachal Pradesh Cricket Association Stadium, Dharamsala",Punjab Kings,field,1590.2966,1522.0853,68.2113,15.2306,-1.1953,-0.039758,0.012892,1.5258,0.7429,1.5258,0.008093,0.1371,0.6,1
1529305,Rajasthan Royals,Delhi Capitals,2026-05-17,"Arun Jaitley Stadium, Delhi",Delhi Capitals,field,1507.2635,1507.3121,-0.0486,-8.3101,0.6632,0.023409,0.006649,0.4907,-0.0589,0.4907,0.022485,0.0,0.0,0
1529306,Chennai Super Kings,Sunrisers Hyderabad,2026-05-18,"MA Chidambaram Stadium, Chepauk, Chennai",Chennai Super Kings,bat,1503.9625,1528.5323,-24.5698,-2.5509,-0.7881,-0.023421,0.017003,0.6804,-0.0535,0.6804,0.004471,0.0723,0.0,0
1529307,Lucknow Super Giants,Rajasthan Royals,2026-05-19,"Sawai Mansingh Stadium, Jaipur",Rajasthan Royals,field,1493.7695,1497.2649,-3.4954,17.8453,-0.8199,-0.029093,0.009762,0.4481,0.5451,0.4481,-0.006698,0.0021,0.2,0
1529308,Mumbai Indians,Kolkata Knight Riders,2026-05-20,"Eden Gardens, Kolkata",Kolkata Knight Riders,field,1494.7837,1526.1973,-31.4136,-0.2397,0.1775,0.005117,-0.003819,-1.0021,-0.0519,-1.0021,-0.005117,0.0272,-0.4,0
1529309,Gujarat Titans,Chennai Super Kings,2026-05-21,"Narendra Modi Stadium, Ahmedabad",Chennai Super Kings,field,1578.1433,1494.6685,83.4748,16.2052,-0.0304,-0.009922,-0.033258,-0.1648,0.7825,-0.1648,0.00761,0.0537,0.2,1
1529310,Sunrisers Hyderabad,Royal Challengers Bengaluru,2026-05-22,"Rajiv Gandhi International Stadium, Uppal, Hyderabad",Sunrisers Hyderabad,bat,1537.8263,1598.3581,-60.5318,-30.1414,0.5543,0.021476,0.004869,-0.7861,-1.0816,-0.7861,0.002066,-0.1328,0.0,1
1529311,Lucknow Super Giants,Punjab Kings,2026-05-23,"Bharat Ratna Shri Atal Bihari Vajpayee Ekana Cricket Stadium, Lucknow",Punjab Kings,field,1483.8701,1514.0237,-30.1537,1.413,-1.3413,-0.040644,0.047252,0.5478,0.1243,0.5478,0.001701,0.0166,0.4,0
1529312,Rajasthan Royals,Mumbai Indians,2026-05-24,"Wankhede Stadium, Mumbai",Mumbai Indians,field,1507.1643,1485.6854,21.4789,1.3538,0.5264,0.026852,0.01384,-0.2863,0.0356,-0.2863,-0.0017,-0.042,0.0,1
1529313,Delhi Capitals,Kolkata Knight Riders,2026-05-24,"Eden Gardens, Kolkata",Kolkata Knight Riders,field,1517.3107,1535.2956,-17.9849,9.2787,0.0957,0.000603,-0.011515,-1.6439,0.1021,-1.6439,-0.019658,-0.0141,-0.2,1
1535462,Royal Challengers Bengaluru,Gujarat Titans,2026-05-26,"Himachal Pradesh Cricket Association Stadium, Dharamsala",Gujarat Titans,field,1586.6333,1585.7858,0.8475,14.6339,0.2079,0.016152,0.003901,-0.1275,0.2868,-0.1275,-0.019535,-0.008,-0.2,1
1535463,Rajasthan Royals,Sunrisers Hyderabad,2026-05-27,"Maharaja Yadavindra Singh International Cricket Stadium, New Chandigarh",Sunrisers Hyderabad,field,1516.5469,1549.5511,-33.0042,-1.9448,-0.7792,-0.026795,0.038199,-0.4729,-0.0776,-0.4729,-0.005253,0.0045,-0.2,1
1535464,Rajasthan Royals,Gujarat Titans,2026-05-29,"Maharaja Yadavindra Singh International Cricket Stadium, New Chandigarh",Rajasthan Royals,bat,1527.494,1575.8102,-48.3163,-14.7138,0.8699,0.0313,0.00881,-0.5666,-0.7233,-0.5666,-0.014019,-0.1092,0.0,0
1535465,Gujarat Titans,Royal Challengers Bengaluru,2026-05-31,"Narendra Modi Stadium, Ahmedabad",Royal Challengers Bengaluru,field,1584.4285,1596.6089,-12.1804,-15.5085,-0.1794,-0.006767,0.005392,-0.25,-0.3374,-0.25,0.015761,-0.0038,-0.2,0
